as_of_date,cusip,ticker,issuer,sector,rating,coupon,maturity,price,price_date,accrued,yield_pct,oas,duration,spread_duration,dts,amount_outstanding,market_value,weight_pct
2026-09-30,99001BAA4,QVNE,Quorvane Energy,Energy,BBB,4.875,2034-01-14,98.882,2026-09-30,1.029,5.059,83,6.0,6.0,498.0,2400000000,2397864000.0,0.2076
2026-09-30,99001BAB2,QVNE,Quorvane Energy,Energy,BBB,5.75,2035-08-08,101.558,2026-09-30,0.831,5.524,122,6.834,6.834,833.7,1750000000,1791807500.0,0.1551
2026-09-30,99001BAC0,QVNE,Quorvane Energy,Energy,BBB,5.0,2041-01-22,93.261,2026-09-30,0.944,5.694,123,9.848,9.848,1211.3,300000000,282615000.0,0.0245
2026-09-30,99001BAD8,QVNE,Quorvane Energy,Energy,BBB,3.875,2027-09-17,99.355,2026-09-30,0.14,4.565,88,0.933,0.933,82.1,2350000000,2338132500.0,0.2024
2026-09-30,99001BAE6,QVNE,Quorvane Energy,Energy,BBB,5.375,2034-10-02,98.976,2026-09-30,2.658,5.535,127,6.256,6.256,794.5,1550000000,1575327000.0,0.1364
2026-09-30,99001BAF3,QVNE,Quorvane Energy,Energy,BBB,5.25,2045-02-05,91.884,2026-09-30,0.802,5.984,146,11.257,11.257,1643.5,2250000000,2085435000.0,0.1805
2026-09-30,99002CAA1,DNMR,Dunmarrow Rail,Transportation,BB+,5.875,2034-12-12,96.834,2026-09-30,1.762,6.375,210,6.277,6.277,1318.2,350000000,345086000.0,0.0299
2026-09-30,99002CAB9,DNMR,Dunmarrow Rail,Transportation,BB+,5.25,2047-06-05,89.056,2026-09-30,1.677,6.195,165,11.764,11.764,1941.1,1300000000,1179529000.0,0.1021
2026-09-30,99002CAC7,DNMR,Dunmarrow Rail,Transportation,BB+,5.25,2028-10-28,99.704,2026-09-30,2.217,5.4,158,1.902,1.902,300.5,1650000000,1681696500.0,0.1456
2026-09-30,99002CAD5,DNMR,Dunmarrow Rail,Transportation,BB+,6.375,2034-09-05,102.574,2026-09-30,0.443,5.962,170,6.16,6.16,1047.2,1500000000,1545255000.0,0.1338
2026-09-30,99002CAE3,DNMR,Dunmarrow Rail,Transportation,BB+,4.875,2035-11-07,92.961,2026-09-30,1.936,5.884,157,7.029,7.029,1103.6,1300000000,1233661000.0,0.1068
2026-09-30,99002CAF0,DNMR,Dunmarrow Rail,Transportation,BB+,8.25,2053-07-08,118.349,2026-09-30,1.879,6.757,218,11.691,11.691,2548.6,2200000000,2645016000.0,0.229
2026-09-30,99003DAA8,PLWK,Pellwick Paper,Materials,A-,5.25,2034-08-24,97.225,2026-09-30,0.525,5.69,143,6.331,6.331,905.3,2200000000,2150500000.0,0.1862
2026-09-30,99003DAB6,PLWK,Pellwick Paper,Materials,A-,6.0,2030-08-12,103.023,2026-09-30,0.8,5.126,113,3.402,3.402,384.4,1950000000,2024548500.0,0.1753
2026-09-30,99003DAC4,PLWK,Pellwick Paper,Materials,A-,5.75,2038-02-14,102.06,2026-09-30,0.735,5.503,111,8.249,8.249,915.6,1450000000,1490527500.0,0.129
2026-09-30,99003DAD2,PLWK,Pellwick Paper,Materials,A-,5.875,2035-01-18,103.887,2026-09-30,1.175,5.289,101,6.478,6.478,654.3,1650000000,1733523000.0,0.1501
2026-09-30,99003DAE0,PLWK,Pellwick Paper,Materials,A-,5.125,2035-06-11,95.78,2026-09-30,1.552,5.747,145,6.779,6.779,983.0,850000000,827322000.0,0.0716
2026-09-30,99003DAF7,PLWK,Pellwick Paper,Materials,A-,4.0,2034-11-06,92.771,2026-09-30,1.6,5.1,83,6.66,6.66,552.8,1350000000,1274008500.0,0.1103
2026-09-30,99003DAG5,PLWK,Pellwick Paper,Materials,A-,5.125,2027-10-28,100.459,2026-09-30,2.164,4.68,98,1.017,1.017,99.7,450000000,461803500.0,0.04
2026-09-30,99003DAH3,PLWK,Pellwick Paper,Materials,A-,6.125,2042-08-23,104.164,2026-09-30,0.63,5.722,123,10.148,10.148,1248.2,450000000,471573000.0,0.0408
2026-09-30,99004EAA5,HLVF,Halvering Foods,Consumer,B+,6.5,2037-08-16,96.683,2026-09-30,0.794,6.938,256,7.582,7.582,1941.0,1850000000,1803324500.0,0.1561
2026-09-30,99004EAB3,HLVF,Halvering Foods,Consumer,B+,7.625,2053-06-08,88.366,2026-09-30,2.372,8.757,418,10.218,10.218,4271.1,2300000000,2086974000.0,0.1807
2026-09-30,99004EAC1,HLVF,Halvering Foods,Consumer,B+,6.125,2032-06-20,99.461,2026-09-30,1.701,6.236,210,4.684,4.684,983.6,1900000000,1922078000.0,0.1664
2026-09-30,99004EAD9,HLVF,Halvering Foods,Consumer,B+,5.875,2031-06-11,97.56,2026-09-30,1.779,6.483,242,3.964,3.964,959.3,2000000000,1986780000.0,0.172
2026-09-30,99004EAE7,HLVF,Halvering Foods,Consumer,B+,6.125,2031-02-13,99.301,2026-09-30,0.8,6.308,227,3.75,3.75,851.2,1900000000,1901919000.0,0.1647
2026-09-30,99005FAA1,OSTV,Ostrevale Telecom,Telecom,BBB-,6.5,2033-04-01,103.775,2026-09-30,3.232,5.795,161,5.117,5.117,823.8,1150000000,1230580500.0,0.1065
2026-09-30,99005FAB9,OSTV,Ostrevale Telecom,Telecom,BBB-,5.375,2028-10-26,98.72,2026-09-30,2.299,6.039,222,1.887,1.887,418.9,2250000000,2272927500.0,0.1968
2026-09-30,99005FAC7,OSTV,Ostrevale Telecom,Telecom,BBB-,6.75,2028-01-17,101.724,2026-09-30,1.369,5.348,162,1.217,1.217,197.2,450000000,463918500.0,0.0402
2026-09-30,99005FAD5,OSTV,Ostrevale Telecom,Telecom,BBB-,5.625,2029-11-09,100.925,2026-09-30,2.203,5.296,137,2.762,2.762,378.4,1750000000,1804740000.0,0.1562
2026-09-30,99006GAA8,VYRH,Veyrholt Health,Health Care,BB,6.625,2032-01-06,99.811,2026-09-30,1.546,6.665,256,4.32,4.32,1105.9,1350000000,1368319500.0,0.1185
2026-09-30,99006GAB6,VYRH,Veyrholt Health,Health Care,BB,6.0,2033-07-25,99.142,2026-09-30,1.083,6.154,195,5.463,5.463,1065.3,1550000000,1553487500.0,0.1345
2026-09-30,99006GAC4,VYRH,Veyrholt Health,Health Care,BB,7.25,2027-10-02,101.347,2026-09-30,3.585,5.851,216,0.927,0.927,200.2,2200000000,2308504000.0,0.1999
2026-09-30,99006GAD2,VYRH,Veyrholt Health,Health Care,BB,6.5,2050-03-01,92.411,2026-09-30,0.524,7.173,261,11.423,11.423,2981.4,800000000,743480000.0,0.0644
2026-09-30,99006GAE0,VYRH,Veyrholt Health,Health Care,BB,5.875,2029-04-19,99.725,2026-09-30,2.627,5.991,212,2.278,2.278,482.9,2100000000,2149392000.0,0.1861
2026-09-30,99006GAF7,VYRH,Veyrholt Health,Health Care,BB,7.5,2032-02-25,104.002,2026-09-30,0.729,6.605,249,4.385,4.385,1091.9,400000000,418924000.0,0.0363
2026-09-30,99007HAA5,TRNW,Tarnwick Utilities,Utilities,A,5.75,2036-06-21,104.474,2026-09-30,1.581,5.158,82,7.336,7.336,601.6,2350000000,2492292500.0,0.2158
2026-09-30,99007HAB3,TRNW,Tarnwick Utilities,Utilities,A,5.25,2038-07-25,100.817,2026-09-30,0.948,5.156,75,8.662,8.662,649.7,850000000,865002500.0,0.0749
2026-09-30,99007HAC1,TRNW,Tarnwick Utilities,Utilities,A,4.5,2035-08-25,95.634,2026-09-30,0.438,5.116,81,7.177,7.177,581.3,1200000000,1152864000.0,0.0998
2026-09-30,99007HAD9,TRNW,Tarnwick Utilities,Utilities,A,5.25,2040-10-19,96.916,2026-09-30,2.348,5.569,111,9.538,9.538,1058.7,2500000000,2481600000.0,0.2148
2026-09-30,99007HAE7,TRNW,Tarnwick Utilities,Utilities,A,3.75,2027-12-10,99.149,2026-09-30,1.146,4.485,77,1.141,1.141,87.9,2050000000,2056047500.0,0.178
2026-09-30,99007HAF4,TRNW,Tarnwick Utilities,Utilities,A,3.625,2031-02-26,95.457,2026-09-30,0.342,4.78,74,3.994,3.994,295.6,500000000,478995000.0,0.0415
2026-09-30,99007HAG2,TRNW,Tarnwick Utilities,Utilities,A,4.875,2029-03-28,100.162,2026-09-30,0.027,4.805,94,2.323,2.323,218.4,1200000000,1202268000.0,0.1041
2026-09-30,99007HAH0,TRNW,Tarnwick Utilities,Utilities,A,5.375,2034-02-12,102.077,2026-09-30,0.717,5.033,80,6.001,6.001,480.1,1250000000,1284925000.0,0.1112
2026-09-30,99008IAA2,OSMC,Osmere Chemicals,Materials,BBB-,4.625,2034-11-22,94.802,2026-09-30,1.644,5.422,115,6.544,6.544,752.6,1700000000,1639582000.0,0.1419
2026-09-30,99008IAB0,OSMC,Osmere Chemicals,Materials,BBB-,5.25,2032-09-03,97.173,2026-09-30,0.394,5.82,167,4.99,4.99,833.3,2250000000,2195257500.0,0.19
2026-09-30,99008IAC8,OSMC,Osmere Chemicals,Materials,BBB-,5.5,2039-07-03,97.752,2026-09-30,1.329,5.75,132,8.909,8.909,1176.0,500000000,495405000.0,0.0429
2026-09-30,99008IAD6,OSMC,Osmere Chemicals,Materials,BBB-,5.25,2032-07-21,99.982,2026-09-30,1.006,5.252,111,4.903,4.903,544.2,1000000000,1009880000.0,0.0874
2026-09-30,99009JAA9,CLDB,Calderby Retail,Consumer,B,9.5,2034-12-06,62.045,2026-09-30,3.008,18.734,1446,4.513,4.513,6525.8,1450000000,943268500.0,0.0817
2026-09-30,99009JAB7,CLDB,Calderby Retail,Consumer,B,7.25,2034-04-22,95.836,2026-09-30,3.182,7.993,375,5.502,5.502,2063.2,950000000,940671000.0,0.0814
2026-09-30,99009JAC5,CLDB,Calderby Retail,Consumer,B,9.25,2050-06-22,95.248,2026-09-30,2.518,9.765,520,9.019,9.019,4689.9,2050000000,2004203000.0,0.1735
2026-09-30,99009JAD3,CLDB,Calderby Retail,Consumer,B,7.125,2029-04-08,99.56,2026-09-30,3.404,7.318,345,2.195,2.195,757.3,1100000000,1132604000.0,0.0981
2026-09-30,99010KAA3,THAN,Thalostrin Finance,Financials,BBB+,4.875,2035-08-20,96.088,2026-09-30,0.542,5.435,113,7.049,7.049,796.5,1100000000,1062930000.0,0.092
2026-09-30,99010KAB1,THAN,Thalostrin Finance,Financials,BBB+,6.375,2036-08-28,104.091,2026-09-30,0.567,5.825,148,7.3,7.3,1080.4,2500000000,2616450000.0,0.2265
2026-09-30,99010KAC9,THAN,Thalostrin Finance,Financials,BBB+,5.375,2029-07-03,101.353,2026-09-30,1.299,4.842,95,2.51,2.51,238.4,2300000000,2360996000.0,0.2044
2026-09-30,99010KAD7,THAN,Thalostrin Finance,Financials,BBB+,4.625,2031-10-11,98.75,2026-09-30,2.171,4.908,82,4.338,4.338,355.7,750000000,756907500.0,0.0655
2026-09-30,99010KAE5,THAN,Thalostrin Finance,Financials,BBB+,4.5,2034-04-18,95.054,2026-09-30,2.025,5.303,106,6.154,6.154,652.3,1650000000,1601803500.0,0.1387
2026-09-30,99010KAF2,THAN,Thalostrin Finance,Financials,BBB+,4.375,2040-10-19,88.734,2026-09-30,1.957,5.539,108,9.898,9.898,1069.0,1000000000,906910000.0,0.0785
2026-09-30,99010KAG0,THAN,Thalostrin Finance,Financials,BBB+,4.875,2036-08-22,95.9,2026-09-30,0.515,5.415,107,7.669,7.669,820.6,950000000,915942500.0,0.0793
2026-09-30,99010KAH8,THAN,Thalostrin Finance,Financials,BBB+,4.25,2033-11-19,94.9,2026-09-30,1.547,5.111,89,5.95,5.95,529.6,1300000000,1253811000.0,0.1085
2026-09-30,99011LAA0,GALN,Galvostrin Resources,Energy,BBB+,6.0,2038-05-06,106.717,2026-09-30,2.4,5.22,82,8.23,8.23,674.9,1250000000,1363962500.0,0.1181
2026-09-30,99011LAB8,GALN,Galvostrin Resources,Energy,BBB+,3.875,2028-07-28,98.771,2026-09-30,0.667,4.581,79,1.731,1.731,136.7,800000000,795504000.0,0.0689
2026-09-30,99011LAC6,GALN,Galvostrin Resources,Energy,BBB+,3.625,2036-12-06,86.621,2026-09-30,1.148,5.345,99,8.134,8.134,805.3,300000000,263307000.0,0.0228
2026-09-30,99011LAD4,GALN,Galvostrin Resources,Energy,BBB+,4.125,2039-07-12,89.089,2026-09-30,0.894,5.311,88,9.519,9.519,837.7,1500000000,1349745000.0,0.1168
2026-09-30,99012MAA7,HULR,Hulvimer Pipeline,Energy,BBB,5.0,2036-12-10,99.166,2026-09-30,1.528,5.105,75,7.779,7.779,583.4,350000000,352429000.0,0.0305
2026-09-30,99012MAB5,HULR,Hulvimer Pipeline,Energy,BBB,4.25,2032-01-15,96.648,2026-09-30,0.885,4.977,87,4.627,4.627,402.5,2400000000,2340792000.0,0.2026
2026-09-30,99012MAC3,HULR,Hulvimer Pipeline,Energy,BBB,5.125,2050-04-27,93.03,2026-09-30,2.178,5.664,110,12.897,12.897,1418.7,1350000000,1285308000.0,0.1113
2026-09-30,99012MAD1,HULR,Hulvimer Pipeline,Energy,BBB,5.75,2041-08-06,100.15,2026-09-30,0.863,5.734,126,9.82,9.82,1237.3,650000000,656584500.0,0.0568
2026-09-30,99013NAA4,KEZE,Kezerone Paper,Materials,A-,4.875,2034-07-12,98.153,2026-09-30,1.056,5.165,91,6.325,6.325,575.6,1650000000,1636948500.0,0.1417
2026-09-30,99013NAB2,KEZE,Kezerone Paper,Materials,A-,3.5,2027-11-27,99.035,2026-09-30,1.196,4.36,65,1.108,1.108,72.0,1250000000,1252887500.0,0.1085
2026-09-30,99013NAC0,KEZE,Kezerone Paper,Materials,A-,4.125,2034-03-28,93.575,2026-09-30,0.023,5.17,93,6.317,6.317,587.5,1750000000,1637965000.0,0.1418
2026-09-30,99013NAD8,KEZE,Kezerone Paper,Materials,A-,4.875,2048-04-28,92.968,2026-09-30,2.058,5.432,88,12.631,12.631,1111.5,350000000,332591000.0,0.0288
2026-09-30,99013NAE6,KEZE,Kezerone Paper,Materials,A-,6.625,2053-12-07,113.33,2026-09-30,2.08,5.658,108,13.14,13.14,1419.1,2450000000,2827545000.0,0.2448
2026-09-30,99013NAF3,KEZE,Kezerone Paper,Materials,A-,4.0,2037-03-22,91.041,2026-09-30,0.089,5.115,75,8.334,8.334,625.0,1400000000,1275820000.0,0.1104
2026-09-30,99013NAG1,KEZE,Kezerone Paper,Materials,A-,4.0,2035-01-07,92.341,2026-09-30,0.922,5.148,87,6.821,6.821,593.4,850000000,792735500.0,0.0686
2026-09-30,99014OAA1,ELVN,Elvorin Medical,Health Care,BB-,9.0,2034-06-28,107.379,2026-09-30,2.3,7.713,346,5.489,5.489,1899.2,400000000,438716000.0,0.038
2026-09-30,99014OAB9,ELVN,Elvorin Medical,Health Care,BB-,5.625,2029-02-17,98.58,2026-09-30,0.672,6.273,242,2.178,2.178,527.1,1350000000,1339902000.0,0.116
2026-09-30,99014OAC7,ELVN,Elvorin Medical,Health Care,BB-,8.5,2038-05-21,104.799,2026-09-30,3.046,7.861,346,7.214,7.214,2496.0,700000000,754915000.0,0.0654
2026-09-30,99014OAD5,ELVN,Elvorin Medical,Health Care,BB-,4.875,2030-04-14,95.976,2026-09-30,2.248,6.157,219,3.116,3.116,682.4,1650000000,1620696000.0,0.1403
2026-09-30,99015PAA7,PRAE,Praxane Paper,Materials,BB-,4.75,2030-02-08,97.963,2026-09-30,0.686,5.42,147,3.036,3.036,446.3,1550000000,1529059500.0,0.1324
2026-09-30,99015PAB5,PRAE,Praxane Paper,Materials,BB-,7.75,2034-11-12,100.998,2026-09-30,2.971,7.581,331,5.79,5.79,1916.5,2050000000,2131364500.0,0.1845
2026-09-30,99015PAC3,PRAE,Praxane Paper,Materials,BB-,6.375,2031-05-13,100.577,2026-09-30,2.426,6.227,217,3.861,3.861,837.8,2450000000,2523573500.0,0.2185
2026-09-30,99015PAD1,PRAE,Praxane Paper,Materials,BB-,5.875,2035-01-08,94.765,2026-09-30,1.338,6.708,243,6.316,6.316,1534.8,1600000000,1537648000.0,0.1331
2026-09-30,99015PAE9,PRAE,Praxane Paper,Materials,BB-,7.25,2034-12-03,100.394,2026-09-30,2.356,7.183,291,5.957,5.957,1733.5,1850000000,1900875000.0,0.1646
2026-09-30,99016QAA4,CORY,Corvolvey Systems,Technology,BB+,5.625,2029-08-09,101.156,2026-09-30,0.797,5.182,128,2.595,2.595,332.2,850000000,866600500.0,0.075
2026-09-30,99016QAB2,CORY,Corvolvey Systems,Technology,BB+,7.125,2038-05-28,107.14,2026-09-30,2.415,6.252,185,7.821,7.821,1446.9,2250000000,2464987500.0,0.2134
2026-09-30,99016QAC0,CORY,Corvolvey Systems,Technology,BB+,7.875,2031-03-26,108.478,2026-09-30,0.087,5.707,166,3.785,3.785,628.3,550000000,597107500.0,0.0517
2026-09-30,99016QAD8,CORY,Corvolvey Systems,Technology,BB+,7.5,2033-11-25,104.694,2026-09-30,2.604,6.662,244,5.388,5.388,1314.7,1200000000,1287576000.0,0.1115
2026-09-30,99016QAE6,CORY,Corvolvey Systems,Technology,BB+,7.25,2049-06-05,105.044,2026-09-30,2.316,6.809,225,11.088,11.088,2494.8,2250000000,2415600000.0,0.2091
2026-09-30,99016QAF3,CORY,Corvolvey Systems,Technology,BB+,5.125,2028-02-17,100.347,2026-09-30,0.612,4.858,112,1.312,1.312,146.9,1100000000,1110549000.0,0.0961
2026-09-30,99016QAG1,CORY,Corvolvey Systems,Technology,BB+,6.0,2028-08-11,101.618,2026-09-30,0.817,5.075,128,1.735,1.735,222.1,750000000,768262500.0,0.0665
2026-09-30,99016QAH9,CORY,Corvolvey Systems,Technology,BB+,6.25,2052-02-18,99.087,2026-09-30,0.729,6.322,175,12.498,12.498,2187.2,2300000000,2295768000.0,0.1987
2026-09-30,99017RAA1,RULY,Rulvolvey Industrial,Industrials,BBB-,5.375,2028-08-21,100.022,2026-09-30,0.582,5.359,156,1.767,1.767,275.7,1600000000,1609664000.0,0.1394
2026-09-30,99017RAB9,RULY,Rulvolvey Industrial,Industrials,BBB-,7.0,2038-02-12,110.378,2026-09-30,0.933,5.743,135,7.909,7.909,1067.7,350000000,389588500.0,0.0337
2026-09-30,99017RAC7,RULY,Rulvolvey Industrial,Industrials,BBB-,6.25,2046-02-27,103.139,2026-09-30,0.573,5.974,144,11.232,11.232,1617.4,1750000000,1814960000.0,0.1571
2026-09-30,99017RAD5,RULY,Rulvolvey Industrial,Industrials,BBB-,5.875,2028-07-01,101.069,2026-09-30,1.452,5.223,144,1.627,1.627,234.3,1850000000,1896638500.0,0.1642
2026-09-30,99017RAE3,RULY,Rulvolvey Industrial,Industrials,BBB-,5.25,2036-04-20,94.796,2026-09-30,2.333,5.972,164,7.177,7.177,1177.0,2300000000,2233967000.0,0.1934
2026-09-30,99018SAA8,THAR,Thalentor Chemicals,Materials,A,5.125,2038-02-28,99.492,2026-09-30,0.456,5.184,79,8.512,8.512,672.4,1950000000,1948986000.0,0.1687
2026-09-30,99018SAB6,THAR,Thalentor Chemicals,Materials,A,5.625,2038-06-02,100.612,2026-09-30,1.844,5.552,115,8.337,8.337,958.8,1400000000,1434384000.0,0.1242
2026-09-30,99018SAC4,THAR,Thalentor Chemicals,Materials,A,2.875,2031-09-24,91.245,2026-09-30,0.048,4.875,79,4.547,4.547,359.2,450000000,410818500.0,0.0356
2026-09-30,99019TAA5,VYRX,Vyrellix Telecom,Telecom,BB+,7.5,2031-03-13,102.669,2026-09-30,0.354,6.794,275,3.737,3.737,1027.7,1300000000,1339299000.0,0.1159
2026-09-30,99019TAB3,VYRX,Vyrellix Telecom,Telecom,BB+,8.125,2029-07-21,106.153,2026-09-30,1.557,5.717,182,2.47,2.47,449.5,1300000000,1400230000.0,0.1212
2026-09-30,99019TAC1,VYRX,Vyrellix Telecom,Telecom,BB+,5.375,2028-06-23,99.592,2026-09-30,1.448,5.62,184,1.608,1.608,295.9,600000000,606240000.0,0.0525
2026-09-30,99020UAA9,MORE,Morvithe Logistics,Transportation,B,8.375,2033-04-08,105.996,2026-09-30,4.001,7.206,302,4.838,4.838,1461.1,2200000000,2419934000.0,0.2095
2026-09-30,99020UAB7,MORE,Morvithe Logistics,Transportation,B,7.375,2037-10-03,98.912,2026-09-30,3.626,7.522,314,7.163,7.163,2249.2,300000000,307614000.0,0.0266
2026-09-30,99020UAC5,MORE,Morvithe Logistics,Transportation,B,7.5,2031-10-18,102.176,2026-09-30,3.375,6.98,289,4.028,4.028,1164.1,1100000000,1161061000.0,0.1005
2026-09-30,99020UAD3,MORE,Morvithe Logistics,Transportation,B,7.0,2029-02-04,98.722,2026-09-30,1.089,7.599,375,2.1,2.1,787.5,1200000000,1197732000.0,0.1037
2026-09-30,99021VAA6,FESA,Feskundra Systems,Technology,A+,4.125,2037-12-05,91.627,2026-09-30,1.318,5.117,73,8.609,8.609,628.5,2050000000,1905372500.0,0.165
2026-09-30,99021VAB4,FESA,Feskundra Systems,Technology,A+,5.125,2029-02-25,101.256,2026-09-30,0.498,4.565,71,2.231,2.231,158.4,1350000000,1373679000.0,0.1189
2026-09-30,99021VAC2,FESA,Feskundra Systems,Technology,A+,6.0,2037-06-01,106.471,2026-09-30,1.983,5.201,83,7.776,7.776,645.4,2250000000,2440215000.0,0.2113
2026-09-30,99022WAA3,KRIN,Krilorin Logistics,Transportation,BBB-,4.375,2031-04-09,96.009,2026-09-30,2.078,5.38,133,3.951,3.951,525.5,900000000,882783000.0,0.0764
2026-09-30,99022WAB1,KRIN,Krilorin Logistics,Transportation,BBB-,6.875,2029-12-28,105.851,2026-09-30,1.757,4.899,96,2.856,2.856,274.2,1500000000,1614120000.0,0.1397
2026-09-30,99022WAC9,KRIN,Krilorin Logistics,Transportation,BBB-,6.0,2028-02-16,101.524,2026-09-30,0.733,4.838,110,1.303,1.303,143.3,900000000,920313000.0,0.0797
2026-09-30,99022WAD7,KRIN,Krilorin Logistics,Transportation,BBB-,4.875,2032-01-01,98.137,2026-09-30,1.205,5.284,118,4.516,4.516,532.9,350000000,347697000.0,0.0301
2026-09-30,99022WAE5,KRIN,Krilorin Logistics,Transportation,BBB-,6.375,2028-04-24,102.481,2026-09-30,2.763,4.711,95,1.443,1.443,137.1,1550000000,1631282000.0,0.1412
2026-09-30,99023XAA0,DRAA,Dralundra Brands,Consumer,A+,3.75,2030-12-10,97.109,2026-09-30,1.146,4.513,49,3.785,3.785,185.5,650000000,638657500.0,0.0553
2026-09-30,99023XAB8,DRAA,Dralundra Brands,Consumer,A+,4.0,2033-08-16,95.996,2026-09-30,0.489,4.687,48,5.893,5.893,282.9,1250000000,1206062500.0,0.1044
2026-09-30,99023XAC6,DRAA,Dralundra Brands,Consumer,A+,4.5,2036-01-21,97.602,2026-09-30,0.863,4.822,50,7.438,7.438,371.9,400000000,393860000.0,0.0341
2026-09-30,99023XAD4,DRAA,Dralundra Brands,Consumer,A+,5.5,2037-07-13,104.418,2026-09-30,1.176,4.965,59,8.049,8.049,474.9,1350000000,1425519000.0,0.1234
2026-09-30,99024YAA7,VYRE,Vyrerone Metals,Materials,BB+,7.625,2038-04-25,107.283,2026-09-30,3.283,6.709,231,7.538,7.538,1741.3,950000000,1050377000.0,0.0909
2026-09-30,99024YAB5,VYRE,Vyrerone Metals,Materials,BB+,7.375,2030-07-27,105.036,2026-09-30,1.291,5.882,189,3.278,3.278,619.5,1000000000,1063270000.0,0.092
2026-09-30,99024YAC3,VYRE,Vyrerone Metals,Materials,BB+,7.375,2029-11-26,105.469,2026-09-30,2.54,5.461,153,2.741,2.741,419.4,600000000,648054000.0,0.0561
2026-09-30,99024YAD1,VYRE,Vyrerone Metals,Materials,BB+,5.125,2031-08-16,96.475,2026-09-30,0.626,5.967,189,4.214,4.214,796.4,1100000000,1068111000.0,0.0925
2026-09-30,99024YAE9,VYRE,Vyrerone Metals,Materials,BB+,7.625,2035-12-06,109.8,2026-09-30,2.415,6.207,189,6.544,6.544,1236.8,2450000000,2749267500.0,0.238
2026-09-30,99024YAF6,VYRE,Vyrerone Metals,Materials,BB+,7.25,2052-03-20,108.851,2026-09-30,0.201,6.532,196,12.068,12.068,2365.3,550000000,599786000.0,0.0519
2026-09-30,99025ZAA3,KEZR,Kezazor Logistics,Transportation,A,4.75,2033-06-08,98.776,2026-09-30,1.478,4.966,77,5.579,5.579,429.6,2100000000,2105334000.0,0.1823
2026-09-30,99025ZAB1,KEZR,Kezazor Logistics,Transportation,A,4.875,2035-08-24,98.993,2026-09-30,0.487,5.016,71,7.103,7.103,504.3,1250000000,1243500000.0,0.1077
2026-09-30,99025ZAC9,KEZR,Kezazor Logistics,Transportation,A,5.25,2037-02-07,99.512,2026-09-30,0.773,5.311,95,7.841,7.841,744.9,900000000,902565000.0,0.0781
2026-09-30,99025ZAD7,KEZR,Kezazor Logistics,Transportation,A,3.375,2028-03-14,98.49,2026-09-30,0.15,4.457,71,1.399,1.399,99.3,1500000000,1479600000.0,0.1281
2026-09-30,99025ZAE5,KEZR,Kezazor Logistics,Transportation,A,4.375,2051-08-07,84.611,2026-09-30,0.644,5.52,95,14.012,14.012,1331.1,450000000,383647500.0,0.0332
2026-09-30,99026AAA7,NEVR,Nevovar Energy,Energy,BBB-,6.125,2037-08-28,104.246,2026-09-30,0.544,5.599,122,7.918,7.918,966.0,800000000,838320000.0,0.0726
2026-09-30,99026AAB5,NEVR,Nevovar Energy,Energy,BBB-,5.125,2029-04-07,99.389,2026-09-30,2.463,5.387,152,2.276,2.276,346.0,1950000000,1986114000.0,0.1719
2026-09-30,99026AAC3,NEVR,Nevovar Energy,Energy,BBB-,5.875,2038-02-18,95.382,2026-09-30,0.685,6.453,206,8.059,8.059,1660.2,450000000,432301500.0,0.0374
2026-09-30,99026AAD1,NEVR,Nevovar Energy,Energy,BBB-,5.125,2027-10-24,100.23,2026-09-30,2.221,4.898,120,1.005,1.005,120.6,1500000000,1536765000.0,0.133
2026-09-30,99026AAE9,NEVR,Nevovar Energy,Energy,BBB-,4.375,2035-01-17,85.84,2026-09-30,0.887,6.619,234,6.637,6.637,1553.1,300000000,260181000.0,0.0225
2026-09-30,99026AAF6,NEVR,Nevovar Energy,Energy,BBB-,4.75,2030-10-25,96.367,2026-09-30,2.045,5.763,175,3.561,3.561,623.2,500000000,492060000.0,0.0426
2026-09-30,99027BAA4,KEZA,Kezundra Rail,Transportation,A-,7.75,2039-05-17,118.201,2026-09-30,2.863,5.707,128,8.216,8.216,1051.6,1300000000,1573832000.0,0.1362
2026-09-30,99027BAB2,KEZA,Kezundra Rail,Transportation,A-,5.5,2035-01-23,101.591,2026-09-30,1.024,5.26,98,6.559,6.559,642.8,2050000000,2103607500.0,0.1821
2026-09-30,99027BAC0,KEZA,Kezundra Rail,Transportation,A-,5.5,2052-03-25,100.519,2026-09-30,0.076,5.462,89,13.642,13.642,1214.1,1150000000,1156842500.0,0.1001
2026-09-30,99027BAD8,KEZA,Kezundra Rail,Transportation,A-,7.75,2035-07-06,117.067,2026-09-30,1.808,5.29,99,6.445,6.445,638.1,1600000000,1902000000.0,0.1647
2026-09-30,99027BAE6,KEZA,Kezundra Rail,Transportation,A-,4.25,2030-10-27,97.18,2026-09-30,1.806,5.023,101,3.62,3.62,365.6,1300000000,1286818000.0,0.1114
2026-09-30,99028CAA1,TOVX,Tovellix Bancorp,Financials,BB+,6.625,2050-03-22,98.155,2026-09-30,0.147,6.783,222,11.701,11.701,2597.6,550000000,540661000.0,0.0468
2026-09-30,99028CAB9,TOVX,Tovellix Bancorp,Financials,BB+,5.0,2033-12-11,96.054,2026-09-30,1.514,5.674,145,5.848,5.848,848.0,1550000000,1512304000.0,0.1309
2026-09-30,99028CAC7,TOVX,Tovellix Bancorp,Financials,BB+,6.375,2034-06-15,99.173,2026-09-30,1.859,6.511,226,5.897,5.897,1332.7,2400000000,2424768000.0,0.2099
2026-09-30,99028CAD5,TOVX,Tovellix Bancorp,Financials,BB+,6.875,2032-12-26,104.755,2026-09-30,1.795,5.949,178,4.973,4.973,885.2,2450000000,2610475000.0,0.226
2026-09-30,99029DAA8,YARE,Yarverone Rail,Transportation,A,5.75,2029-10-21,102.978,2026-09-30,2.54,4.692,77,2.72,2.72,209.4,650000000,685867000.0,0.0594
2026-09-30,99029DAB6,YARE,Yarverone Rail,Transportation,A,5.75,2034-08-06,105.158,2026-09-30,0.863,4.948,69,6.262,6.262,432.1,1800000000,1908378000.0,0.1652
2026-09-30,99029DAC4,YARE,Yarverone Rail,Transportation,A,4.875,2033-11-22,99.654,2026-09-30,1.733,4.932,71,5.868,5.868,416.6,1400000000,1419418000.0,0.1229
2026-09-30,99029DAD2,YARE,Yarverone Rail,Transportation,A,5.75,2035-01-26,105.047,2026-09-30,1.022,5.0,72,6.548,6.548,471.5,1400000000,1484966000.0,0.1286
2026-09-30,99029DAE0,YARE,Yarverone Rail,Transportation,A,4.5,2036-07-24,94.503,2026-09-30,0.825,5.222,88,7.712,7.712,678.7,1050000000,1000944000.0,0.0867
2026-09-30,99029DAF7,YARE,Yarverone Rail,Transportation,A,3.375,2037-06-28,86.356,2026-09-30,0.863,5.034,66,8.642,8.642,570.4,900000000,784971000.0,0.068
2026-09-30,99029DAG5,YARE,Yarverone Rail,Transportation,A,3.875,2031-06-08,96.384,2026-09-30,1.206,4.743,68,4.173,4.173,283.8,650000000,634335000.0,0.0549
2026-09-30,99029DAH3,YARE,Yarverone Rail,Transportation,A,4.25,2036-05-21,94.202,2026-09-30,1.523,5.015,68,7.634,7.634,519.1,2000000000,1914500000.0,0.1657
2026-09-30,99030EAA3,DRAE,Dralane Networks,Telecom,AAA,5.5,2033-06-05,106.087,2026-09-30,1.757,4.436,24,5.502,5.502,132.0,2200000000,2372568000.0,0.2054
2026-09-30,99030EAB1,DRAE,Dralane Networks,Telecom,AAA,5.875,2035-12-20,110.206,2026-09-30,1.632,4.509,19,7.094,7.094,134.8,350000000,391433000.0,0.0339
2026-09-30,99030EAC9,DRAE,Dralane Networks,Telecom,AAA,5.625,2052-12-19,113.441,2026-09-30,1.578,4.725,15,14.222,14.222,213.3,650000000,747623500.0,0.0647
2026-09-30,99030EAD7,DRAE,Dralane Networks,Telecom,AAA,4.625,2029-06-19,101.286,2026-09-30,1.298,4.118,23,2.505,2.505,57.6,1950000000,2000388000.0,0.1732
2026-09-30,99030EAE5,DRAE,Dralane Networks,Telecom,AAA,4.125,2031-07-10,99.25,2026-09-30,0.917,4.299,23,4.253,4.253,97.8,350000000,350584500.0,0.0304
2026-09-30,99030EAF2,DRAE,Dralane Networks,Telecom,AAA,5.625,2033-10-27,107.199,2026-09-30,2.391,4.428,21,5.724,5.724,120.2,350000000,383565000.0,0.0332
2026-09-30,99030EAG0,DRAE,Dralane Networks,Telecom,AAA,3.75,2028-06-08,99.712,2026-09-30,1.167,3.925,15,1.603,1.603,24.0,1650000000,1664503500.0,0.1441
2026-09-30,99031FAA9,LORL,Lorvizal Wireless,Telecom,B-,7.75,2028-09-08,98.861,2026-09-30,0.474,8.394,459,1.755,1.755,805.5,750000000,745012500.0,0.0645
2026-09-30,99031FAB7,LORL,Lorvizal Wireless,Telecom,B-,6.75,2033-04-19,93.675,2026-09-30,3.019,8.008,382,4.991,4.991,1906.6,650000000,628511000.0,0.0544
2026-09-30,99031FAC5,LORL,Lorvizal Wireless,Telecom,B-,10.625,2053-03-09,110.435,2026-09-30,0.62,9.536,496,9.405,9.405,4664.9,2500000000,2776375000.0,0.2404
2026-09-30,99031FAD3,LORL,Lorvizal Wireless,Telecom,B-,9.25,2055-10-24,107.765,2026-09-30,4.008,8.523,394,10.199,10.199,4018.4,1000000000,1117730000.0,0.0968
2026-09-30,99031FAE1,LORL,Lorvizal Wireless,Telecom,B-,7.25,2031-07-13,101.513,2026-09-30,1.551,6.87,280,3.939,3.939,1102.9,1300000000,1339832000.0,0.116
2026-09-30,99031FAF8,LORL,Lorvizal Wireless,Telecom,B-,8.125,2036-02-28,100.372,2026-09-30,0.722,8.066,374,6.454,6.454,2413.8,1100000000,1112034000.0,0.0963
2026-09-30,99032GAA6,QUEL,Queloquil Health,Health Care,BBB-,8.25,2052-10-10,108.343,2026-09-30,3.896,7.515,294,10.787,10.787,3171.4,1600000000,1795824000.0,0.1555
2026-09-30,99032GAB4,QUEL,Queloquil Health,Health Care,BBB-,6.375,2035-02-01,102.218,2026-09-30,1.045,6.031,175,6.359,6.359,1112.8,300000000,309789000.0,0.0268
2026-09-30,99032GAC2,QUEL,Queloquil Health,Health Care,BBB-,6.5,2029-08-18,102.347,2026-09-30,0.758,5.604,170,2.588,2.588,440.0,2100000000,2165205000.0,0.1874
2026-09-30,99032GAD0,QUEL,Queloquil Health,Health Care,BBB-,5.625,2034-12-20,92.763,2026-09-30,1.562,6.786,251,6.304,6.304,1582.3,1750000000,1650687500.0,0.1429
2026-09-30,99033HAA3,CLAE,Clavane Foods,Consumer,BBB-,5.875,2037-02-02,97.984,2026-09-30,0.947,6.14,178,7.559,7.559,1345.5,900000000,890379000.0,0.0771
2026-09-30,99033HAB1,CLAE,Clavane Foods,Consumer,BBB-,4.0,2028-06-11,98.233,2026-09-30,1.211,5.096,132,1.598,1.598,210.9,1900000000,1889436000.0,0.1636
2026-09-30,99033HAC9,CLAE,Clavane Foods,Consumer,BBB-,5.375,2030-12-01,98.506,2026-09-30,1.777,5.781,176,3.617,3.617,636.6,900000000,902547000.0,0.0781
2026-09-30,99033HAD7,CLAE,Clavane Foods,Consumer,BBB-,6.375,2036-06-15,100.325,2026-09-30,1.859,6.328,199,7.035,7.035,1400.0,500000000,510920000.0,0.0442
2026-09-30,99033HAE5,CLAE,Clavane Foods,Consumer,BBB-,4.75,2035-02-27,91.872,2026-09-30,0.435,5.994,171,6.724,6.724,1149.8,1200000000,1107684000.0,0.0959
2026-09-30,99033HAF2,CLAE,Clavane Foods,Consumer,BBB-,7.0,2050-02-26,107.31,2026-09-30,0.661,6.393,183,11.77,11.77,2153.9,1300000000,1403623000.0,0.1215
2026-09-30,99034IAA0,BEZN,Bezorin Finance,Financials,BBB-,4.625,2038-09-17,88.692,2026-09-30,0.167,5.96,155,8.846,8.846,1371.1,950000000,844160500.0,0.0731
2026-09-30,99034IAB8,BEZN,Bezorin Finance,Financials,BBB-,6.875,2033-05-04,107.793,2026-09-30,2.788,5.451,126,5.185,5.185,653.3,700000000,774067000.0,0.067
2026-09-30,99034IAC6,BEZN,Bezorin Finance,Financials,BBB-,7.25,2056-03-12,113.029,2026-09-30,0.362,6.274,169,12.975,12.975,2192.8,1650000000,1870951500.0,0.162
2026-09-30,99034IAD4,BEZN,Bezorin Finance,Financials,BBB-,4.625,2036-04-05,92.883,2026-09-30,2.248,5.6,127,7.338,7.338,931.9,1100000000,1046441000.0,0.0906
2026-09-30,99034IAE2,BEZN,Bezorin Finance,Financials,BBB-,5.125,2030-05-10,98.803,2026-09-30,1.993,5.493,152,3.188,3.188,484.6,1600000000,1612736000.0,0.1396
2026-09-30,99035JAA7,HESN,Heskorin Aerospace,Industrials,A+,5.625,2051-05-01,102.226,2026-09-30,2.328,5.459,89,13.066,13.066,1162.9,1550000000,1620587000.0,0.1403
2026-09-30,99035JAB5,HESN,Heskorin Aerospace,Industrials,A+,3.25,2046-07-20,76.807,2026-09-30,0.632,5.128,59,13.456,13.456,793.9,1600000000,1239024000.0,0.1073
2026-09-30,99035JAC3,HESN,Heskorin Aerospace,Industrials,A+,4.125,2035-01-10,95.441,2026-09-30,0.917,4.798,52,6.833,6.833,355.3,850000000,819043000.0,0.0709
2026-09-30,99036KAA3,XANL,Xanizal Industrial,Industrials,CCC,10.625,2036-01-24,104.98,2026-09-30,1.948,9.793,547,5.823,5.823,3185.2,1700000000,1817776000.0,0.1574
2026-09-30,99036KAB1,XANL,Xanizal Industrial,Industrials,CCC,6.375,2031-01-11,93.609,2026-09-30,1.399,8.17,414,3.594,3.594,1487.9,2500000000,2375200000.0,0.2056
2026-09-30,99036KAC9,XANL,Xanizal Industrial,Industrials,CCC,10.75,2041-06-07,99.378,2026-09-30,3.374,10.831,636,7.048,7.048,4482.5,1100000000,1130272000.0,0.0978
2026-09-30,99037LAA0,GRON,Grovostrin Freight,Transportation,A,5.5,2037-02-19,102.04,2026-09-30,0.626,5.242,88,7.823,7.823,688.4,1150000000,1180659000.0,0.1022
2026-09-30,99037LAB8,GRON,Grovostrin Freight,Transportation,A,6.875,2033-09-12,108.504,2026-09-30,0.344,5.391,118,5.535,5.535,653.1,1550000000,1687144000.0,0.1461
2026-09-30,99037LAC6,GRON,Grovostrin Freight,Transportation,A,5.375,2033-09-19,102.288,2026-09-30,0.164,4.982,77,5.766,5.766,444.0,1500000000,1536780000.0,0.133
2026-09-30,99037LAD4,GRON,Grovostrin Freight,Transportation,A,4.75,2028-04-24,100.43,2026-09-30,2.058,4.461,70,1.466,1.466,102.6,400000000,409952000.0,0.0355
2026-09-30,99037LAE2,GRON,Grovostrin Freight,Transportation,A,5.75,2027-10-23,101.626,2026-09-30,2.508,4.168,47,1.002,1.002,47.1,500000000,520670000.0,0.0451
2026-09-30,99037LAF9,GRON,Grovostrin Freight,Transportation,A,7.25,2036-12-15,116.795,2026-09-30,2.115,5.116,76,7.303,7.303,555.0,650000000,772915000.0,0.0669
2026-09-30,99037LAG7,GRON,Grovostrin Freight,Transportation,A,3.375,2028-03-04,98.806,2026-09-30,0.244,4.244,50,1.374,1.374,68.7,1300000000,1287650000.0,0.1115
2026-09-30,99037LAH5,GRON,Grovostrin Freight,Transportation,A,5.0,2030-07-17,101.477,2026-09-30,1.014,4.57,58,3.397,3.397,197.0,1750000000,1793592500.0,0.1553
2026-09-30,99038MAA7,PRAN,Praxiskan Finance,Financials,CCC+,10.5,2033-11-01,95.322,2026-09-30,4.346,11.478,726,4.632,4.632,3362.8,1350000000,1345518000.0,0.1165
2026-09-30,99038MAB5,PRAN,Praxiskan Finance,Financials,CCC+,11.0,2028-03-22,96.754,2026-09-30,0.244,13.49,974,1.311,1.311,1276.9,400000000,387992000.0,0.0336
2026-09-30,99038MAC3,PRAN,Praxiskan Finance,Financials,CCC+,10.25,2028-10-12,84.515,2026-09-30,4.783,19.865,1605,1.613,1.613,2588.9,1350000000,1205523000.0,0.1044
2026-09-30,99038MAD1,PRAN,Praxiskan Finance,Financials,CCC+,11.0,2037-12-10,72.115,2026-09-30,3.361,16.538,1215,5.207,5.207,6326.5,2400000000,1811424000.0,0.1568
2026-09-30,99038MAE9,PRAN,Praxiskan Finance,Financials,CCC+,10.875,2035-01-20,89.407,2026-09-30,2.115,12.989,871,5.058,5.058,4405.5,1000000000,915220000.0,0.0792
2026-09-30,99038MAF6,PRAN,Praxiskan Finance,Financials,CCC+,11.0,2055-12-08,75.576,2026-09-30,3.422,14.624,1004,6.548,6.548,6574.2,2250000000,1777455000.0,0.1539
2026-09-30,99038MAG4,PRAN,Praxiskan Finance,Financials,CCC+,11.0,2033-09-12,95.805,2026-09-30,0.55,11.901,769,4.683,4.683,3601.2,400000000,385420000.0,0.0334
2026-09-30,99038MAH2,PRAN,Praxiskan Finance,Financials,CCC+,11.0,2029-10-17,100.01,2026-09-30,4.981,10.991,707,2.412,2.412,1705.3,850000000,892423500.0,0.0773
2026-09-30,99039NAA4,BEZL,Bezoquil Freight,Transportation,BB,8.5,2033-05-14,112.545,2026-09-30,3.211,6.162,197,4.993,4.993,983.6,900000000,1041804000.0,0.0902
2026-09-30,99039NAB2,BEZL,Bezoquil Freight,Transportation,BB,6.75,2033-08-19,102.715,2026-09-30,0.769,6.257,205,5.429,5.429,1112.9,1600000000,1655744000.0,0.1433
2026-09-30,99039NAC0,BEZL,Bezoquil Freight,Transportation,BB,5.125,2030-06-03,98.73,2026-09-30,1.666,5.509,153,3.25,3.25,497.2,850000000,853366000.0,0.0739
2026-09-30,99039NAD8,BEZL,Bezoquil Freight,Transportation,BB,7.625,2035-08-05,109.274,2026-09-30,1.165,6.243,194,6.435,6.435,1248.4,1050000000,1159609500.0,0.1004
2026-09-30,99039NAE6,BEZL,Bezoquil Freight,Transportation,BB,5.125,2032-03-01,96.867,2026-09-30,0.413,5.806,169,4.634,4.634,783.1,600000000,583680000.0,0.0505
2026-09-30,99039NAF3,BEZL,Bezoquil Freight,Transportation,BB,4.875,2035-11-15,92.474,2026-09-30,1.828,5.955,164,7.043,7.043,1155.1,300000000,282906000.0,0.0245
2026-09-30,99039NAG1,BEZL,Bezoquil Freight,Transportation,BB,6.125,2053-04-09,92.261,2026-09-30,2.909,6.756,218,12.113,12.113,2640.6,2200000000,2093740000.0,0.1813
2026-09-30,99040OAA9,ELVL,Elvizal Retail,Consumer,BBB-,5.375,2036-02-18,93.885,2026-09-30,0.627,6.245,192,7.148,7.148,1372.4,1700000000,1606704000.0,0.1391
2026-09-30,99040OAB7,ELVL,Elvizal Retail,Consumer,BBB-,8.125,2036-08-04,104.472,2026-09-30,1.264,7.473,313,6.699,6.699,2096.8,2400000000,2537664000.0,0.2197
2026-09-30,99040OAC5,ELVL,Elvizal Retail,Consumer,BBB-,4.375,2030-11-07,96.782,2026-09-30,1.738,5.256,124,3.633,3.633,450.5,2150000000,2118180000.0,0.1834
2026-09-30,99041PAA5,DRAN,Dralostrin Industrial,Industrials,A,4.75,2030-05-22,100.473,2026-09-30,1.689,4.606,63,3.26,3.26,205.4,1300000000,1328106000.0,0.115
2026-09-30,99041PAB3,DRAN,Dralostrin Industrial,Industrials,A,3.875,2030-12-17,97.826,2026-09-30,1.109,4.445,42,3.797,3.797,159.5,550000000,544142500.0,0.0471
2026-09-30,99041PAC1,DRAN,Dralostrin Industrial,Industrials,A,4.625,2036-05-27,97.627,2026-09-30,1.58,4.936,60,7.562,7.562,453.7,1100000000,1091277000.0,0.0945
2026-09-30,99041PAD9,DRAN,Dralostrin Industrial,Industrials,A,7.125,2037-05-25,117.549,2026-09-30,2.474,4.981,61,7.555,7.555,460.9,350000000,420080500.0,0.0364
2026-09-30,99041PAE7,DRAN,Dralostrin Industrial,Industrials,A,4.625,2037-05-09,98.236,2026-09-30,1.811,4.839,47,8.131,8.131,382.2,500000000,500235000.0,0.0433
2026-09-30,99042QAA2,VYRR,Vyrovar Medical,Health Care,AA-,4.875,2029-06-27,101.053,2026-09-30,1.259,4.46,57,2.514,2.514,143.3,1250000000,1278900000.0,0.1107
2026-09-30,99042QAB0,VYRR,Vyrovar Medical,Health Care,AA-,4.625,2034-06-16,97.674,2026-09-30,1.336,4.991,74,6.313,6.313,467.2,2100000000,2079210000.0,0.18
2026-09-30,99042QAC8,VYRR,Vyrovar Medical,Health Care,AA-,6.625,2029-10-13,105.762,2026-09-30,3.073,4.57,65,2.668,2.668,173.4,1300000000,1414855000.0,0.1225
2026-09-30,99042QAD6,VYRR,Vyrovar Medical,Health Care,AA-,4.875,2027-11-03,100.654,2026-09-30,1.991,4.252,55,1.034,1.034,56.9,2000000000,2052900000.0,0.1777
2026-09-30,99043RAA9,GALR,Galventor Power,Utilities,AA+,3.75,2030-04-17,98.12,2026-09-30,1.698,4.327,36,3.226,3.226,116.1,1450000000,1447361000.0,0.1253
2026-09-30,99043RAB7,GALR,Galventor Power,Utilities,AA+,3.875,2052-06-02,84.428,2026-09-30,1.27,4.953,38,14.996,14.996,569.8,1350000000,1156923000.0,0.1002
2026-09-30,99043RAC5,GALR,Galventor Power,Utilities,AA+,6.0,2051-11-05,112.64,2026-09-30,2.417,5.101,53,13.322,13.322,706.1,1650000000,1898440500.0,0.1644
2026-09-30,99043RAD3,GALR,Galventor Power,Utilities,AA+,4.75,2045-10-22,97.898,2026-09-30,2.085,4.921,39,12.108,12.108,472.2,1950000000,1949668500.0,0.1688
2026-09-30,99044SAA6,CLAN,Clavebran Software,Technology,A+,4.0,2028-04-10,99.595,2026-09-30,1.889,4.276,52,1.439,1.439,74.8,500000000,507420000.0,0.0439
2026-09-30,99044SAB4,CLAN,Clavebran Software,Technology,A+,6.25,2030-02-02,105.4,2026-09-30,1.007,4.488,54,2.979,2.979,160.9,1750000000,1862122500.0,0.1612
2026-09-30,99044SAC2,CLAN,Clavebran Software,Technology,A+,5.0,2029-10-26,101.637,2026-09-30,2.139,4.423,50,2.768,2.768,138.4,1900000000,1971744000.0,0.1707
2026-09-30,99045TAA3,JAXR,Jaximer Networks,Telecom,BB+,6.25,2055-12-21,93.596,2026-09-30,1.719,6.754,217,12.631,12.631,2740.9,2400000000,2287560000.0,0.198
2026-09-30,99045TAB1,JAXR,Jaximer Networks,Telecom,BB+,4.5,2032-06-08,92.788,2026-09-30,1.4,6.014,188,4.835,4.835,909.0,2500000000,2354700000.0,0.2039
2026-09-30,99045TAC9,JAXR,Jaximer Networks,Telecom,BB+,7.375,2032-01-17,107.38,2026-09-30,1.495,5.737,163,4.33,4.33,705.8,550000000,598812500.0,0.0518
2026-09-30,99045TAD7,JAXR,Jaximer Networks,Telecom,BB+,6.125,2040-06-03,96.529,2026-09-30,1.991,6.511,206,8.893,8.893,1832.0,2300000000,2265960000.0,0.1962
2026-09-30,99045TAE5,JAXR,Jaximer Networks,Telecom,BB+,6.875,2030-09-24,103.322,2026-09-30,0.115,5.926,192,3.454,3.454,663.2,1600000000,1654992000.0,0.1433
2026-09-30,99045TAF2,JAXR,Jaximer Networks,Telecom,BB+,5.875,2033-07-05,97.57,2026-09-30,1.387,6.32,212,5.414,5.414,1147.8,700000000,692699000.0,0.06
2026-09-30,99046UAA9,SKEN,Skeliskan Machinery,Industrials,B+,9.5,2035-08-07,109.275,2026-09-30,1.399,8.014,371,5.99,5.99,2222.3,1200000000,1328088000.0,0.115
2026-09-30,99046UAB7,SKEN,Skeliskan Machinery,Industrials,B+,8.75,2031-05-23,102.772,2026-09-30,3.087,8.019,396,3.669,3.669,1452.9,2350000000,2487686500.0,0.2154
2026-09-30,99046UAC5,SKEN,Skeliskan Machinery,Industrials,B+,8.625,2030-06-08,101.911,2026-09-30,2.683,8.01,403,3.04,3.04,1225.1,350000000,366079000.0,0.0317
2026-09-30,99046UAD3,SKEN,Skeliskan Machinery,Industrials,B+,9.25,2029-10-21,101.221,2026-09-30,4.085,8.782,486,2.52,2.52,1224.7,1100000000,1158366000.0,0.1003
2026-09-30,99046UAE1,SKEN,Skeliskan Machinery,Industrials,B+,8.0,2038-05-09,99.912,2026-09-30,3.133,8.01,361,7.245,7.245,2615.4,1800000000,1854810000.0,0.1606
2026-09-30,99046UAF8,SKEN,Skeliskan Machinery,Industrials,B+,7.625,2033-08-21,100.502,2026-09-30,0.826,7.528,332,5.25,5.25,1743.0,2200000000,2229216000.0,0.193
2026-09-30,99046UAG6,SKEN,Skeliskan Machinery,Industrials,B+,8.875,2031-03-28,102.957,2026-09-30,0.049,8.077,403,3.665,3.665,1477.0,1200000000,1236072000.0,0.107
2026-09-30,99046UAH4,SKEN,Skeliskan Machinery,Industrials,B+,10.0,2036-04-26,106.162,2026-09-30,4.278,9.023,469,5.959,5.959,2794.8,550000000,607420000.0,0.0526
2026-09-30,99047VAA6,QUEA,Quelundra Power,Utilities,A,5.125,2035-06-27,99.964,2026-09-30,1.324,5.129,83,6.886,6.886,571.5,1600000000,1620608000.0,0.1403
2026-09-30,99047VAB4,QUEA,Quelundra Power,Utilities,A,5.5,2039-12-14,99.61,2026-09-30,1.619,5.541,110,9.145,9.145,1006.0,2050000000,2075194500.0,0.1797
2026-09-30,99047VAC2,QUEA,Quelundra Power,Utilities,A,4.0,2027-11-17,99.519,2026-09-30,1.478,4.437,73,1.077,1.077,78.6,1550000000,1565453500.0,0.1355
2026-09-30,99047VAD0,QUEA,Quelundra Power,Utilities,A,4.625,2035-01-05,95.021,2026-09-30,1.092,5.378,110,6.664,6.664,733.0,2250000000,2162542500.0,0.1872
2026-09-30,99047VAE8,QUEA,Quelundra Power,Utilities,A,5.0,2027-11-27,100.608,2026-09-30,1.708,4.45,74,1.098,1.098,81.3,2400000000,2455584000.0,0.2126
2026-09-30,99047VAF5,QUEA,Quelundra Power,Utilities,A,5.875,2037-11-24,104.993,2026-09-30,2.056,5.276,89,8.041,8.041,715.6,2450000000,2622700500.0,0.2271
2026-09-30,99047VAG3,QUEA,Quelundra Power,Utilities,A,5.25,2034-05-07,100.955,2026-09-30,2.085,5.096,85,6.09,6.09,517.6,550000000,566720000.0,0.0491
2026-09-30,99047VAH1,QUEA,Quelundra Power,Utilities,A,6.375,2034-11-01,107.678,2026-09-30,2.639,5.199,93,6.196,6.196,576.2,2150000000,2371815500.0,0.2053
2026-09-30,99048WAA3,LORR,Lorvovar Energy,Energy,A,4.5,2036-04-27,95.839,2026-09-30,1.913,5.053,72,7.498,7.498,539.9,1350000000,1319652000.0,0.1142
2026-09-30,99048WAB1,LORR,Lorvovar Energy,Energy,A,4.375,2049-02-17,90.795,2026-09-30,0.523,5.067,51,13.638,13.638,695.5,350000000,319613000.0,0.0277
2026-09-30,99048WAC9,LORR,Lorvovar Energy,Energy,A,5.75,2036-12-07,104.661,2026-09-30,1.805,5.155,80,7.582,7.582,606.6,850000000,904961000.0,0.0783
2026-09-30,99049XAA0,BEZH,Bezamyth Machinery,Industrials,B,4.5,2027-12-20,97.237,2026-09-30,1.25,6.888,317,1.149,1.149,364.2,2450000000,2412931500.0,0.2089
2026-09-30,99049XAB8,BEZH,Bezamyth Machinery,Industrials,B,9.125,2033-11-27,105.345,2026-09-30,3.118,8.122,390,5.1,5.1,1989.0,1150000000,1247324500.0,0.108
2026-09-30,99049XAC6,BEZH,Bezamyth Machinery,Industrials,B,7.75,2035-08-15,98.27,2026-09-30,0.969,8.024,372,6.243,6.243,2322.4,2500000000,2480975000.0,0.2148
2026-09-30,99049XAD4,BEZH,Bezamyth Machinery,Industrials,B,6.5,2038-02-03,94.02,2026-09-30,1.029,7.282,289,7.717,7.717,2230.2,2350000000,2233651500.0,0.1934
2026-09-30,99049XAE2,BEZH,Bezamyth Machinery,Industrials,B,8.125,2029-04-17,97.556,2026-09-30,3.679,9.22,535,2.165,2.165,1158.3,950000000,961732500.0,0.0833
2026-09-30,99050YAA4,TOVY,Tovolvey Devices,Technology,A-,5.125,2035-06-01,100.333,2026-09-30,1.694,5.076,78,6.821,6.821,532.0,1600000000,1632432000.0,0.1413
2026-09-30,99050YAB2,TOVY,Tovolvey Devices,Technology,A-,4.75,2032-06-12,99.919,2026-09-30,1.425,4.765,63,4.874,4.874,307.1,950000000,962768000.0,0.0833
2026-09-30,99050YAC0,TOVY,Tovolvey Devices,Technology,A-,5.125,2032-02-24,101.075,2026-09-30,0.512,4.895,78,4.652,4.652,362.9,350000000,355554500.0,0.0308
2026-09-30,99050YAD8,TOVY,Tovolvey Devices,Technology,A-,4.625,2035-04-11,97.352,2026-09-30,2.171,5.01,72,6.797,6.797,489.4,550000000,547376500.0,0.0474
2026-09-30,99050YAE6,TOVY,Tovolvey Devices,Technology,A-,4.875,2033-11-20,99.423,2026-09-30,1.76,4.971,75,5.86,5.86,439.5,750000000,758872500.0,0.0657
2026-09-30,99050YAF3,TOVY,Tovolvey Devices,Technology,A-,5.25,2036-10-25,101.631,2026-09-30,2.26,5.041,69,7.604,7.604,524.7,800000000,831128000.0,0.072
2026-09-30,99050YAG1,TOVY,Tovolvey Devices,Technology,A-,5.25,2035-05-11,100.248,2026-09-30,2.027,5.213,92,6.728,6.728,619.0,950000000,971612500.0,0.0841
2026-09-30,99051ZAA0,TOVR,Tovovar Water,Utilities,BBB-,4.75,2035-04-09,96.938,2026-09-30,2.256,5.199,91,6.746,6.746,613.9,1000000000,991940000.0,0.0859
2026-09-30,99051ZAB8,TOVR,Tovovar Water,Utilities,BBB-,5.0,2037-05-19,95.079,2026-09-30,1.819,5.62,125,7.931,7.931,991.4,750000000,726735000.0,0.0629
2026-09-30,99051ZAC6,TOVR,Tovovar Water,Utilities,BBB-,5.0,2041-06-17,95.947,2026-09-30,1.431,5.402,93,10.066,10.066,936.1,2300000000,2239694000.0,0.1939
2026-09-30,99051ZAD4,TOVR,Tovovar Water,Utilities,BBB-,4.5,2029-12-20,98.911,2026-09-30,1.25,4.867,93,2.927,2.927,272.2,1900000000,1903059000.0,0.1648
2026-09-30,99051ZAE2,TOVR,Tovovar Water,Utilities,BBB-,5.5,2029-01-18,101.122,2026-09-30,1.1,4.974,113,2.118,2.118,239.3,800000000,817776000.0,0.0708
2026-09-30,99051ZAF9,TOVR,Tovovar Water,Utilities,BBB-,3.625,2030-03-02,95.37,2026-09-30,0.282,5.116,116,3.155,3.155,366.0,1700000000,1626084000.0,0.1408
2026-09-30,99052AAA4,HULE,Hulvane Industrial,Industrials,A+,3.875,2032-01-15,96.546,2026-09-30,0.807,4.617,51,4.679,4.679,238.6,600000000,584118000.0,0.0506
2026-09-30,99052AAB2,HULE,Hulvane Industrial,Industrials,A+,3.375,2031-08-13,94.639,2026-09-30,0.441,4.616,54,4.398,4.398,237.5,750000000,713100000.0,0.0617
2026-09-30,99052AAC0,HULE,Hulvane Industrial,Industrials,A+,4.75,2032-11-11,101.201,2026-09-30,1.834,4.522,36,5.171,5.171,186.2,1750000000,1803112500.0,0.1561
2026-09-30,99053BAA1,SYLX,Sylvellix Logistics,Transportation,A+,5.75,2049-09-18,110.013,2026-09-30,0.192,5.011,45,13.149,13.149,591.7,2200000000,2424510000.0,0.2099
2026-09-30,99053BAB9,SYLX,Sylvellix Logistics,Transportation,A+,3.625,2055-09-03,76.903,2026-09-30,0.272,5.173,59,16.042,16.042,946.5,2250000000,1736437500.0,0.1503
2026-09-30,99053BAC7,SYLX,Sylvellix Logistics,Transportation,A+,6.125,2033-08-21,107.825,2026-09-30,0.664,4.778,57,5.607,5.607,319.6,1550000000,1681579500.0,0.1456
2026-09-30,99053BAD5,SYLX,Sylvellix Logistics,Transportation,A+,4.0,2036-01-16,94.038,2026-09-30,0.822,4.802,48,7.551,7.551,362.4,1950000000,1849770000.0,0.1601
2026-09-30,99053BAE3,SYLX,Sylvellix Logistics,Transportation,A+,3.625,2031-04-21,96.336,2026-09-30,1.601,4.523,47,4.074,4.074,191.5,700000000,685559000.0,0.0593
2026-09-30,99053BAF0,SYLX,Sylvellix Logistics,Transportation,A+,4.5,2033-12-05,98.285,2026-09-30,1.438,4.784,56,5.974,5.974,334.5,1000000000,997230000.0,0.0863
2026-09-30,99053BAG8,SYLX,Sylvellix Logistics,Transportation,A+,4.25,2038-04-19,93.66,2026-09-30,1.901,4.978,58,8.756,8.756,507.8,400000000,382244000.0,0.0331
2026-09-30,99053BAH6,SYLX,Sylvellix Logistics,Transportation,A+,4.75,2036-08-13,95.631,2026-09-30,0.62,5.324,98,7.687,7.687,753.3,600000000,577506000.0,0.05
2026-09-30,99054CAA8,NEVX,Nevulex Health,Health Care,BBB-,6.0,2037-07-22,101.612,2026-09-30,1.133,5.796,142,7.818,7.818,1110.2,2450000000,2517252500.0,0.2179
2026-09-30,99054CAB6,NEVX,Nevulex Health,Health Care,BBB-,6.25,2032-10-04,104.079,2026-09-30,3.056,5.445,129,4.846,4.846,625.1,1350000000,1446322500.0,0.1252
2026-09-30,99054CAC4,NEVX,Nevulex Health,Health Care,BBB-,6.25,2034-12-07,103.654,2026-09-30,1.962,5.684,141,6.267,6.267,883.6,2350000000,2481976000.0,0.2149
2026-09-30,99054CAD2,NEVX,Nevulex Health,Health Care,BBB-,6.125,2034-12-14,102.186,2026-09-30,1.803,5.785,151,6.297,6.297,950.8,1500000000,1559835000.0,0.135
2026-09-30,99054CAE0,NEVX,Nevulex Health,Health Care,BBB-,6.25,2033-12-26,102.874,2026-09-30,1.632,5.757,153,5.699,5.699,871.9,1300000000,1358578000.0,0.1176
2026-09-30,99054CAF7,NEVX,Nevulex Health,Health Care,BBB-,4.625,2031-03-03,97.127,2026-09-30,0.347,5.362,132,3.927,3.927,518.4,1150000000,1120951000.0,0.097
2026-09-30,99054CAG5,NEVX,Nevulex Health,Health Care,BBB-,3.875,2048-01-06,73.873,2026-09-30,0.904,6.08,153,12.898,12.898,1973.4,1600000000,1196432000.0,0.1036
2026-09-30,99054CAH3,NEVX,Nevulex Health,Health Care,BBB-,5.25,2051-11-24,91.15,2026-09-30,1.837,5.931,136,13.055,13.055,1775.5,1550000000,1441298500.0,0.1248
2026-09-30,99055DAA5,MULN,Mulvebran Logistics,Transportation,BB,6.125,2031-12-17,99.962,2026-09-30,1.752,6.131,203,4.332,4.332,879.4,700000000,711998000.0,0.0616
2026-09-30,99055DAB3,MULN,Mulvebran Logistics,Transportation,BB,5.875,2036-02-25,97.246,2026-09-30,0.571,6.266,194,7.06,7.06,1369.6,2050000000,2005248500.0,0.1736
2026-09-30,99055DAC1,MULN,Mulvebran Logistics,Transportation,BB,3.875,2037-07-13,81.455,2026-09-30,0.829,6.265,189,8.324,8.324,1573.2,1300000000,1069692000.0,0.0926
2026-09-30,99055DAD9,MULN,Mulvebran Logistics,Transportation,BB,8.125,2029-10-24,105.745,2026-09-30,3.521,6.042,212,2.617,2.617,554.8,1000000000,1092660000.0,0.0946
2026-09-30,99055DAE7,MULN,Mulvebran Logistics,Transportation,BB,8.5,2054-07-01,116.856,2026-09-30,2.101,7.1,252,11.491,11.491,2895.7,1650000000,1962790500.0,0.1699
2026-09-30,99055DAF4,MULN,Mulvebran Logistics,Transportation,BB,7.25,2036-04-03,103.466,2026-09-30,3.565,6.75,242,6.62,6.62,1602.0,1650000000,1766011500.0,0.1529
2026-09-30,99055DAG2,MULN,Mulvebran Logistics,Transportation,BB,6.0,2047-05-18,85.717,2026-09-30,2.2,7.355,281,10.715,10.715,3010.9,2250000000,1978132500.0,0.1713
2026-09-30,99055DAH0,MULN,Mulvebran Logistics,Transportation,BB,5.75,2035-09-19,95.234,2026-09-30,0.176,6.458,215,6.844,6.844,1471.5,1500000000,1431150000.0,0.1239
2026-09-30,99056EAA2,BEZY,Bezolvey Chemicals,Materials,BBB,6.625,2028-09-05,103.671,2026-09-30,0.46,4.613,81,1.797,1.797,145.6,1000000000,1041310000.0,0.0901
2026-09-30,99056EAB0,BEZY,Bezolvey Chemicals,Materials,BBB,5.875,2037-09-24,96.275,2026-09-30,0.098,6.351,197,7.925,7.925,1561.2,2450000000,2361138500.0,0.2044
2026-09-30,99056EAC8,BEZY,Bezolvey Chemicals,Materials,BBB,4.5,2052-09-18,86.211,2026-09-30,0.15,5.504,93,14.304,14.304,1330.3,650000000,561346500.0,0.0486
2026-09-30,99056EAD6,BEZY,Bezolvey Chemicals,Materials,BBB,3.5,2032-05-14,91.892,2026-09-30,1.322,5.18,105,4.928,4.928,517.4,1300000000,1211782000.0,0.1049
2026-09-30,99057FAA8,VYRN,Vyrebran Wireless,Telecom,BB+,4.25,2029-01-25,98.744,2026-09-30,0.767,4.826,98,2.165,2.165,212.2,1650000000,1641931500.0,0.1421
2026-09-30,99057FAB6,VYRN,Vyrebran Wireless,Telecom,BB+,6.75,2036-12-23,103.442,2026-09-30,1.819,6.287,193,7.245,7.245,1398.3,800000000,842088000.0,0.0729
2026-09-30,99057FAC4,VYRN,Vyrebran Wireless,Telecom,BB+,5.875,2035-04-04,96.158,2026-09-30,2.872,6.469,218,6.375,6.375,1389.8,1450000000,1435935000.0,0.1243
2026-09-30,99057FAD2,VYRN,Vyrebran Wireless,Telecom,BB+,6.625,2037-08-01,104.779,2026-09-30,1.086,6.017,164,7.666,7.666,1257.2,850000000,899852500.0,0.0779
2026-09-30,99057FAE0,VYRN,Vyrebran Wireless,Telecom,BB+,7.375,2037-12-12,110.757,2026-09-30,2.212,6.038,165,7.617,7.617,1256.8,950000000,1073205500.0,0.0929
2026-09-30,99058GAA5,DELR,Delvazor Paper,Materials,A+,6.25,2034-11-21,109.233,2026-09-30,2.24,4.862,59,6.302,6.302,371.8,2400000000,2675352000.0,0.2316
2026-09-30,99058GAB3,DELR,Delvazor Paper,Materials,A+,3.75,2029-01-03,98.781,2026-09-30,0.906,4.32,48,2.121,2.121,101.8,2500000000,2492175000.0,0.2158
2026-09-30,99058GAC1,DELR,Delvazor Paper,Materials,A+,5.5,2049-07-12,104.119,2026-09-30,1.192,5.189,63,12.967,12.967,816.9,550000000,579210500.0,0.0501
2026-09-30,99058GAD9,DELR,Delvazor Paper,Materials,A+,4.0,2028-06-10,99.742,2026-09-30,1.222,4.156,38,1.603,1.603,60.9,1850000000,1867834000.0,0.1617
2026-09-30,99058GAE7,DELR,Delvazor Paper,Materials,A+,4.25,2031-09-21,98.397,2026-09-30,0.106,4.614,53,4.425,4.425,234.5,1350000000,1329790500.0,0.1151
2026-09-30,99058GAF4,DELR,Delvazor Paper,Materials,A+,4.125,2038-07-06,91.496,2026-09-30,0.963,5.094,69,8.988,8.988,620.2,1500000000,1386885000.0,0.1201
2026-09-30,99059HAA2,LORH,Lorvamyth Paper,Materials,BBB,4.375,2031-03-26,97.408,2026-09-30,0.049,5.027,98,4.015,4.015,393.5,600000000,584742000.0,0.0506
2026-09-30,99059HAB0,LORH,Lorvamyth Paper,Materials,BBB,4.375,2027-12-10,99.5,2026-09-30,1.337,4.805,109,1.135,1.135,123.7,1900000000,1915903000.0,0.1659
2026-09-30,99059HAC8,LORH,Lorvamyth Paper,Materials,BBB,4.25,2030-05-14,96.754,2026-09-30,1.606,5.244,127,3.251,3.251,412.9,850000000,836060000.0,0.0724
2026-09-30,99059HAD6,LORH,Lorvamyth Paper,Materials,BBB,5.25,2052-10-04,90.746,2026-09-30,2.567,5.954,138,13.117,13.117,1810.1,2350000000,2192855500.0,0.1898
2026-09-30,99059HAE4,LORH,Lorvamyth Paper,Materials,BBB,6.375,2052-03-23,95.326,2026-09-30,0.124,6.762,219,12.195,12.195,2670.7,550000000,524975000.0,0.0454
2026-09-30,99059HAF1,LORH,Lorvamyth Paper,Materials,BBB,5.125,2029-06-27,100.818,2026-09-30,1.324,4.8,91,2.501,2.501,227.6,1100000000,1123562000.0,0.0973
2026-09-30,99060IAA7,ELVR,Elventor Networks,Telecom,A-,4.75,2028-04-04,100.08,2026-09-30,2.322,4.694,94,1.41,1.41,132.5,2200000000,2252844000.0,0.195
2026-09-30,99060IAB5,ELVR,Elventor Networks,Telecom,A-,5.625,2042-04-01,94.088,2026-09-30,2.797,6.225,174,9.769,9.769,1699.8,1750000000,1695487500.0,0.1468
2026-09-30,99060IAC3,ELVR,Elventor Networks,Telecom,A-,6.25,2029-03-18,102.837,2026-09-30,0.208,5.012,115,2.265,2.265,260.5,1100000000,1133495000.0,0.0981
2026-09-30,99060IAD1,ELVR,Elventor Networks,Telecom,A-,3.5,2028-08-06,97.938,2026-09-30,0.525,4.674,88,1.757,1.757,154.6,1900000000,1870797000.0,0.162
2026-09-30,99060IAE9,ELVR,Elventor Networks,Telecom,A-,7.625,2055-07-05,127.511,2026-09-30,1.8,5.673,109,13.169,13.169,1435.4,650000000,840521500.0,0.0728
2026-09-30,99060IAF6,ELVR,Elventor Networks,Telecom,A-,4.25,2032-05-25,96.953,2026-09-30,1.476,4.872,74,4.88,4.88,361.1,1200000000,1181148000.0,0.1023
2026-09-30,99061JAA4,MORN,Morvostrin Finance,Financials,BBB+,5.875,2036-09-20,102.948,2026-09-30,0.163,5.487,114,7.507,7.507,855.8,1750000000,1804442500.0,0.1562
2026-09-30,99061JAB2,MORN,Morvostrin Finance,Financials,BBB+,5.5,2033-07-19,101.104,2026-09-30,1.085,5.303,110,5.566,5.566,612.3,1700000000,1737213000.0,0.1504
2026-09-30,99061JAC0,MORN,Morvostrin Finance,Financials,BBB+,4.0,2038-03-05,87.976,2026-09-30,0.278,5.425,103,8.845,8.845,911.0,1400000000,1235556000.0,0.107
2026-09-30,99062KAA0,ZEPL,Zephizal Medical,Health Care,A-,4.125,2036-11-12,90.863,2026-09-30,1.581,5.303,95,7.919,7.919,752.3,1450000000,1340438000.0,0.116
2026-09-30,99062KAB8,ZEPL,Zephizal Medical,Health Care,A-,6.25,2028-04-12,103.016,2026-09-30,2.917,4.197,44,1.416,1.416,62.3,2100000000,2224593000.0,0.1926
2026-09-30,99062KAC6,ZEPL,Zephizal Medical,Health Care,A-,6.75,2035-09-06,110.906,2026-09-30,0.45,5.207,90,6.769,6.769,609.2,400000000,445424000.0,0.0386
2026-09-30,99062KAD4,ZEPL,Zephizal Medical,Health Care,A-,4.125,2036-02-20,93.824,2026-09-30,0.458,4.955,63,7.594,7.594,478.4,550000000,518551000.0,0.0449
2026-09-30,99062KAE2,ZEPL,Zephizal Medical,Health Care,A-,4.75,2036-08-19,97.957,2026-09-30,0.541,5.014,67,7.743,7.743,518.8,1200000000,1181976000.0,0.1023
2026-09-30,99062KAF9,ZEPL,Zephizal Medical,Health Care,A-,4.875,2028-05-04,100.76,2026-09-30,1.977,4.374,61,1.492,1.492,91.0,2350000000,2414319500.0,0.209
2026-09-30,99063LAA7,VRAR,Vraxentor Retail,Consumer,BBB+,6.0,2032-02-18,102.938,2026-09-30,0.7,5.363,125,4.54,4.54,567.5,850000000,880923000.0,0.0763
2026-09-30,99063LAB5,VRAR,Vraxentor Retail,Consumer,BBB+,4.625,2037-01-13,90.207,2026-09-30,0.989,5.908,155,7.855,7.855,1217.5,2500000000,2279900000.0,0.1974
2026-09-30,99063LAC3,VRAR,Vraxentor Retail,Consumer,BBB+,5.125,2033-01-12,99.637,2026-09-30,1.11,5.192,102,5.254,5.254,535.9,900000000,906723000.0,0.0785
2026-09-30,99063LAD1,VRAR,Vraxentor Retail,Consumer,BBB+,5.125,2045-08-11,95.523,2026-09-30,0.698,5.509,98,11.733,11.733,1149.8,1700000000,1635757000.0,0.1416
2026-09-30,99063LAE9,VRAR,Vraxentor Retail,Consumer,BBB+,6.0,2028-08-16,102.527,2026-09-30,0.733,4.577,78,1.753,1.753,136.7,450000000,464670000.0,0.0402
2026-09-30,99063LAF6,VRAR,Vraxentor Retail,Consumer,BBB+,3.75,2031-02-02,95.192,2026-09-30,0.604,4.995,96,3.914,3.914,375.7,750000000,718470000.0,0.0622
2026-09-30,99063LAG4,VRAR,Vraxentor Retail,Consumer,BBB+,6.0,2038-05-17,103.455,2026-09-30,2.217,5.591,119,8.188,8.188,974.4,500000000,528360000.0,0.0457
2026-09-30,99064MAA4,HESR,Heskentor Resources,Energy,BBB-,6.25,2041-10-21,98.388,2026-09-30,2.76,6.418,194,9.353,9.353,1814.5,900000000,910332000.0,0.0788
2026-09-30,99064MAB2,HESR,Heskentor Resources,Energy,BBB-,5.625,2028-05-22,101.046,2026-09-30,2.0,4.95,118,1.527,1.527,180.2,1600000000,1648736000.0,0.1427
2026-09-30,99064MAC0,HESR,Heskentor Resources,Energy,BBB-,7.625,2036-09-22,112.884,2026-09-30,0.169,5.898,155,7.128,7.128,1104.8,900000000,1017477000.0,0.0881
2026-09-30,99065NAA1,RULL,Rulvizal Systems,Technology,A,4.375,2028-05-16,99.913,2026-09-30,1.628,4.428,66,1.531,1.531,101.0,2150000000,2183131500.0,0.189
2026-09-30,99065NAB9,RULL,Rulvizal Systems,Technology,A,5.75,2028-12-25,103.102,2026-09-30,1.517,4.277,44,2.059,2.059,90.6,1600000000,1673904000.0,0.1449
2026-09-30,99065NAC7,RULL,Rulvizal Systems,Technology,A,5.75,2040-12-12,102.711,2026-09-30,1.725,5.472,101,9.534,9.534,962.9,2250000000,2349810000.0,0.2034
2026-09-30,99066OAA8,NEVN,Nevostrin Water,Utilities,B-,11.0,2046-09-13,93.975,2026-09-30,0.519,11.789,725,7.661,7.661,5554.2,1650000000,1559151000.0,0.135
2026-09-30,99066OAB6,NEVN,Nevostrin Water,Utilities,B-,11.0,2037-03-13,96.616,2026-09-30,0.519,11.564,720,6.008,6.008,4325.8,1700000000,1651295000.0,0.143
2026-09-30,99066OAC4,NEVN,Nevostrin Water,Utilities,B-,9.5,2034-10-08,99.686,2026-09-30,4.539,9.556,529,5.282,5.282,2794.2,850000000,885912500.0,0.0767
2026-09-30,99066OAD2,NEVN,Nevostrin Water,Utilities,B-,10.625,2037-12-21,94.053,2026-09-30,2.922,11.579,719,6.12,6.12,4400.3,1450000000,1406137500.0,0.1217
2026-09-30,99067PAA4,DELE,Delverone Pharma,Health Care,A,6.0,2046-04-04,108.895,2026-09-30,2.933,5.265,73,11.473,11.473,837.5,400000000,447312000.0,0.0387
2026-09-30,99067PAB2,DELE,Delverone Pharma,Health Care,A,4.75,2028-11-13,100.789,2026-09-30,1.808,4.354,53,1.964,1.964,104.1,900000000,923373000.0,0.0799
2026-09-30,99067PAC0,DELE,Delverone Pharma,Health Care,A,3.5,2034-09-26,90.805,2026-09-30,0.039,4.905,64,6.81,6.81,435.8,1800000000,1635192000.0,0.1416
2026-09-30,99067PAD8,DELE,Delverone Pharma,Health Care,A,4.875,2029-07-19,101.06,2026-09-30,0.961,4.466,57,2.574,2.574,146.7,450000000,459094500.0,0.0397
2026-09-30,99067PAE6,DELE,Delverone Pharma,Health Care,A,4.125,2032-03-22,96.875,2026-09-30,0.092,4.78,66,4.829,4.829,318.7,400000000,387868000.0,0.0336
2026-09-30,99068QAA1,CORR,Corvovar Health,Health Care,A,3.875,2031-02-02,96.467,2026-09-30,0.624,4.785,75,3.91,3.91,293.2,1900000000,1844729000.0,0.1597
2026-09-30,99068QAB9,CORR,Corvovar Health,Health Care,A,2.5,2031-09-16,90.186,2026-09-30,0.097,4.743,66,4.566,4.566,301.4,1350000000,1218820500.0,0.1055
2026-09-30,99068QAC7,CORR,Corvovar Health,Health Care,A,5.0,2035-05-18,97.774,2026-09-30,1.833,5.324,103,6.786,6.786,699.0,2100000000,2091747000.0,0.1811
2026-09-30,99068QAD5,CORR,Corvovar Health,Health Care,A,4.875,2030-03-20,100.901,2026-09-30,0.135,4.591,63,3.161,3.161,199.1,700000000,707252000.0,0.0612
2026-09-30,99068QAE3,CORR,Corvovar Health,Health Care,A,5.5,2041-06-09,102.726,2026-09-30,1.696,5.231,76,9.906,9.906,752.9,400000000,417688000.0,0.0362
2026-09-30,99068QAF0,CORR,Corvovar Health,Health Care,A,5.375,2032-04-27,103.635,2026-09-30,2.284,4.627,50,4.692,4.692,234.6,850000000,900311500.0,0.0779
2026-09-30,99068QAG8,CORR,Corvovar Health,Health Care,A,4.625,2037-03-27,96.059,2026-09-30,0.039,5.115,75,8.167,8.167,612.5,500000000,480490000.0,0.0416
2026-09-30,99069RAA8,FESR,Feskovar Devices,Technology,CCC+,11.0,2035-07-13,92.687,2026-09-30,2.353,12.381,808,5.264,5.264,4253.3,2200000000,2090880000.0,0.181
2026-09-30,99069RAB6,FESR,Feskovar Devices,Technology,CCC+,11.0,2038-05-02,95.42,2026-09-30,4.522,11.729,733,6.049,6.049,4433.9,850000000,849507000.0,0.0735
2026-09-30,99069RAC4,FESR,Feskovar Devices,Technology,CCC+,10.75,2028-08-08,87.116,2026-09-30,1.553,19.304,1551,1.546,1.546,2397.8,1000000000,886690000.0,0.0768
2026-09-30,99069RAD2,FESR,Feskovar Devices,Technology,CCC+,8.875,2040-11-21,87.473,2026-09-30,3.18,10.601,614,7.252,7.252,4452.7,900000000,815877000.0,0.0706
2026-09-30,99070SAA3,DRAR,Dralazor Utilities,Utilities,BBB+,6.375,2055-07-19,115.238,2026-09-30,1.257,5.333,75,13.984,13.984,1048.8,2150000000,2504642500.0,0.2168
2026-09-30,99070SAB1,DRAR,Dralazor Utilities,Utilities,BBB+,6.75,2045-12-07,114.666,2026-09-30,2.119,5.502,97,11.075,11.075,1074.3,1400000000,1634990000.0,0.1415
2026-09-30,99070SAC9,DRAR,Dralazor Utilities,Utilities,BBB+,5.375,2033-01-18,101.281,2026-09-30,1.075,5.133,96,5.244,5.244,503.4,2350000000,2405366000.0,0.2082
2026-09-30,99070SAD7,DRAR,Dralazor Utilities,Utilities,BBB+,3.625,2036-02-28,88.009,2026-09-30,0.322,5.256,93,7.716,7.716,717.6,550000000,485820500.0,0.0421
2026-09-30,99070SAE5,DRAR,Dralazor Utilities,Utilities,BBB+,6.25,2049-12-17,104.098,2026-09-30,1.788,5.922,136,12.186,12.186,1657.3,2500000000,2647150000.0,0.2292
2026-09-30,99070SAF2,DRAR,Dralazor Utilities,Utilities,BBB+,4.375,2033-05-21,96.483,2026-09-30,1.568,5.003,81,5.586,5.586,452.5,850000000,833433500.0,0.0722
2026-09-30,99071TAA0,CORL,Corvoquil Metals,Materials,A-,4.625,2028-09-27,99.783,2026-09-30,0.039,4.74,93,1.88,1.88,174.8,350000000,349377000.0,0.0302
2026-09-30,99071TAB8,CORL,Corvoquil Metals,Materials,A-,5.0,2028-04-11,100.633,2026-09-30,2.347,4.566,81,1.426,1.426,115.5,1800000000,1853640000.0,0.1605
2026-09-30,99071TAC6,CORL,Corvoquil Metals,Materials,A-,4.75,2052-11-17,91.799,2026-09-30,1.755,5.335,76,14.087,14.087,1070.6,2400000000,2245296000.0,0.1944
2026-09-30,99071TAD4,CORL,Corvoquil Metals,Materials,A-,4.875,2033-07-18,99.89,2026-09-30,0.975,4.893,69,5.674,5.674,391.5,650000000,655622500.0,0.0568
2026-09-30,99071TAE2,CORL,Corvoquil Metals,Materials,A-,5.75,2044-01-11,101.849,2026-09-30,1.262,5.581,107,10.799,10.799,1155.5,500000000,515555000.0,0.0446
2026-09-30,99071TAF9,CORL,Corvoquil Metals,Materials,A-,6.875,2034-03-13,110.64,2026-09-30,0.325,5.138,90,5.873,5.873,528.6,1350000000,1498027500.0,0.1297
2026-09-30,99071TAG7,CORL,Corvoquil Metals,Materials,A-,4.0,2031-03-03,97.612,2026-09-30,0.3,4.602,56,3.991,3.991,223.5,1950000000,1909284000.0,0.1653
2026-09-30,99071TAH5,CORL,Corvoquil Metals,Materials,A-,4.625,2028-11-04,100.557,2026-09-30,1.876,4.342,52,1.942,1.942,101.0,750000000,768247500.0,0.0665
2026-09-30,99072UAA6,ZEPE,Zephane Utilities,Utilities,B,6.625,2037-11-02,85.32,2026-09-30,2.724,8.715,433,7.185,7.185,3111.1,300000000,264132000.0,0.0229
2026-09-30,99072UAB4,ZEPE,Zephane Utilities,Utilities,B,8.125,2030-09-17,102.812,2026-09-30,0.293,7.294,329,3.344,3.344,1100.2,400000000,412420000.0,0.0357
2026-09-30,99072UAC2,ZEPE,Zephane Utilities,Utilities,B,6.75,2031-01-17,98.665,2026-09-30,1.369,7.112,308,3.619,3.619,1114.7,350000000,350119000.0,0.0303
2026-09-30,99072UAD0,ZEPE,Zephane Utilities,Utilities,B,6.625,2027-11-27,98.752,2026-09-30,2.264,7.76,405,1.069,1.069,432.9,2050000000,2070828000.0,0.1793
2026-09-30,99072UAE8,ZEPE,Zephane Utilities,Utilities,B,7.5,2052-12-27,103.199,2026-09-30,1.938,7.225,265,11.403,11.403,3021.8,2200000000,2313014000.0,0.2002
2026-09-30,99072UAF5,ZEPE,Zephane Utilities,Utilities,B,9.125,2038-05-15,40.306,2026-09-30,3.422,25.14,2074,4.055,4.055,8410.1,750000000,327960000.0,0.0284
2026-09-30,99073VAA3,ZEPR,Zephentor Utilities,Utilities,AA-,5.25,2031-12-14,102.827,2026-09-30,1.546,4.631,53,4.462,4.462,236.5,700000000,730611000.0,0.0633
2026-09-30,99073VAB1,ZEPR,Zephentor Utilities,Utilities,AA-,5.25,2037-02-16,104.204,2026-09-30,0.642,4.732,37,7.949,7.949,294.1,1950000000,2044497000.0,0.177
2026-09-30,99073VAC9,ZEPR,Zephentor Utilities,Utilities,AA-,5.625,2038-04-25,105.806,2026-09-30,2.422,4.959,56,8.349,8.349,467.5,2450000000,2651586000.0,0.2296
2026-09-30,99073VAD7,ZEPR,Zephentor Utilities,Utilities,AA-,2.75,2038-07-18,81.098,2026-09-30,0.55,4.875,47,9.629,9.629,452.6,950000000,775656000.0,0.0671
2026-09-30,99073VAE5,ZEPR,Zephentor Utilities,Utilities,AA-,4.625,2055-11-19,92.914,2026-09-30,1.683,5.094,51,15.13,15.13,771.6,550000000,520283500.0,0.045
2026-09-30,99074WAA0,WYXA,Wyxundra Energy,Energy,B+,7.5,2028-04-07,101.3,2026-09-30,3.604,6.585,283,1.37,1.37,387.7,2150000000,2255436000.0,0.1953
2026-09-30,99074WAB8,WYXA,Wyxundra Energy,Energy,B+,10.625,2036-08-01,105.999,2026-09-30,1.741,9.662,532,6.047,6.047,3217.0,700000000,754180000.0,0.0653
2026-09-30,99074WAC6,WYXA,Wyxundra Energy,Energy,B+,10.375,2036-12-07,107.601,2026-09-30,3.257,9.205,485,6.185,6.185,2999.7,550000000,609719000.0,0.0528
2026-09-30,99074WAD4,WYXA,Wyxundra Energy,Energy,B+,6.75,2056-02-23,86.884,2026-09-30,0.694,7.904,332,11.558,11.558,3837.3,2250000000,1970505000.0,0.1706
2026-09-30,99074WAE2,WYXA,Wyxundra Energy,Energy,B+,10.375,2052-04-01,113.847,2026-09-30,5.159,8.983,441,9.317,9.317,4108.8,400000000,476024000.0,0.0412
2026-09-30,99074WAF9,WYXA,Wyxundra Energy,Energy,B+,7.875,2036-09-15,103.322,2026-09-30,0.328,7.397,305,6.86,6.86,2092.3,2500000000,2591250000.0,0.2243
2026-09-30,99075XAA7,CORA,Corvundra Brands,Consumer,BB,6.875,2039-07-17,101.294,2026-09-30,1.394,6.721,229,8.344,8.344,1910.8,550000000,564784000.0,0.0489
2026-09-30,99075XAB5,CORA,Corvundra Brands,Consumer,BB,8.25,2036-01-04,109.396,2026-09-30,1.971,6.86,254,6.443,6.443,1636.5,300000000,334101000.0,0.0289
2026-09-30,99075XAC3,CORA,Corvundra Brands,Consumer,BB,7.375,2030-11-06,103.042,2026-09-30,2.95,6.515,250,3.41,3.41,852.5,2150000000,2278828000.0,0.1973
2026-09-30,99075XAD1,CORA,Corvundra Brands,Consumer,BB,5.75,2037-01-22,87.256,2026-09-30,1.086,7.549,319,7.352,7.352,2345.3,1650000000,1457643000.0,0.1262
2026-09-30,99075XAE9,CORA,Corvundra Brands,Consumer,BB,7.375,2035-11-12,99.857,2026-09-30,2.827,7.395,308,6.373,6.373,1962.9,450000000,462078000.0,0.04
2026-09-30,99075XAF6,CORA,Corvundra Brands,Consumer,BB,4.875,2034-02-27,89.764,2026-09-30,0.447,6.646,241,6.003,6.003,1446.7,450000000,405949500.0,0.0351
2026-09-30,99075XAG4,CORA,Corvundra Brands,Consumer,BB,5.875,2029-11-24,99.835,2026-09-30,2.056,5.93,200,2.781,2.781,556.2,950000000,967964500.0,0.0838
2026-09-30,99075XAH2,CORA,Corvundra Brands,Consumer,BB,5.75,2031-12-28,95.573,2026-09-30,1.469,6.764,266,4.369,4.369,1162.2,600000000,582252000.0,0.0504
2026-09-30,99076YAA4,LORN,Lorvebran Paper,Materials,BB,4.0,2030-11-26,93.782,2026-09-30,1.378,5.7,168,3.698,3.698,621.3,550000000,523380000.0,0.0453
2026-09-30,99076YAB2,LORN,Lorvebran Paper,Materials,BB,6.625,2034-09-10,102.933,2026-09-30,0.368,6.152,189,6.121,6.121,1156.9,700000000,723107000.0,0.0626
2026-09-30,99076YAC0,LORN,Lorvebran Paper,Materials,BB,8.0,2035-06-27,109.248,2026-09-30,2.067,6.589,229,6.24,6.24,1429.0,2150000000,2393272500.0,0.2072
2026-09-30,99076YAD8,LORN,Lorvebran Paper,Materials,BB,5.5,2029-09-04,100.642,2026-09-30,0.397,5.259,135,2.665,2.665,359.8,1850000000,1869221500.0,0.1618
2026-09-30,99076YAE6,LORN,Lorvebran Paper,Materials,BB,5.875,2030-10-11,100.942,2026-09-30,2.758,5.61,160,3.456,3.456,553.0,900000000,933300000.0,0.0808
2026-09-30,99077ZAA0,MORX,Morvellix Networks,Telecom,BB-,7.0,2035-09-15,100.934,2026-09-30,0.292,6.858,255,6.57,6.57,1675.4,1700000000,1720842000.0,0.149
2026-09-30,99077ZAB8,MORX,Morvellix Networks,Telecom,BB-,6.125,2055-12-21,85.722,2026-09-30,1.684,7.314,273,12.139,12.139,3313.9,1250000000,1092575000.0,0.0946
2026-09-30,99077ZAC6,MORX,Morvellix Networks,Telecom,BB-,6.25,2029-06-09,101.133,2026-09-30,1.927,5.785,190,2.405,2.405,457.0,1300000000,1339780000.0,0.116
2026-09-30,99078AAA4,HESA,Heskundra Retail,Consumer,A-,5.75,2052-09-09,103.938,2026-09-30,0.335,5.464,89,13.596,13.596,1210.0,1550000000,1616231500.0,0.1399
2026-09-30,99078AAB2,HESA,Heskundra Retail,Consumer,A-,4.5,2031-12-10,97.196,2026-09-30,1.375,5.12,102,4.502,4.502,459.2,2350000000,2316418500.0,0.2005
2026-09-30,99078AAC0,HESA,Heskundra Retail,Consumer,A-,7.375,2037-06-11,117.825,2026-09-30,2.233,5.182,81,7.517,7.517,608.9,1400000000,1680812000.0,0.1455
2026-09-30,99078AAD8,HESA,Heskundra Retail,Consumer,A-,5.125,2036-03-11,97.564,2026-09-30,0.27,5.458,113,7.357,7.357,831.3,1700000000,1663178000.0,0.144
2026-09-30,99078AAE6,HESA,Heskundra Retail,Consumer,A-,7.125,2035-12-21,112.633,2026-09-30,1.959,5.369,105,6.768,6.768,710.6,450000000,515664000.0,0.0446
2026-09-30,99079BAA1,RULR,Rulvazor Utilities,Utilities,A+,5.625,2035-03-26,105.71,2026-09-30,0.062,4.798,51,6.751,6.751,344.3,1500000000,1586580000.0,0.1374
2026-09-30,99079BAB9,RULR,Rulvazor Utilities,Utilities,A+,4.75,2029-11-18,100.983,2026-09-30,1.742,4.409,48,2.838,2.838,136.2,650000000,667712500.0,0.0578
2026-09-30,99079BAC7,RULR,Rulvazor Utilities,Utilities,A+,3.75,2036-06-08,91.375,2026-09-30,1.167,4.877,54,7.837,7.837,423.2,1900000000,1758298000.0,0.1522
2026-09-30,99080CAA6,BEZE,Bezane Finance,Financials,BBB-,5.625,2028-03-16,99.993,2026-09-30,0.219,5.628,188,1.382,1.382,259.8,950000000,952014000.0,0.0824
2026-09-30,99080CAB4,BEZE,Bezane Finance,Financials,BBB-,3.5,2036-06-27,81.371,2026-09-30,0.904,6.059,172,7.824,7.824,1345.7,950000000,781612500.0,0.0677
2026-09-30,99080CAC2,BEZE,Bezane Finance,Financials,BBB-,6.875,2035-04-10,105.302,2026-09-30,3.247,6.069,178,6.26,6.26,1114.3,850000000,922666500.0,0.0799
2026-09-30,99080CAD0,BEZE,Bezane Finance,Financials,BBB-,5.875,2041-07-20,92.999,2026-09-30,1.142,6.623,215,9.462,9.462,2034.3,2450000000,2306454500.0,0.1997
2026-09-30,99080CAE8,BEZE,Bezane Finance,Financials,BBB-,7.0,2032-06-18,106.727,2026-09-30,1.983,5.606,147,4.627,4.627,680.2,1650000000,1793715000.0,0.1553
2026-09-30,99080CAF5,BEZE,Bezane Finance,Financials,BBB-,7.125,2037-04-15,106.622,2026-09-30,3.266,6.257,189,7.238,7.238,1368.0,2450000000,2692256000.0,0.2331
2026-09-30,99081DAA3,KRIL,Krilizal Power,Utilities,B+,4.75,2035-08-21,86.693,2026-09-30,0.515,6.765,246,6.942,6.942,1707.7,1000000000,872080000.0,0.0755
2026-09-30,99081DAB1,KRIL,Krilizal Power,Utilities,B+,6.875,2035-12-24,93.67,2026-09-30,1.833,7.849,353,6.514,6.514,2299.4,1650000000,1575799500.0,0.1364
2026-09-30,99081DAC9,KRIL,Krilizal Power,Utilities,B+,6.875,2031-04-28,97.517,2026-09-30,2.903,7.524,347,3.741,3.741,1298.1,2000000000,2008400000.0,0.1739
2026-09-30,99081DAD7,KRIL,Krilizal Power,Utilities,B+,7.75,2031-09-15,99.136,2026-09-30,0.323,7.963,388,4.033,4.033,1564.8,300000000,298377000.0,0.0258
2026-09-30,99081DAE5,KRIL,Krilizal Power,Utilities,B+,8.125,2034-05-06,100.155,2026-09-30,3.25,8.095,385,5.418,5.418,2085.9,2050000000,2119802500.0,0.1835
2026-09-30,99081DAF2,KRIL,Krilizal Power,Utilities,B+,6.25,2029-07-11,99.802,2026-09-30,1.372,6.324,243,2.483,2.483,603.4,1750000000,1770545000.0,0.1533
2026-09-30,99082EAA0,WYXY,Wyxolvey Retail,Consumer,BB-,5.75,2033-04-24,96.094,2026-09-30,2.492,6.489,230,5.228,5.228,1202.4,1250000000,1232325000.0,0.1067
2026-09-30,99082EAB8,WYXY,Wyxolvey Retail,Consumer,BB-,4.375,2028-12-07,97.461,2026-09-30,1.373,5.622,179,2.023,2.023,362.1,2300000000,2273182000.0,0.1968
2026-09-30,99082EAC6,WYXY,Wyxolvey Retail,Consumer,BB-,10.0,2054-06-12,119.305,2026-09-30,3.0,8.22,364,10.298,10.298,3748.5,1750000000,2140337500.0,0.1853
2026-09-30,99083FAA6,KEZX,Kezellix Chemicals,Materials,BB+,4.375,2038-06-20,88.36,2026-09-30,1.215,5.753,135,8.736,8.736,1179.4,1200000000,1074900000.0,0.0931
2026-09-30,99083FAB4,KEZX,Kezellix Chemicals,Materials,BB+,5.625,2031-03-14,98.0,2026-09-30,0.25,6.144,210,3.869,3.869,812.5,700000000,687750000.0,0.0595
2026-09-30,99083FAC2,KEZX,Kezellix Chemicals,Materials,BB+,7.375,2035-10-28,105.062,2026-09-30,3.114,6.623,231,6.43,6.43,1485.3,1900000000,2055344000.0,0.1779
2026-09-30,99083FAD0,KEZX,Kezellix Chemicals,Materials,BB+,5.5,2028-09-10,100.371,2026-09-30,0.306,5.295,149,1.818,1.818,270.9,1050000000,1057108500.0,0.0915
2026-09-30,99084GAA3,MULA,Mulvundra Machinery,Industrials,A-,4.375,2031-04-13,98.56,2026-09-30,2.03,4.731,68,3.982,3.982,270.8,2050000000,2062095000.0,0.1785
2026-09-30,99084GAB1,MULA,Mulvundra Machinery,Industrials,A-,5.375,2035-07-14,102.411,2026-09-30,1.135,5.031,73,6.892,6.892,503.1,850000000,880141000.0,0.0762
2026-09-30,99084GAC9,MULA,Mulvundra Machinery,Industrials,A-,7.0,2036-11-01,111.973,2026-09-30,2.897,5.441,109,7.182,7.182,782.8,2150000000,2469705000.0,0.2138
2026-09-30,99084GAD7,MULA,Mulvundra Machinery,Industrials,A-,5.375,2032-02-16,101.682,2026-09-30,0.657,5.013,90,4.603,4.603,414.3,1000000000,1023390000.0,0.0886
2026-09-30,99084GAE5,MULA,Mulvundra Machinery,Industrials,A-,5.25,2038-01-20,101.432,2026-09-30,1.021,5.081,69,8.392,8.392,579.0,2150000000,2202739500.0,0.1907
2026-09-30,99084GAF2,MULA,Mulvundra Machinery,Industrials,A-,3.875,2027-11-25,99.624,2026-09-30,1.345,4.209,50,1.101,1.101,55.0,1600000000,1615504000.0,0.1399
2026-09-30,99084GAG0,MULA,Mulvundra Machinery,Industrials,A-,3.75,2037-02-01,87.127,2026-09-30,0.615,5.39,103,8.237,8.237,848.4,2200000000,1930324000.0,0.1671
2026-09-30,99085HAA0,TROR,Tromazor Resources,Energy,BBB-,6.125,2035-10-14,99.409,2026-09-30,2.824,6.211,190,6.665,6.665,1266.4,1150000000,1175679500.0,0.1018
2026-09-30,99085HAB8,TROR,Tromazor Resources,Energy,BBB-,4.25,2032-04-13,94.402,2026-09-30,1.972,5.434,131,4.741,4.741,621.1,500000000,481870000.0,0.0417
2026-09-30,99085HAC6,TROR,Tromazor Resources,Energy,BBB-,5.25,2050-12-27,93.162,2026-09-30,1.356,5.777,121,13.032,13.032,1576.9,2500000000,2362950000.0,0.2046
2026-09-30,99085HAD4,TROR,Tromazor Resources,Energy,BBB-,5.375,2035-11-03,95.974,2026-09-30,2.195,5.954,164,6.899,6.899,1131.4,300000000,294507000.0,0.0255
2026-09-30,99085HAE2,TROR,Tromazor Resources,Energy,BBB-,5.0,2029-03-19,99.536,2026-09-30,0.153,5.202,134,2.291,2.291,307.0,1150000000,1146423500.0,0.0992
2026-09-30,99085HAF9,TROR,Tromazor Resources,Energy,BBB-,5.375,2032-08-24,99.929,2026-09-30,0.537,5.388,124,4.973,4.973,616.7,650000000,653029000.0,0.0565
2026-09-30,99085HAG7,TROR,Tromazor Resources,Energy,BBB-,5.375,2029-04-18,100.218,2026-09-30,2.419,5.281,141,2.3,2.3,324.3,2150000000,2206695500.0,0.191
2026-09-30,99085HAH5,TROR,Tromazor Resources,Energy,BBB-,6.125,2030-09-06,102.388,2026-09-30,0.408,5.441,144,3.453,3.453,497.2,1050000000,1079358000.0,0.0934
2026-09-30,99086IAA7,YARA,Yarvundra Pipeline,Energy,BBB-,4.375,2027-10-27,99.889,2026-09-30,1.859,4.479,78,1.02,1.02,79.6,2050000000,2085834000.0,0.1806
2026-09-30,99086IAB5,YARA,Yarvundra Pipeline,Energy,BBB-,4.25,2031-10-24,96.499,2026-09-30,1.842,5.041,95,4.405,4.405,418.5,750000000,737557500.0,0.0639
2026-09-30,99086IAC3,YARA,Yarvundra Pipeline,Energy,BBB-,4.5,2027-10-07,99.938,2026-09-30,2.163,4.562,87,0.965,0.965,84.0,2350000000,2399373500.0,0.2077
2026-09-30,99087JAA4,KRIX,Krilellix Networks,Telecom,BBB-,4.5,2031-07-03,96.187,2026-09-30,1.087,5.418,135,4.167,4.167,562.5,2350000000,2285939000.0,0.1979
2026-09-30,99087JAB2,KRIX,Krilellix Networks,Telecom,BBB-,8.0,2034-04-15,107.46,2026-09-30,3.667,6.722,248,5.498,5.498,1363.5,2300000000,2555921000.0,0.2213
2026-09-30,99087JAC0,KRIX,Krilellix Networks,Telecom,BBB-,7.875,2032-08-26,108.642,2026-09-30,0.744,6.108,196,4.71,4.71,923.2,1450000000,1586097000.0,0.1373
2026-09-30,99087JAD8,KRIX,Krilellix Networks,Telecom,BBB-,4.75,2034-05-27,92.999,2026-09-30,1.623,5.898,165,6.166,6.166,1017.4,750000000,709665000.0,0.0614
2026-09-30,99087JAE6,KRIX,Krilellix Networks,Telecom,BBB-,6.25,2029-10-04,102.536,2026-09-30,3.056,5.327,141,2.643,2.643,372.7,1750000000,1847860000.0,0.16
2026-09-30,99087JAF3,KRIX,Krilellix Networks,Telecom,BBB-,5.5,2033-07-19,97.923,2026-09-30,1.085,5.873,167,5.53,5.53,923.5,2400000000,2376192000.0,0.2057
2026-09-30,99087JAG1,KRIX,Krilellix Networks,Telecom,BBB-,6.625,2033-05-09,102.371,2026-09-30,2.595,6.181,199,5.18,5.18,1030.8,1400000000,1469524000.0,0.1272
2026-09-30,99087JAH9,KRIX,Krilellix Networks,Telecom,BBB-,7.0,2028-02-02,101.626,2026-09-30,1.128,5.713,198,1.253,1.253,248.1,1300000000,1335802000.0,0.1156
2026-09-30,99088KAA0,GALX,Galvellix Paper,Materials,B-,6.5,2028-02-27,98.352,2026-09-30,0.596,7.751,401,1.31,1.31,525.3,1800000000,1781064000.0,0.1542
2026-09-30,99088KAB8,GALX,Galvellix Paper,Materials,B-,7.0,2027-10-27,99.79,2026-09-30,2.975,7.199,350,0.989,0.989,346.2,1550000000,1592857500.0,0.1379
2026-09-30,99088KAC6,GALX,Galvellix Paper,Materials,B-,8.0,2028-09-17,99.502,2026-09-30,0.289,8.277,447,1.778,1.778,794.8,1400000000,1397074000.0,0.1209
2026-09-30,99088KAD4,GALX,Galvellix Paper,Materials,B-,7.625,2031-04-17,99.703,2026-09-30,3.452,7.702,365,3.655,3.655,1334.1,1600000000,1650480000.0,0.1429
2026-09-30,99088KAE2,GALX,Galvellix Paper,Materials,B-,10.75,2034-12-22,104.528,2026-09-30,2.926,9.926,565,5.308,5.308,2999.0,1350000000,1450629000.0,0.1256
2026-09-30,99088KAF9,GALX,Galvellix Paper,Materials,B-,7.875,2029-05-10,99.22,2026-09-30,3.062,8.207,433,2.247,2.247,973.0,2100000000,2147922000.0,0.1859
2026-09-30,99088KAG7,GALX,Galvellix Paper,Materials,B-,7.0,2028-01-20,97.582,2026-09-30,1.361,8.989,526,1.201,1.201,631.7,2150000000,2127274500.0,0.1842
2026-09-30,99088KAH5,GALX,Galvellix Paper,Materials,B-,9.25,2038-06-17,87.457,2026-09-30,2.647,11.193,679,6.506,6.506,4417.6,800000000,720832000.0,0.0624
2026-09-30,99089LAA7,ELVE,Elverone Industrial,Industrials,BBB-,3.375,2029-12-16,93.884,2026-09-30,0.975,5.476,154,2.954,2.954,454.9,700000000,664013000.0,0.0575
2026-09-30,99089LAB5,ELVE,Elverone Industrial,Industrials,BBB-,5.125,2028-05-04,100.361,2026-09-30,2.078,4.884,112,1.485,1.485,166.3,850000000,870731500.0,0.0754
2026-09-30,99089LAC3,ELVE,Elverone Industrial,Industrials,BBB-,6.625,2049-05-06,101.843,2026-09-30,2.65,6.468,191,11.44,11.44,2185.0,1750000000,1828627500.0,0.1583
2026-09-30,99089LAD1,ELVE,Elverone Industrial,Industrials,BBB-,3.625,2028-06-01,98.002,2026-09-30,1.198,4.883,111,1.577,1.577,175.0,2450000000,2430400000.0,0.2104
2026-09-30,99089LAE9,ELVE,Elverone Industrial,Industrials,BBB-,5.625,2030-08-02,102.491,2026-09-30,0.906,4.903,91,3.398,3.398,309.2,1250000000,1292462500.0,0.1119
2026-09-30,99089LAF6,ELVE,Elverone Industrial,Industrials,BBB-,5.375,2038-05-08,96.932,2026-09-30,2.12,5.74,134,8.307,8.307,1113.1,1850000000,1832462000.0,0.1586
2026-09-30,99089LAG4,ELVE,Elverone Industrial,Industrials,BBB-,6.75,2031-08-26,106.013,2026-09-30,0.637,5.339,126,4.144,4.144,522.1,1100000000,1173150000.0,0.1016
2026-09-30,99090MAA2,JAXN,Jaxostrin Industrial,Industrials,A+,4.75,2030-12-16,100.809,2026-09-30,1.372,4.535,51,3.733,3.733,190.4,1300000000,1328353000.0,0.115
2026-09-30,99090MAB0,JAXN,Jaxostrin Industrial,Industrials,A+,1.5,2028-02-08,96.496,2026-09-30,0.217,4.185,45,1.317,1.317,59.3,550000000,531921500.0,0.046
2026-09-30,99090MAC8,JAXN,Jaxostrin Industrial,Industrials,A+,4.625,2032-07-06,99.374,2026-09-30,1.079,4.749,61,4.954,4.954,302.2,600000000,602718000.0,0.0522
2026-09-30,99090MAD6,JAXN,Jaxostrin Industrial,Industrials,A+,4.25,2038-02-17,94.018,2026-09-30,0.508,4.943,55,8.791,8.791,483.5,1650000000,1559679000.0,0.135
2026-09-30,99090MAE4,JAXN,Jaxostrin Industrial,Industrials,A+,4.5,2034-09-06,96.997,2026-09-30,0.3,4.962,70,6.554,6.554,458.8,1750000000,1702697500.0,0.1474
2026-09-30,99091NAA9,VRAN,Vraxorin Bancorp,Financials,A-,4.125,2035-09-03,92.283,2026-09-30,0.309,5.217,91,7.274,7.274,661.9,1550000000,1435176000.0,0.1242
2026-09-30,99091NAB7,VRAN,Vraxorin Bancorp,Financials,A-,4.0,2030-11-08,97.826,2026-09-30,1.578,4.586,57,3.679,3.679,209.7,2200000000,2186888000.0,0.1893
2026-09-30,99091NAC5,VRAN,Vraxorin Bancorp,Financials,A-,5.0,2038-04-16,99.495,2026-09-30,2.278,5.058,66,8.487,8.487,560.1,1250000000,1272162500.0,0.1101
2026-09-30,99091NAD3,VRAN,Vraxorin Bancorp,Financials,A-,5.75,2033-08-03,104.44,2026-09-30,0.91,4.975,77,5.593,5.593,430.7,500000000,526750000.0,0.0456
2026-09-30,99091NAE1,VRAN,Vraxorin Bancorp,Financials,A-,4.375,2027-11-11,99.911,2026-09-30,1.689,4.454,75,1.058,1.058,79.4,1350000000,1371600000.0,0.1187
2026-09-30,99091NAF8,VRAN,Vraxorin Bancorp,Financials,A-,4.75,2028-05-03,100.339,2026-09-30,1.94,4.524,76,1.49,1.49,113.2,1750000000,1789882500.0,0.155
2026-09-30,99092OAA6,RULE,Rulvane Aerospace,Industrials,BBB-,5.5,2031-04-25,99.705,2026-09-30,2.368,5.573,152,3.899,3.899,592.6,1250000000,1275912500.0,0.1105
2026-09-30,99092OAB4,RULE,Rulvane Aerospace,Industrials,BBB-,6.625,2033-02-13,99.621,2026-09-30,0.865,6.697,252,5.082,5.082,1280.7,300000000,301458000.0,0.0261
2026-09-30,99092OAC2,RULE,Rulvane Aerospace,Industrials,BBB-,6.125,2034-01-17,101.782,2026-09-30,1.242,5.82,159,5.768,5.768,917.1,750000000,772680000.0,0.0669
2026-09-30,99092OAD0,RULE,Rulvane Aerospace,Industrials,BBB-,6.5,2037-01-17,100.741,2026-09-30,1.318,6.399,204,7.344,7.344,1498.2,1050000000,1071619500.0,0.0928
2026-09-30,99092OAE8,RULE,Rulvane Aerospace,Industrials,BBB-,5.75,2030-04-23,99.618,2026-09-30,2.508,5.869,190,3.102,3.102,589.4,2400000000,2451024000.0,0.2122
2026-09-30,99093PAA2,TROE,Tromithe Medical,Health Care,BB+,4.375,2027-12-26,99.287,2026-09-30,1.142,4.97,125,1.178,1.178,147.2,1800000000,1807722000.0,0.1565
2026-09-30,99093PAB0,TROE,Tromithe Medical,Health Care,BB+,6.375,2030-06-01,101.051,2026-09-30,2.107,6.048,207,3.17,3.17,656.2,450000000,464211000.0,0.0402
2026-09-30,99093PAC8,TROE,Tromithe Medical,Health Care,BB+,6.5,2037-05-14,102.848,2026-09-30,2.456,6.13,176,7.467,7.467,1314.2,950000000,1000388000.0,0.0866
2026-09-30,99093PAD6,TROE,Tromithe Medical,Health Care,BB+,5.5,2029-11-24,100.854,2026-09-30,1.925,5.2,127,2.81,2.81,356.9,1750000000,1798632500.0,0.1557
2026-09-30,99093PAE4,TROE,Tromithe Medical,Health Care,BB+,5.75,2030-12-22,101.69,2026-09-30,1.565,5.296,127,3.664,3.664,465.3,850000000,877667500.0,0.076
2026-09-30,99093PAF1,TROE,Tromithe Medical,Health Care,BB+,7.0,2028-09-07,102.412,2026-09-30,0.447,5.664,186,1.788,1.788,332.6,1900000000,1954321000.0,0.1692
2026-09-30,99093PAG9,TROE,Tromithe Medical,Health Care,BB+,7.625,2036-04-09,110.808,2026-09-30,3.622,6.111,178,6.659,6.659,1185.3,2500000000,2860750000.0,0.2477
2026-09-30,99093PAH7,TROE,Tromithe Medical,Health Care,BB+,5.75,2034-12-10,98.365,2026-09-30,1.757,6.004,173,6.329,6.329,1094.9,550000000,550671000.0,0.0477
2026-09-30,99094QAA9,NEVE,Nevane Machinery,Industrials,A-,5.125,2032-08-25,101.096,2026-09-30,0.498,4.908,76,5.025,5.025,381.9,400000000,406376000.0,0.0352
2026-09-30,99094QAB7,NEVE,Nevane Machinery,Industrials,A-,4.625,2032-04-19,96.81,2026-09-30,2.068,5.295,117,4.721,4.721,552.4,650000000,642707000.0,0.0556
2026-09-30,99094QAC5,NEVE,Nevane Machinery,Industrials,A-,4.875,2053-04-13,91.379,2026-09-30,2.261,5.496,92,13.886,13.886,1277.5,2000000000,1872800000.0,0.1621
2026-09-30,99094QAD3,NEVE,Nevane Machinery,Industrials,A-,6.5,2035-09-15,107.449,2026-09-30,0.271,5.438,113,6.81,6.81,769.5,450000000,484740000.0,0.042
2026-09-30,99095RAA6,SYLR,Sylvazor Power,Utilities,AA-,3.5,2036-12-22,89.614,2026-09-30,0.953,4.796,44,8.291,8.291,364.8,700000000,633969000.0,0.0549
2026-09-30,99095RAB4,SYLR,Sylvazor Power,Utilities,AA-,4.375,2033-01-16,98.492,2026-09-30,0.899,4.653,48,5.389,5.389,258.7,1500000000,1490865000.0,0.1291
2026-09-30,99095RAC2,SYLR,Sylvazor Power,Utilities,AA-,5.75,2034-05-14,106.609,2026-09-30,2.172,4.707,46,6.06,6.06,278.8,2350000000,2556353500.0,0.2213
2026-09-30,99096SAA3,THAX,Thalulex Retail,Consumer,BBB+,5.375,2031-01-05,100.581,2026-09-30,1.269,5.219,119,3.725,3.725,443.3,700000000,712950000.0,0.0617
2026-09-30,99096SAB1,THAX,Thalulex Retail,Consumer,BBB+,5.875,2037-06-17,103.053,2026-09-30,1.681,5.493,112,7.802,7.802,873.8,2250000000,2356515000.0,0.204
2026-09-30,99096SAC9,THAX,Thalulex Retail,Consumer,BBB+,6.375,2035-03-01,104.424,2026-09-30,0.514,5.705,142,6.472,6.472,919.0,800000000,839504000.0,0.0727
2026-09-30,99096SAD7,THAX,Thalulex Retail,Consumer,BBB+,5.625,2038-06-16,98.493,2026-09-30,1.625,5.803,140,8.326,8.326,1165.6,850000000,851003000.0,0.0737
2026-09-30,99096SAE5,THAX,Thalulex Retail,Consumer,BBB+,4.625,2036-05-09,95.079,2026-09-30,1.811,5.284,95,7.469,7.469,709.6,850000000,823565000.0,0.0713
2026-09-30,99096SAF2,THAX,Thalulex Retail,Consumer,BBB+,6.625,2044-06-18,110.862,2026-09-30,1.877,5.646,113,10.574,10.574,1194.9,650000000,732803500.0,0.0634
2026-09-30,99096SAG0,THAX,Thalulex Retail,Consumer,BBB+,5.75,2035-01-10,101.848,2026-09-30,1.278,5.468,119,6.46,6.46,768.7,1400000000,1443764000.0,0.125
2026-09-30,99097TAA0,CORX,Corvulex Logistics,Transportation,BBB,4.75,2031-06-02,99.658,2026-09-30,1.557,4.831,77,4.082,4.082,314.3,1400000000,1417010000.0,0.1227
2026-09-30,99097TAB8,CORX,Corvulex Logistics,Transportation,BBB,4.25,2038-02-20,86.646,2026-09-30,0.472,5.874,148,8.643,8.643,1279.2,2300000000,2003714000.0,0.1735
2026-09-30,99097TAC6,CORX,Corvulex Logistics,Transportation,BBB,4.0,2028-05-03,99.155,2026-09-30,1.633,4.554,79,1.499,1.499,118.4,1700000000,1713396000.0,0.1483
2026-09-30,99097TAD4,CORX,Corvulex Logistics,Transportation,BBB,4.125,2032-12-12,93.366,2026-09-30,1.238,5.397,123,5.292,5.292,650.9,2200000000,2081288000.0,0.1802
2026-09-30,99097TAE2,CORX,Corvulex Logistics,Transportation,BBB,3.875,2039-11-15,85.542,2026-09-30,1.453,5.429,99,9.713,9.713,961.6,2000000000,1739900000.0,0.1506
2026-09-30,99097TAF9,CORX,Corvulex Logistics,Transportation,BBB,4.25,2036-09-09,89.557,2026-09-30,0.248,5.636,129,7.849,7.849,1012.5,2200000000,1975710000.0,0.171
2026-09-30,99097TAG7,CORX,Corvulex Logistics,Transportation,BBB,6.75,2029-08-08,103.675,2026-09-30,0.975,5.342,144,2.558,2.558,368.4,2050000000,2145325000.0,0.1857
2026-09-30,99097TAH5,CORX,Corvulex Logistics,Transportation,BBB,5.625,2049-05-11,101.237,2026-09-30,2.172,5.528,97,12.506,12.506,1213.1,600000000,620454000.0,0.0537
2026-09-30,99098UAA6,ELVA,Elvundra Foods,Consumer,B,6.625,2030-09-08,100.898,2026-09-30,0.405,6.362,236,3.411,3.411,805.0,1250000000,1266287500.0,0.1096
2026-09-30,99098UAB4,ELVA,Elvundra Foods,Consumer,B,10.0,2055-10-22,107.372,2026-09-30,4.389,9.263,468,9.536,9.536,4462.8,1050000000,1173490500.0,0.1016
2026-09-30,99098UAC2,ELVA,Elvundra Foods,Consumer,B,8.625,2038-11-07,103.8,2026-09-30,3.426,8.124,371,7.285,7.285,2702.7,350000000,375291000.0,0.0325
2026-09-30,99098UAD0,ELVA,Elvundra Foods,Consumer,B,7.25,2033-06-20,97.158,2026-09-30,2.014,7.798,360,5.11,5.11,1839.6,1550000000,1537166000.0,0.1331
2026-09-30,99098UAE8,ELVA,Elvundra Foods,Consumer,B,7.0,2035-09-10,95.299,2026-09-30,0.389,7.737,343,6.459,6.459,2215.4,2150000000,2057292000.0,0.1781
2026-09-30,99098UAF5,ELVA,Elvundra Foods,Consumer,B,7.5,2032-09-21,75.969,2026-09-30,0.188,13.483,933,4.429,4.429,4132.3,2100000000,1599297000.0,0.1385
2026-09-30,99098UAG3,ELVA,Elvundra Foods,Consumer,B,7.625,2030-11-13,98.805,2026-09-30,2.902,7.967,395,3.373,3.373,1332.3,1250000000,1271337500.0,0.1101
2026-09-30,99099VAA3,KEZN,Keziskan Paper,Materials,BBB,4.75,2028-03-08,100.155,2026-09-30,0.29,4.635,89,1.373,1.373,122.2,1800000000,1808010000.0,0.1565
2026-09-30,99099VAB1,KEZN,Keziskan Paper,Materials,BBB,6.75,2037-08-24,109.289,2026-09-30,0.675,5.599,122,7.77,7.77,947.9,750000000,824730000.0,0.0714
2026-09-30,99099VAC9,KEZN,Keziskan Paper,Materials,BBB,5.25,2028-02-07,100.232,2026-09-30,0.773,5.065,133,1.282,1.282,170.5,1900000000,1919095000.0,0.1661
2026-09-30,99100WAA8,FESH,Feskamyth Insurance,Financials,BBB,6.75,2036-03-13,103.828,2026-09-30,0.319,6.208,188,6.951,6.951,1306.8,1800000000,1874646000.0,0.1623
2026-09-30,99100WAB6,FESH,Feskamyth Insurance,Financials,BBB,5.75,2054-10-19,93.033,2026-09-30,2.572,6.281,170,12.981,12.981,2206.8,1650000000,1577482500.0,0.1366
2026-09-30,99100WAC4,FESH,Feskamyth Insurance,Financials,BBB,6.375,2028-04-01,101.716,2026-09-30,3.17,5.173,142,1.378,1.378,195.7,1450000000,1520847000.0,0.1317
2026-09-30,99100WAD2,FESH,Feskamyth Insurance,Financials,BBB,5.25,2036-09-21,98.271,2026-09-30,0.131,5.477,113,7.649,7.649,864.3,1400000000,1377628000.0,0.1193
2026-09-30,99100WAE0,FESH,Feskamyth Insurance,Financials,BBB,4.375,2034-08-17,92.763,2026-09-30,0.523,5.519,126,6.482,6.482,816.7,1700000000,1585862000.0,0.1373
2026-09-30,99100WAF7,FESH,Feskamyth Insurance,Financials,BBB,5.125,2051-04-16,95.134,2026-09-30,2.335,5.488,92,13.265,13.265,1220.4,1200000000,1169628000.0,0.1013
2026-09-30,99100WAG5,FESH,Feskamyth Insurance,Financials,BBB,5.0,2033-06-20,100.004,2026-09-30,1.389,4.998,80,5.575,5.575,446.0,350000000,354875500.0,0.0307
2026-09-30,99101XAA5,DRAL,Dralizal Rail,Transportation,BBB,4.0,2030-05-27,96.182,2026-09-30,1.367,5.157,118,3.302,3.302,389.6,1450000000,1414460500.0,0.1225
2026-09-30,99101XAB3,DRAL,Dralizal Rail,Transportation,BBB,4.25,2038-08-08,85.779,2026-09-30,0.614,5.937,153,8.875,8.875,1357.9,2000000000,1727860000.0,0.1496
2026-09-30,99101XAC1,DRAL,Dralizal Rail,Transportation,BBB,5.875,2034-10-06,100.627,2026-09-30,2.84,5.776,151,6.156,6.156,929.6,1800000000,1862406000.0,0.1612
2026-09-30,99101XAD9,DRAL,Dralizal Rail,Transportation,BBB,5.375,2033-08-21,96.957,2026-09-30,0.582,5.918,171,5.63,5.63,962.7,950000000,926620500.0,0.0802
2026-09-30,99101XAE7,DRAL,Dralizal Rail,Transportation,BBB,6.625,2036-10-18,105.589,2026-09-30,2.981,5.88,153,7.156,7.156,1094.9,2050000000,2225685000.0,0.1927
2026-09-30,99102YAA2,KEZL,Kezoquil Resources,Energy,B,9.5,2035-05-15,103.274,2026-09-30,3.562,8.944,465,5.666,5.666,2634.7,2300000000,2457228000.0,0.2127
2026-09-30,99102YAB0,KEZL,Kezoquil Resources,Energy,B,9.0,2042-06-24,99.651,2026-09-30,2.4,9.039,455,8.126,8.126,3697.3,400000000,408204000.0,0.0353
2026-09-30,99102YAC8,KEZL,Kezoquil Resources,Energy,B,7.625,2027-10-18,100.251,2026-09-30,3.431,7.366,367,0.96,0.96,352.3,1450000000,1503389000.0,0.1302
2026-09-30,99102YAD6,KEZL,Kezoquil Resources,Energy,B,6.625,2027-09-17,99.438,2026-09-30,0.239,7.235,355,0.915,0.915,324.8,2100000000,2093217000.0,0.1812
2026-09-30,99103ZAA8,CLAX,Clavulex Industrial,Industrials,BB-,7.0,2030-11-02,103.443,2026-09-30,2.878,6.035,202,3.434,3.434,693.7,1900000000,2020099000.0,0.1749
2026-09-30,99103ZAB6,CLAX,Clavulex Industrial,Industrials,BB-,6.375,2034-07-05,91.834,2026-09-30,1.505,7.794,354,5.84,5.84,2067.4,400000000,373356000.0,0.0323
2026-09-30,99103ZAC4,CLAX,Clavulex Industrial,Industrials,BB-,5.75,2028-04-15,99.593,2026-09-30,2.635,6.028,227,1.416,1.416,321.4,1250000000,1277850000.0,0.1106
2026-09-30,99103ZAD2,CLAX,Clavulex Industrial,Industrials,BB-,7.5,2043-09-07,92.639,2026-09-30,0.479,8.317,381,9.147,9.147,3485.0,1700000000,1583006000.0,0.137
2026-09-30,99104AAA2,YARN,Yarviskan Energy,Energy,A-,5.0,2030-10-26,99.622,2026-09-30,2.139,5.103,109,3.565,3.565,388.6,1200000000,1221132000.0,0.1057
2026-09-30,99104AAB0,YARN,Yarviskan Energy,Energy,A-,4.5,2038-02-17,90.883,2026-09-30,0.537,5.593,120,8.6,8.6,1032.0,750000000,685650000.0,0.0594
2026-09-30,99104AAC8,YARN,Yarviskan Energy,Energy,A-,5.875,2037-04-06,105.447,2026-09-30,2.84,5.196,83,7.658,7.658,635.6,1950000000,2111596500.0,0.1828
2026-09-30,99104AAD6,YARN,Yarviskan Energy,Energy,A-,4.375,2030-04-05,98.121,2026-09-30,2.127,4.964,100,3.145,3.145,314.5,2350000000,2355828000.0,0.2039
2026-09-30,99104AAE4,YARN,Yarviskan Energy,Energy,A-,6.375,2043-10-01,106.645,2026-09-30,3.17,5.757,125,10.227,10.227,1278.4,1000000000,1098150000.0,0.0951
2026-09-30,99104AAF1,YARN,Yarviskan Energy,Energy,A-,5.375,2030-05-15,100.617,2026-09-30,2.016,5.184,121,3.196,3.196,386.7,1200000000,1231596000.0,0.1066
2026-09-30,99105BAA9,VRAL,Vraxizal Telecom,Telecom,BB+,6.75,2047-02-09,107.473,2026-09-30,0.956,6.103,156,11.232,11.232,1752.2,650000000,704788500.0,0.061
2026-09-30,99105BAB7,VRAL,Vraxizal Telecom,Telecom,BB+,6.25,2029-07-22,101.771,2026-09-30,1.181,5.557,166,2.525,2.525,419.2,2100000000,2161992000.0,0.1872
2026-09-30,99105BAC5,VRAL,Vraxizal Telecom,Telecom,BB+,6.0,2038-07-10,94.231,2026-09-30,1.333,6.715,231,8.113,8.113,1874.1,1100000000,1051204000.0,0.091
2026-09-30,99105BAD3,VRAL,Vraxizal Telecom,Telecom,BB+,7.125,2037-09-19,109.188,2026-09-30,0.218,5.971,159,7.7,7.7,1224.3,850000000,929951000.0,0.0805
2026-09-30,99105BAE1,VRAL,Vraxizal Telecom,Telecom,BB+,6.75,2054-03-26,104.247,2026-09-30,0.075,6.419,184,12.707,12.707,2338.1,2450000000,2555889000.0,0.2213
2026-09-30,99105BAF8,VRAL,Vraxizal Telecom,Telecom,BB+,5.125,2033-05-03,94.399,2026-09-30,2.093,6.171,198,5.357,5.357,1060.7,550000000,530706000.0,0.0459
2026-09-30,99105BAG6,VRAL,Vraxizal Telecom,Telecom,BB+,5.625,2033-03-14,98.633,2026-09-30,0.25,5.882,170,5.324,5.324,905.1,2100000000,2076543000.0,0.1798
2026-09-30,99105BAH4,VRAL,Vraxizal Telecom,Telecom,BB+,7.625,2030-03-25,107.338,2026-09-30,0.106,5.292,133,3.057,3.057,406.6,1300000000,1396772000.0,0.1209
2026-09-30,99106CAA6,QUEX,Quelellix Water,Utilities,A,3.75,2028-07-03,98.951,2026-09-30,0.906,4.373,59,1.667,1.667,98.4,1050000000,1048498500.0,0.0908
2026-09-30,99106CAB4,QUEX,Quelellix Water,Utilities,A,4.125,2034-07-09,96.008,2026-09-30,0.928,4.744,49,6.487,6.487,317.9,2300000000,2229528000.0,0.193
2026-09-30,99106CAC2,QUEX,Quelellix Water,Utilities,A,5.75,2036-08-11,106.073,2026-09-30,0.783,4.963,62,7.497,7.497,464.8,1200000000,1282272000.0,0.111
2026-09-30,99106CAD0,QUEX,Quelellix Water,Utilities,A,4.75,2037-09-24,97.898,2026-09-30,0.079,5.001,62,8.436,8.436,523.0,450000000,440896500.0,0.0382
2026-09-30,99106CAE8,QUEX,Quelellix Water,Utilities,A,5.75,2036-06-20,105.885,2026-09-30,1.597,4.978,64,7.357,7.357,470.8,500000000,537410000.0,0.0465
2026-09-30,99106CAF5,QUEX,Quelellix Water,Utilities,A,5.375,2031-12-01,103.532,2026-09-30,1.777,4.598,50,4.416,4.416,220.8,900000000,947781000.0,0.0821
2026-09-30,99106CAG3,QUEX,Quelellix Water,Utilities,A,4.25,2050-10-03,82.454,2026-09-30,2.09,5.586,102,13.579,13.579,1385.1,550000000,464992000.0,0.0403
2026-09-30,99106CAH1,QUEX,Quelellix Water,Utilities,A,4.125,2029-07-05,99.125,2026-09-30,0.974,4.463,57,2.558,2.558,145.8,550000000,550544500.0,0.0477
2026-09-30,99107DAA3,GALY,Galvolvey Resources,Energy,A+,6.125,2034-08-02,108.042,2026-09-30,0.987,4.877,62,6.2,6.2,384.4,1750000000,1908007500.0,0.1652
2026-09-30,99107DAB1,GALY,Galvolvey Resources,Energy,A+,3.125,2028-06-17,98.013,2026-09-30,0.894,4.338,56,1.632,1.632,91.4,1300000000,1285791000.0,0.1113
2026-09-30,99107DAC9,GALY,Galvolvey Resources,Energy,A+,4.25,2036-11-13,93.393,2026-09-30,1.617,5.093,74,7.913,7.913,585.6,1800000000,1710180000.0,0.1481
2026-09-30,99107DAD7,GALY,Galvolvey Resources,Energy,A+,3.375,2027-09-26,99.258,2026-09-30,0.037,4.148,46,0.961,0.961,44.2,2200000000,2184490000.0,0.1891
2026-09-30,99108EAA0,XANH,Xanamyth Systems,Technology,BBB+,5.625,2028-10-01,101.651,2026-09-30,2.797,4.751,94,1.828,1.828,171.8,450000000,470016000.0,0.0407
2026-09-30,99108EAB8,XANH,Xanamyth Systems,Technology,BBB+,6.5,2054-01-11,110.416,2026-09-30,1.426,5.739,116,13.206,13.206,1531.9,1500000000,1677630000.0,0.1452
2026-09-30,99108EAC6,XANH,Xanamyth Systems,Technology,BBB+,4.25,2028-12-18,98.985,2026-09-30,1.204,4.735,90,2.065,2.065,185.8,650000000,651228500.0,0.0564
2026-09-30,99108EAD4,XANH,Xanamyth Systems,Technology,BBB+,6.0,2049-06-16,105.773,2026-09-30,1.733,5.549,99,12.416,12.416,1229.2,600000000,645036000.0,0.0558
2026-09-30,99108EAE2,XANH,Xanamyth Systems,Technology,BBB+,4.625,2036-07-27,93.621,2026-09-30,0.809,5.472,113,7.657,7.657,865.2,450000000,424935000.0,0.0368
2026-09-30,99108EAF9,XANH,Xanamyth Systems,Technology,BBB+,5.5,2038-04-13,103.119,2026-09-30,2.551,5.138,74,8.318,8.318,615.5,1700000000,1796390000.0,0.1555
2026-09-30,99108EAG7,XANH,Xanamyth Systems,Technology,BBB+,3.625,2029-09-02,96.57,2026-09-30,0.282,4.898,99,2.722,2.722,269.5,1500000000,1452780000.0,0.1258
2026-09-30,99109FAA6,THAA,Thalundra Aerospace,Industrials,BB,7.0,2049-03-25,96.623,2026-09-30,0.097,7.308,275,11.042,11.042,3036.5,1750000000,1692600000.0,0.1465
2026-09-30,99109FAB4,THAA,Thalundra Aerospace,Industrials,BB,8.625,2054-02-16,107.247,2026-09-30,1.054,7.969,339,10.83,10.83,3671.4,1100000000,1191311000.0,0.1031
2026-09-30,99109FAC2,THAA,Thalundra Aerospace,Industrials,BB,7.25,2029-10-18,102.898,2026-09-30,3.263,6.191,227,2.629,2.629,596.8,1250000000,1327012500.0,0.1149
2026-09-30,99110GAA1,BRUN,Bruxiskan Pipeline,Energy,BBB,5.0,2040-01-28,93.749,2026-09-30,0.861,5.674,123,9.401,9.401,1156.3,300000000,283830000.0,0.0246
2026-09-30,99110GAB9,BRUN,Bruxiskan Pipeline,Energy,BBB,7.875,2037-06-12,114.192,2026-09-30,2.362,6.052,168,7.284,7.284,1223.7,1700000000,1981418000.0,0.1715
2026-09-30,99110GAC7,BRUN,Bruxiskan Pipeline,Energy,BBB,6.0,2029-09-07,102.998,2026-09-30,0.383,4.89,98,2.665,2.665,261.2,650000000,671976500.0,0.0582
2026-09-30,99110GAD5,BRUN,Bruxiskan Pipeline,Energy,BBB,4.75,2032-11-10,98.069,2026-09-30,1.847,5.121,96,5.137,5.137,493.2,2250000000,2248110000.0,0.1946
2026-09-30,99110GAE3,BRUN,Bruxiskan Pipeline,Energy,BBB,4.75,2031-07-24,98.172,2026-09-30,0.871,5.182,111,4.211,4.211,467.4,2350000000,2327510500.0,0.2015
2026-09-30,99110GAF0,BRUN,Bruxiskan Pipeline,Energy,BBB,4.875,2033-03-21,98.317,2026-09-30,0.122,5.184,100,5.473,5.473,547.3,650000000,639853500.0,0.0554
2026-09-30,99110GAG8,BRUN,Bruxiskan Pipeline,Energy,BBB,5.875,2037-03-23,100.309,2026-09-30,0.114,5.835,147,7.741,7.741,1137.9,1100000000,1104653000.0,0.0956
2026-09-30,99111HAA8,XANE,Xanane Foods,Consumer,BBB,5.375,2028-01-03,101.036,2026-09-30,1.299,4.513,79,1.193,1.193,94.2,1300000000,1330355000.0,0.1152
2026-09-30,99111HAB6,XANE,Xanane Foods,Consumer,BBB,5.75,2056-08-23,102.822,2026-09-30,0.591,5.555,97,14.326,14.326,1389.6,1950000000,2016553500.0,0.1746
2026-09-30,99111HAC4,XANE,Xanane Foods,Consumer,BBB,6.0,2045-08-20,98.781,2026-09-30,0.667,6.109,158,11.086,11.086,1751.6,2400000000,2386752000.0,0.2066
2026-09-30,99111HAD2,XANE,Xanane Foods,Consumer,BBB,5.375,2051-09-17,91.72,2026-09-30,0.194,6.02,145,13.109,13.109,1900.8,2000000000,1838280000.0,0.1591
2026-09-30,99111HAE0,XANE,Xanane Foods,Consumer,BBB,5.375,2036-08-25,99.087,2026-09-30,0.523,5.495,115,7.548,7.548,868.0,2450000000,2440445000.0,0.2113
2026-09-30,99112IAA5,CORH,Corvamyth Wireless,Telecom,BB,4.75,2036-01-01,88.474,2026-09-30,1.174,6.42,210,7.143,7.143,1500.0,700000000,627536000.0,0.0543
2026-09-30,99112IAB3,CORH,Corvamyth Wireless,Telecom,BB,7.0,2035-08-21,101.942,2026-09-30,0.758,6.705,240,6.523,6.523,1565.5,1050000000,1078350000.0,0.0934
2026-09-30,99112IAC1,CORH,Corvamyth Wireless,Telecom,BB,6.375,2042-02-13,97.153,2026-09-30,0.832,6.673,219,9.532,9.532,2087.5,1850000000,1812722500.0,0.1569
2026-09-30,99112IAD9,CORH,Corvamyth Wireless,Telecom,BB,4.625,2030-07-12,96.287,2026-09-30,1.002,5.728,174,3.377,3.377,587.6,1050000000,1021534500.0,0.0884
2026-09-30,99112IAE7,CORH,Corvamyth Wireless,Telecom,BB,5.375,2036-12-09,93.431,2026-09-30,1.657,6.255,190,7.518,7.518,1428.4,600000000,570528000.0,0.0494
2026-09-30,99112IAF4,CORH,Corvamyth Wireless,Telecom,BB,5.0,2031-05-24,95.908,2026-09-30,1.75,6.02,196,4.001,4.001,784.2,2250000000,2197305000.0,0.1902
2026-09-30,99112IAG2,CORH,Corvamyth Wireless,Telecom,BB,6.5,2028-08-20,101.767,2026-09-30,0.722,5.498,170,1.749,1.749,297.3,1700000000,1742313000.0,0.1508
2026-09-30,99112IAH0,CORH,Corvamyth Wireless,Telecom,BB,6.0,2029-01-20,100.855,2026-09-30,1.167,5.595,175,2.106,2.106,368.5,1500000000,1530330000.0,0.1325
2026-09-30,99113JAA2,TOVE,Tovithe Insurance,Financials,BB-,5.25,2036-03-24,83.372,2026-09-30,0.087,7.759,343,7.091,7.091,2432.2,1400000000,1168426000.0,0.1012
2026-09-30,99113JAB0,TOVE,Tovithe Insurance,Financials,BB-,7.375,2032-03-07,101.229,2026-09-30,0.471,7.097,298,4.405,4.405,1312.7,400000000,406800000.0,0.0352
2026-09-30,99113JAC8,TOVE,Tovithe Insurance,Financials,BB-,5.125,2028-02-23,98.38,2026-09-30,0.527,6.35,261,1.318,1.318,344.0,1200000000,1186884000.0,0.1028
2026-09-30,99113JAD6,TOVE,Tovithe Insurance,Financials,BB-,8.25,2034-11-15,103.256,2026-09-30,3.094,7.701,343,5.719,5.719,1961.6,2150000000,2286525000.0,0.1979
2026-09-30,99113JAE4,TOVE,Tovithe Insurance,Financials,BB-,5.5,2033-10-28,92.902,2026-09-30,2.322,6.778,256,5.575,5.575,1427.2,500000000,476120000.0,0.0412
2026-09-30,99113JAF1,TOVE,Tovithe Insurance,Financials,BB-,10.0,2042-05-13,108.132,2026-09-30,3.806,9.017,453,7.851,7.851,3556.5,700000000,783566000.0,0.0678
2026-09-30,99113JAG9,TOVE,Tovithe Insurance,Financials,BB-,8.125,2035-05-02,101.921,2026-09-30,3.34,7.812,352,5.938,5.938,2090.2,500000000,526305000.0,0.0456
2026-09-30,99114KAA8,LORE,Lorvane Systems,Technology,BB-,7.625,2028-10-25,99.833,2026-09-30,3.283,7.709,389,1.822,1.822,708.8,2200000000,2268552000.0,0.1964
2026-09-30,99114KAB6,LORE,Lorvane Systems,Technology,BB-,8.625,2032-06-09,105.239,2026-09-30,2.659,7.474,334,4.372,4.372,1460.2,600000000,647388000.0,0.056
2026-09-30,99114KAC4,LORE,Lorvane Systems,Technology,BB-,7.0,2051-04-09,93.181,2026-09-30,3.325,7.618,305,10.819,10.819,3299.8,2350000000,2267891000.0,0.1963
2026-09-30,99114KAD2,LORE,Lorvane Systems,Technology,BB-,7.75,2035-07-01,100.239,2026-09-30,1.916,7.709,341,6.161,6.161,2100.9,1750000000,1787712500.0,0.1548
2026-09-30,99114KAE0,LORE,Lorvane Systems,Technology,BB-,6.875,2034-03-28,96.079,2026-09-30,0.038,7.57,333,5.725,5.725,1906.4,850000000,816994500.0,0.0707
2026-09-30,99114KAF7,LORE,Lorvane Systems,Technology,BB-,8.0,2031-07-19,100.41,2026-09-30,1.578,7.891,382,3.87,3.87,1478.3,1300000000,1325844000.0,0.1148
2026-09-30,99114KAG5,LORE,Lorvane Systems,Technology,BB-,7.25,2030-03-08,99.849,2026-09-30,0.443,7.298,334,2.983,2.983,996.3,950000000,952774000.0,0.0825
2026-09-30,99115LAA5,TOVA,Tovundra Machinery,Industrials,A+,4.25,2035-03-14,95.903,2026-09-30,0.189,4.846,56,6.976,6.976,390.7,850000000,816782000.0,0.0707
2026-09-30,99115LAB3,TOVA,Tovundra Machinery,Industrials,A+,4.875,2047-11-27,96.237,2026-09-30,1.666,5.169,62,12.715,12.715,788.3,300000000,293709000.0,0.0254
2026-09-30,99115LAC1,TOVA,Tovundra Machinery,Industrials,A+,3.25,2028-03-10,98.865,2026-09-30,0.181,4.066,32,1.392,1.392,44.5,2000000000,1980920000.0,0.1715
2026-09-30,99115LAD9,TOVA,Tovundra Machinery,Industrials,A+,4.75,2035-08-07,99.68,2026-09-30,0.699,4.794,49,7.106,7.106,348.2,350000000,351326500.0,0.0304
2026-09-30,99115LAE7,TOVA,Tovundra Machinery,Industrials,A+,5.125,2028-04-16,101.355,2026-09-30,2.335,4.208,45,1.441,1.441,64.8,850000000,881365000.0,0.0763
2026-09-30,99116MAA2,GROR,Groventor Bancorp,Financials,BBB+,3.125,2029-10-25,94.879,2026-09-30,1.345,4.943,102,2.836,2.836,289.3,800000000,769792000.0,0.0666
2026-09-30,99116MAB0,GROR,Groventor Bancorp,Financials,BBB+,5.625,2037-01-23,98.959,2026-09-30,1.047,5.759,140,7.648,7.648,1070.7,1550000000,1550093000.0,0.1342
2026-09-30,99116MAC8,GROR,Groventor Bancorp,Financials,BBB+,5.25,2033-01-02,100.362,2026-09-30,1.283,5.18,101,5.213,5.213,526.5,2300000000,2337835000.0,0.2024
2026-09-30,99116MAD6,GROR,Groventor Bancorp,Financials,BBB+,5.5,2046-01-04,96.391,2026-09-30,1.314,5.813,128,11.478,11.478,1469.2,2250000000,2198362500.0,0.1903
2026-09-30,99116MAE4,GROR,Groventor Bancorp,Financials,BBB+,6.5,2038-05-08,105.759,2026-09-30,2.564,5.81,141,7.997,7.997,1127.6,2100000000,2274783000.0,0.1969
2026-09-30,99116MAF1,GROR,Groventor Bancorp,Financials,BBB+,6.75,2056-02-02,112.479,2026-09-30,1.087,5.854,127,13.447,13.447,1707.8,1600000000,1817056000.0,0.1573
2026-09-30,99116MAG9,GROR,Groventor Bancorp,Financials,BBB+,5.625,2054-03-22,98.025,2026-09-30,0.125,5.769,119,13.754,13.754,1636.7,2100000000,2061150000.0,0.1784
2026-09-30,99117NAA9,SKEY,Skelolvey Industrial,Industrials,BBB,7.875,2053-03-09,117.164,2026-09-30,0.459,6.506,193,12.065,12.065,2328.5,2500000000,2940575000.0,0.2546
2026-09-30,99117NAB7,SKEY,Skelolvey Industrial,Industrials,BBB,6.625,2035-09-06,104.994,2026-09-30,0.442,5.897,159,6.714,6.714,1067.5,1900000000,2003284000.0,0.1734
2026-09-30,99117NAC5,SKEY,Skelolvey Industrial,Industrials,BBB,6.0,2047-05-02,96.615,2026-09-30,2.467,6.295,175,11.281,11.281,1974.2,2450000000,2427509000.0,0.2102
2026-09-30,99117NAD3,SKEY,Skelolvey Industrial,Industrials,BBB,5.625,2028-01-28,100.938,2026-09-30,0.969,4.881,115,1.257,1.257,144.6,1350000000,1375744500.0,0.1191
2026-09-30,99118OAA6,WYXR,Wyximer Wireless,Telecom,BB+,6.875,2034-07-15,103.144,2026-09-30,1.432,6.355,210,5.919,5.919,1243.0,1750000000,1830080000.0,0.1584
2026-09-30,99118OAB4,WYXR,Wyximer Wireless,Telecom,BB+,6.375,2033-04-13,101.8,2026-09-30,2.957,6.037,185,5.149,5.149,952.6,750000000,785677500.0,0.068
2026-09-30,99118OAC2,WYXR,Wyximer Wireless,Telecom,BB+,6.625,2054-04-14,103.037,2026-09-30,3.055,6.389,181,12.427,12.427,2249.3,2300000000,2440116000.0,0.2112
2026-09-30,99118OAD0,WYXR,Wyximer Wireless,Telecom,BB+,6.5,2038-08-11,98.394,2026-09-30,0.885,6.697,229,8.074,8.074,1848.9,900000000,893511000.0,0.0774
2026-09-30,99118OAE8,WYXR,Wyximer Wireless,Telecom,BB+,5.875,2033-03-12,95.521,2026-09-30,0.294,6.742,256,5.241,5.241,1341.7,1950000000,1868392500.0,0.1617
2026-09-30,99118OAF5,WYXR,Wyximer Wireless,Telecom,BB+,5.625,2031-01-22,99.546,2026-09-30,1.062,5.743,171,3.74,3.74,639.5,600000000,603648000.0,0.0523
2026-09-30,99119PAA2,FESN,Feskebran Foods,Consumer,AA-,6.375,2036-10-21,111.937,2026-09-30,2.816,4.86,51,7.365,7.365,375.6,2400000000,2754072000.0,0.2384
2026-09-30,99119PAB0,FESN,Feskebran Foods,Consumer,AA-,5.25,2034-05-20,102.927,2026-09-30,1.896,4.787,54,6.15,6.15,332.1,950000000,995818500.0,0.0862
2026-09-30,99119PAC8,FESN,Feskebran Foods,Consumer,AA-,4.75,2033-09-22,100.696,2026-09-30,0.106,4.632,42,5.882,5.882,247.0,750000000,756015000.0,0.0654
2026-09-30,99119PAD6,FESN,Feskebran Foods,Consumer,AA-,4.875,2036-07-09,101.196,2026-09-30,1.097,4.72,38,7.641,7.641,290.4,450000000,460318500.0,0.0399
2026-09-30,99119PAE4,FESN,Feskebran Foods,Consumer,AA-,4.25,2032-09-10,98.855,2026-09-30,0.236,4.471,32,5.183,5.183,165.9,1200000000,1189092000.0,0.1029
2026-09-30,99119PAF1,FESN,Feskebran Foods,Consumer,AA-,2.75,2030-11-16,94.09,2026-09-30,1.024,4.328,31,3.799,3.799,117.8,2200000000,2092508000.0,0.1812
2026-09-30,99120QAA7,CLAL,Clavoquil Bancorp,Financials,BBB+,6.875,2034-06-08,109.897,2026-09-30,2.139,5.29,104,5.912,5.912,614.8,450000000,504162000.0,0.0436
2026-09-30,99120QAB5,CLAL,Clavoquil Bancorp,Financials,BBB+,3.0,2033-11-28,87.733,2026-09-30,1.017,5.063,84,6.211,6.211,521.7,2450000000,2174375000.0,0.1882
2026-09-30,99120QAC3,CLAL,Clavoquil Bancorp,Financials,BBB+,4.0,2031-07-18,96.888,2026-09-30,0.8,4.731,66,4.272,4.272,282.0,1750000000,1709540000.0,0.148
2026-09-30,99120QAD1,CLAL,Clavoquil Bancorp,Financials,BBB+,5.125,2036-02-16,98.171,2026-09-30,0.626,5.375,105,7.299,7.299,766.4,950000000,938571500.0,0.0813
2026-09-30,99120QAE9,CLAL,Clavoquil Bancorp,Financials,BBB+,4.375,2029-04-13,98.927,2026-09-30,2.03,4.829,96,2.323,2.323,223.0,2450000000,2473446500.0,0.2141
2026-09-30,99120QAF6,CLAL,Clavoquil Bancorp,Financials,BBB+,5.0,2040-05-01,92.465,2026-09-30,2.069,5.809,136,9.369,9.369,1274.2,750000000,709005000.0,0.0614
2026-09-30,99121RAA4,QUEE,Quelithe Chemicals,Materials,BBB+,5.125,2035-08-19,96.399,2026-09-30,0.584,5.645,134,6.973,6.973,934.4,1650000000,1600219500.0,0.1385
2026-09-30,99121RAB2,QUEE,Quelithe Chemicals,Materials,BBB+,6.625,2053-03-23,114.122,2026-09-30,0.129,5.596,102,13.262,13.262,1352.7,650000000,742631500.0,0.0643
2026-09-30,99121RAC0,QUEE,Quelithe Chemicals,Materials,BBB+,4.75,2030-04-14,99.494,2026-09-30,2.19,4.907,94,3.15,3.15,296.1,1050000000,1067682000.0,0.0924
2026-09-30,99122SAA1,WYXE,Wyxane Wireless,Telecom,BBB+,3.125,2028-10-05,97.375,2026-09-30,1.519,4.503,69,1.894,1.894,130.7,400000000,395576000.0,0.0342
2026-09-30,99122SAB9,WYXE,Wyxane Wireless,Telecom,BBB+,4.25,2029-04-06,99.02,2026-09-30,2.054,4.667,80,2.31,2.31,184.8,900000000,909666000.0,0.0788
2026-09-30,99122SAC7,WYXE,Wyxane Wireless,Telecom,BBB+,3.75,2030-11-02,96.446,2026-09-30,1.542,4.715,70,3.677,3.677,257.4,450000000,440946000.0,0.0382
2026-09-30,99122SAD5,WYXE,Wyxane Wireless,Telecom,BBB+,4.25,2028-09-25,99.325,2026-09-30,0.059,4.609,80,1.881,1.881,150.5,1200000000,1192608000.0,0.1032
2026-09-30,99122SAE3,WYXE,Wyxane Wireless,Telecom,BBB+,7.25,2056-07-24,127.342,2026-09-30,1.329,5.395,81,13.815,13.815,1119.0,2250000000,2895097500.0,0.2506
2026-09-30,99122SAF0,WYXE,Wyxane Wireless,Telecom,BBB+,5.5,2030-12-22,102.619,2026-09-30,1.497,4.806,78,3.694,3.694,288.1,750000000,780870000.0,0.0676
2026-09-30,99122SAG8,WYXE,Wyxane Wireless,Telecom,BBB+,5.5,2038-02-01,97.914,2026-09-30,0.901,5.752,136,8.236,8.236,1120.1,1250000000,1235187500.0,0.1069
2026-09-30,99122SAH6,WYXE,Wyxane Wireless,Telecom,BBB+,5.625,2028-12-15,102.261,2026-09-30,1.641,4.534,70,2.031,2.031,142.2,2400000000,2493648000.0,0.2159
2026-09-30,99123TAA8,DRAH,Dralamyth Finance,Financials,BBB+,5.125,2032-08-12,98.154,2026-09-30,0.683,5.496,135,4.962,4.962,669.9,1950000000,1927321500.0,0.1669
2026-09-30,99123TAB6,DRAH,Dralamyth Finance,Financials,BBB+,6.375,2027-12-14,101.949,2026-09-30,1.877,4.686,97,1.134,1.134,110.0,2150000000,2232259000.0,0.1933
2026-09-30,99123TAC4,DRAH,Dralamyth Finance,Financials,BBB+,6.25,2038-04-07,106.626,2026-09-30,3.003,5.467,107,8.04,8.04,860.3,2500000000,2740725000.0,0.2373
2026-09-30,99123TAD2,DRAH,Dralamyth Finance,Financials,BBB+,4.75,2030-07-13,98.636,2026-09-30,1.016,5.149,116,3.386,3.386,392.8,1300000000,1295476000.0,0.1122
2026-09-30,99123TAE0,DRAH,Dralamyth Finance,Financials,BBB+,4.25,2050-04-18,80.621,2026-09-30,1.913,5.764,120,13.345,13.345,1601.4,650000000,536471000.0,0.0464
2026-09-30,99123TAF7,DRAH,Dralamyth Finance,Financials,BBB+,7.0,2039-09-07,111.438,2026-09-30,0.447,5.735,130,8.676,8.676,1127.9,1150000000,1286677500.0,0.1114
2026-09-30,99123TAG5,DRAH,Dralamyth Finance,Financials,BBB+,5.5,2035-10-10,101.268,2026-09-30,2.597,5.321,101,6.884,6.884,695.3,1850000000,1921502500.0,0.1663
2026-09-30,99123TAH3,DRAH,Dralamyth Finance,Financials,BBB+,5.125,2038-04-04,93.614,2026-09-30,2.506,5.897,150,8.259,8.259,1238.9,2250000000,2162700000.0,0.1872
2026-09-30,99124UAA4,THAL,Thaloquil Chemicals,Materials,BB-,5.625,2037-10-02,90.983,2026-09-30,2.781,6.802,242,7.697,7.697,1862.7,1900000000,1781516000.0,0.1542
2026-09-30,99124UAB2,THAL,Thaloquil Chemicals,Materials,BB-,5.125,2037-03-04,86.527,2026-09-30,0.37,6.963,260,7.706,7.706,2003.6,950000000,825521500.0,0.0715
2026-09-30,99124UAC0,THAL,Thaloquil Chemicals,Materials,BB-,7.75,2035-11-16,101.783,2026-09-30,2.885,7.475,316,6.313,6.313,1994.9,2050000000,2145694000.0,0.1858
2026-09-30,99124UAD8,THAL,Thaloquil Chemicals,Materials,BB-,7.25,2051-08-08,106.601,2026-09-30,1.047,6.7,213,11.732,11.732,2498.9,2400000000,2583552000.0,0.2237
2026-09-30,99124UAE6,THAL,Thaloquil Chemicals,Materials,BB-,8.0,2056-03-15,107.478,2026-09-30,0.333,7.374,279,11.766,11.766,3282.7,350000000,377338500.0,0.0327
2026-09-30,99124UAF3,THAL,Thaloquil Chemicals,Materials,BB-,9.0,2048-04-16,112.283,2026-09-30,4.1,7.812,326,9.721,9.721,3169.0,2400000000,2793192000.0,0.2418
2026-09-30,99124UAG1,THAL,Thaloquil Chemicals,Materials,BB-,7.375,2038-05-14,98.271,2026-09-30,2.786,7.6,320,7.465,7.465,2388.8,1650000000,1667440500.0,0.1444
2026-09-30,99125VAA1,KRIE,Krilane Water,Utilities,A+,5.75,2036-05-24,105.483,2026-09-30,2.013,5.025,69,7.28,7.28,502.3,2150000000,2311164000.0,0.2001
2026-09-30,99125VAB9,KRIE,Krilane Water,Utilities,A+,4.625,2037-10-20,94.292,2026-09-30,2.056,5.314,93,8.292,8.292,771.2,1550000000,1493394000.0,0.1293
2026-09-30,99125VAC7,KRIE,Krilane Water,Utilities,A+,4.375,2030-01-24,99.686,2026-09-30,0.802,4.476,53,3.031,3.031,160.6,650000000,653172000.0,0.0565
2026-09-30,99125VAD5,KRIE,Krilane Water,Utilities,A+,2.75,2038-01-09,79.513,2026-09-30,0.619,5.17,78,9.23,9.23,719.9,1850000000,1482442000.0,0.1283
2026-09-30,99126WAA8,BEZR,Bezimer Power,Utilities,A,6.0,2051-12-05,106.182,2026-09-30,1.917,5.541,97,13.041,13.041,1265.0,2250000000,2432227500.0,0.2106
2026-09-30,99126WAB6,BEZR,Bezimer Power,Utilities,A,5.625,2033-12-06,103.274,2026-09-30,1.781,5.074,85,5.783,5.783,491.6,1450000000,1523297500.0,0.1319
2026-09-30,99126WAC4,BEZR,Bezimer Power,Utilities,A,3.0,2028-09-13,97.104,2026-09-30,0.142,4.566,76,1.866,1.866,141.8,1900000000,1847674000.0,0.16
2026-09-30,99126WAD2,BEZR,Bezimer Power,Utilities,A,3.0,2027-10-25,98.45,2026-09-30,1.292,4.499,80,1.024,1.024,81.9,1250000000,1246775000.0,0.1079
2026-09-30,99126WAE0,BEZR,Bezimer Power,Utilities,A,4.125,2029-07-16,98.979,2026-09-30,0.848,4.516,62,2.588,2.588,160.5,2100000000,2096367000.0,0.1815
2026-09-30,99126WAF7,BEZR,Bezimer Power,Utilities,A,5.875,2031-07-01,103.746,2026-09-30,1.452,4.978,91,4.069,4.069,370.3,450000000,473391000.0,0.041
2026-09-30,99127XAA5,BRUL,Bruxizal Chemicals,Materials,A+,5.5,2040-08-27,102.381,2026-09-30,0.504,5.256,80,9.65,9.65,772.0,1600000000,1646160000.0,0.1425
2026-09-30,99127XAB3,BRUL,Bruxizal Chemicals,Materials,A+,5.25,2029-06-26,101.673,2026-09-30,1.371,4.59,70,2.498,2.498,174.9,1050000000,1081962000.0,0.0937
2026-09-30,99127XAC1,BRUL,Bruxizal Chemicals,Materials,A+,3.625,2027-11-02,99.139,2026-09-30,1.49,4.441,74,1.039,1.039,76.9,1100000000,1106919000.0,0.0958
2026-09-30,99127XAD9,BRUL,Bruxizal Chemicals,Materials,A+,4.375,2035-04-11,95.701,2026-09-30,2.054,5.0,71,6.853,6.853,486.6,550000000,537652500.0,0.0465
2026-09-30,99128YAA2,PLEE,Pleverone Utilities,Utilities,B,5.875,2032-05-02,88.922,2026-09-30,2.415,8.397,427,4.477,4.477,1911.7,2450000000,2237756500.0,0.1937
2026-09-30,99128YAB0,PLEE,Pleverone Utilities,Utilities,B,7.25,2031-02-25,101.338,2026-09-30,0.705,6.89,285,3.699,3.699,1054.2,2150000000,2193924500.0,0.1899
2026-09-30,99128YAC8,PLEE,Pleverone Utilities,Utilities,B,7.875,2037-02-09,100.645,2026-09-30,1.116,7.781,342,6.933,6.933,2371.1,950000000,966729500.0,0.0837
2026-09-30,99128YAD6,PLEE,Pleverone Utilities,Utilities,B,8.625,2028-05-26,103.3,2026-09-30,2.971,6.481,271,1.489,1.489,403.5,1650000000,1753471500.0,0.1518
2026-09-30,99128YAE4,PLEE,Pleverone Utilities,Utilities,B,9.5,2035-02-28,108.318,2026-09-30,0.844,8.114,383,5.801,5.801,2221.8,1100000000,1200782000.0,0.104
2026-09-30,99129ZAA8,ZARL,Zarizal Industrial,Industrials,BB+,6.875,2037-08-28,101.726,2026-09-30,0.611,6.649,227,7.582,7.582,1721.1,1850000000,1893234500.0,0.1639
2026-09-30,99129ZAB6,ZARL,Zarizal Industrial,Industrials,BB+,8.25,2037-04-23,101.481,2026-09-30,3.598,8.038,367,6.756,6.756,2479.5,2100000000,2206659000.0,0.191
2026-09-30,99129ZAC4,ZARL,Zarizal Industrial,Industrials,BB+,8.125,2054-10-26,113.585,2026-09-30,3.476,7.011,243,11.549,11.549,2806.4,2300000000,2692403000.0,0.2331
2026-09-30,99130AAA0,ELVX,Elvellix Wireless,Telecom,A+,4.25,2031-07-14,98.463,2026-09-30,0.897,4.61,54,4.244,4.244,229.2,2500000000,2484000000.0,0.215
2026-09-30,99130AAB8,ELVX,Elvellix Wireless,Telecom,A+,4.875,2031-11-28,100.706,2026-09-30,1.652,4.718,62,4.449,4.449,275.8,2500000000,2558950000.0,0.2215
2026-09-30,99130AAC6,ELVX,Elvellix Wireless,Telecom,A+,3.125,2031-04-25,94.206,2026-09-30,1.345,4.543,49,4.13,4.13,202.4,950000000,907734500.0,0.0786
2026-09-30,99130AAD4,ELVX,Elvellix Wireless,Telecom,A+,3.875,2032-09-21,95.579,2026-09-30,0.097,4.733,58,5.245,5.245,304.2,800000000,765408000.0,0.0663
2026-09-30,99131BAA7,PLER,Plevazor Energy,Energy,BBB-,6.875,2038-08-23,102.665,2026-09-30,0.707,6.548,214,8.047,8.047,1722.1,2450000000,2532614000.0,0.2193
2026-09-30,99131BAB5,PLER,Plevazor Energy,Energy,BBB-,4.375,2029-06-14,98.264,2026-09-30,1.288,5.067,118,2.485,2.485,293.2,1200000000,1194624000.0,0.1034
2026-09-30,99131BAC3,PLER,Plevazor Energy,Energy,BBB-,6.0,2030-03-03,99.61,2026-09-30,0.45,6.126,217,3.04,3.04,659.7,2300000000,2301380000.0,0.1992
2026-09-30,99132CAA4,CLAH,Clavamyth Health,Health Care,BB,6.75,2033-09-10,96.456,2026-09-30,0.375,7.411,320,5.408,5.408,1730.6,450000000,435739500.0,0.0377
2026-09-30,99132CAB2,CLAH,Clavamyth Health,Health Care,BB,9.75,2050-08-07,105.809,2026-09-30,1.435,9.145,458,9.418,9.418,4313.4,1800000000,1930392000.0,0.1671
2026-09-30,99132CAC0,CLAH,Clavamyth Health,Health Care,BB,8.375,2038-06-13,98.606,2026-09-30,2.489,8.563,416,7.157,7.157,2977.3,1100000000,1112045000.0,0.0963
2026-09-30,99132CAD8,CLAH,Clavamyth Health,Health Care,BB,8.25,2042-12-04,106.111,2026-09-30,2.658,7.586,309,8.854,8.854,2735.9,1350000000,1468381500.0,0.1271
2026-09-30,99133DAA1,FARX,Farvellix Paper,Materials,BB+,5.625,2032-03-18,100.445,2026-09-30,0.188,5.529,141,4.646,4.646,655.1,2050000000,2062976500.0,0.1786
2026-09-30,99133DAB9,FARX,Farvellix Paper,Materials,BB+,6.75,2030-10-02,103.0,2026-09-30,3.337,5.898,189,3.372,3.372,637.3,1400000000,1488718000.0,0.1289
2026-09-30,99133DAC7,FARX,Farvellix Paper,Materials,BB+,5.75,2033-07-13,98.821,2026-09-30,1.23,5.962,176,5.475,5.475,963.6,1350000000,1350688500.0,0.1169
2026-09-30,99133DAD5,FARX,Farvellix Paper,Materials,BB+,5.0,2027-12-22,99.723,2026-09-30,1.361,5.229,151,1.161,1.161,175.3,2150000000,2173306000.0,0.1881
2026-09-30,99133DAE3,FARX,Farvellix Paper,Materials,BB+,5.25,2031-05-08,99.165,2026-09-30,2.071,5.456,140,3.957,3.957,554.0,2100000000,2125956000.0,0.184
2026-09-30,99133DAF0,FARX,Farvellix Paper,Materials,BB+,5.5,2032-01-20,95.485,2026-09-30,1.069,6.518,241,4.46,4.46,1074.9,600000000,579324000.0,0.0502
2026-09-30,99134EAA8,DELL,Delvoquil Power,Utilities,B+,7.375,2049-08-21,95.28,2026-09-30,0.799,7.82,326,10.611,10.611,3459.2,2450000000,2353935500.0,0.2038
2026-09-30,99134EAB6,DELL,Delvoquil Power,Utilities,B+,5.875,2030-10-10,96.823,2026-09-30,2.774,6.789,278,3.42,3.42,950.8,700000000,697179000.0,0.0604
2026-09-30,99134EAC4,DELL,Delvoquil Power,Utilities,B+,6.0,2054-09-25,87.565,2026-09-30,0.083,7.021,244,12.524,12.524,3055.9,700000000,613536000.0,0.0531
2026-09-30,99135FAA4,XANR,Xanazor Telecom,Telecom,A-,2.625,2027-12-06,98.036,2026-09-30,0.831,4.343,63,1.139,1.139,71.8,2100000000,2076207000.0,0.1797
2026-09-30,99135FAB2,XANR,Xanazor Telecom,Telecom,A-,5.375,2031-09-12,101.922,2026-09-30,0.269,4.932,85,4.301,4.301,365.6,2450000000,2503679500.0,0.2167
2026-09-30,99135FAC0,XANR,Xanazor Telecom,Telecom,A-,5.75,2036-01-14,103.92,2026-09-30,1.214,5.211,89,7.101,7.101,632.0,750000000,788505000.0,0.0683
2026-09-30,99135FAD8,XANR,Xanazor Telecom,Telecom,A-,5.25,2037-05-26,100.96,2026-09-30,1.808,5.131,76,7.959,7.959,604.9,2450000000,2517816000.0,0.218
2026-09-30,99135FAE6,XANR,Xanazor Telecom,Telecom,A-,5.75,2051-05-28,104.745,2026-09-30,1.949,5.399,83,13.127,13.127,1089.5,1500000000,1600410000.0,0.1386
2026-09-30,99135FAF3,XANR,Xanazor Telecom,Telecom,A-,3.5,2031-06-12,94.089,2026-09-30,1.05,4.923,86,4.212,4.212,362.2,1400000000,1331946000.0,0.1153
2026-09-30,99135FAG1,XANR,Xanazor Telecom,Telecom,A-,5.375,2031-11-26,99.983,2026-09-30,1.851,5.377,128,4.372,4.372,559.6,1400000000,1425676000.0,0.1234
2026-09-30,99135FAH9,XANR,Xanazor Telecom,Telecom,A-,4.0,2031-04-20,96.87,2026-09-30,1.778,4.772,72,4.032,4.032,290.3,1000000000,986480000.0,0.0854
2026-09-30,99136GAA1,HULN,Hulviskan Health,Health Care,BBB,6.0,2027-12-23,101.35,2026-09-30,1.617,4.849,113,1.16,1.16,131.1,2350000000,2419724500.0,0.2095
2026-09-30,99136GAB9,HULN,Hulviskan Health,Health Care,BBB,4.25,2029-05-13,98.012,2026-09-30,1.617,5.068,119,2.405,2.405,286.2,2350000000,2341281500.0,0.2027
2026-09-30,99136GAC7,HULN,Hulviskan Health,Health Care,BBB,6.25,2032-08-16,104.138,2026-09-30,0.764,5.417,127,4.863,4.863,617.6,1350000000,1416177000.0,0.1226
2026-09-30,99136GAD5,HULN,Hulviskan Health,Health Care,BBB,7.125,2036-12-04,106.465,2026-09-30,2.296,6.255,190,7.126,7.126,1353.9,2350000000,2555883500.0,0.2213
2026-09-30,99137HAA8,ZEPY,Zepholvey Freight,Transportation,A+,4.375,2038-03-02,96.336,2026-09-30,0.34,4.795,40,8.816,8.816,352.6,1700000000,1643492000.0,0.1423
2026-09-30,99137HAB6,ZEPY,Zepholvey Freight,Transportation,A+,5.0,2036-09-19,100.646,2026-09-30,0.153,4.917,57,7.775,7.775,443.2,1650000000,1663183500.0,0.144
2026-09-30,99137HAC4,ZEPY,Zepholvey Freight,Transportation,A+,6.0,2037-03-23,109.232,2026-09-30,0.117,4.865,50,7.856,7.856,392.8,1300000000,1421537000.0,0.1231
2026-09-30,99138IAA5,ZEPN,Zephiskan Resources,Energy,A-,5.625,2030-10-11,102.768,2026-09-30,2.641,4.86,85,3.492,3.492,296.8,2500000000,2635225000.0,0.2281
2026-09-30,99138IAB3,ZEPN,Zephiskan Resources,Energy,A-,7.875,2034-12-26,114.938,2026-09-30,2.056,5.586,131,6.09,6.09,797.8,2200000000,2573868000.0,0.2228
2026-09-30,99138IAC1,ZEPN,Zephiskan Resources,Energy,A-,6.0,2052-05-24,107.934,2026-09-30,2.1,5.423,85,13.231,13.231,1124.6,1750000000,1925595000.0,0.1667
2026-09-30,99138IAD9,ZEPN,Zephiskan Resources,Energy,A-,7.25,2031-09-13,110.669,2026-09-30,0.342,4.803,72,4.177,4.177,300.7,2250000000,2497747500.0,0.2162
2026-09-30,99138IAE7,ZEPN,Zephiskan Resources,Energy,A-,3.375,2029-08-21,96.571,2026-09-30,0.366,4.655,75,2.704,2.704,202.8,1400000000,1357118000.0,0.1175
2026-09-30,99138IAF4,ZEPN,Zephiskan Resources,Energy,A-,5.0,2036-08-16,93.656,2026-09-30,0.611,5.854,151,7.565,7.565,1142.3,350000000,329934500.0,0.0286
2026-09-30,99138IAG2,ZEPN,Zephiskan Resources,Energy,A-,5.75,2034-05-09,103.884,2026-09-30,2.252,5.126,88,6.012,6.012,529.1,1500000000,1592040000.0,0.1378
2026-09-30,99138IAH0,ZEPN,Zephiskan Resources,Energy,A-,4.875,2032-10-06,98.922,2026-09-30,2.356,5.085,93,5.031,5.031,467.9,850000000,860863000.0,0.0745
2026-09-30,99139JAA2,VRAA,Vraxundra Wireless,Telecom,A-,4.875,2029-09-01,100.718,2026-09-30,0.393,4.608,70,2.685,2.685,188.0,1000000000,1011110000.0,0.0875
2026-09-30,99139JAB0,VRAA,Vraxundra Wireless,Telecom,A-,4.25,2034-03-23,95.673,2026-09-30,0.083,4.949,71,6.298,6.298,447.2,500000000,478780000.0,0.0414
2026-09-30,99139JAC8,VRAA,Vraxundra Wireless,Telecom,A-,5.25,2042-02-22,97.582,2026-09-30,0.554,5.484,100,10.338,10.338,1033.8,850000000,834156000.0,0.0722
2026-09-30,99139JAD6,VRAA,Vraxundra Wireless,Telecom,A-,4.875,2037-12-10,97.36,2026-09-30,1.49,5.188,80,8.373,8.373,669.8,2450000000,2421825000.0,0.2097
2026-09-30,99139JAE4,VRAA,Vraxundra Wireless,Telecom,A-,4.5,2035-03-05,94.581,2026-09-30,0.312,5.305,102,6.859,6.859,699.6,300000000,284679000.0,0.0246
2026-09-30,99139JAF1,VRAA,Vraxundra Wireless,Telecom,A-,3.125,2028-06-06,97.974,2026-09-30,0.99,4.384,61,1.602,1.602,97.7,1700000000,1682388000.0,0.1456
2026-09-30,99140KAA6,BRUH,Bruxamyth Brands,Consumer,BBB,5.75,2034-11-06,99.483,2026-09-30,2.3,5.83,156,6.253,6.253,975.5,950000000,966938500.0,0.0837
2026-09-30,99140KAB4,BRUH,Bruxamyth Brands,Consumer,BBB,6.125,2033-04-15,102.795,2026-09-30,2.807,5.608,142,5.212,5.212,740.1,1050000000,1108821000.0,0.096
2026-09-30,99140KAC2,BRUH,Bruxamyth Brands,Consumer,BBB,5.0,2037-10-10,92.525,2026-09-30,2.361,5.933,155,8.046,8.046,1247.1,1450000000,1375847000.0,0.1191
2026-09-30,99140KAD0,BRUH,Bruxamyth Brands,Consumer,BBB,4.0,2031-06-13,95.229,2026-09-30,1.189,5.154,109,4.163,4.163,453.8,1900000000,1831942000.0,0.1586
2026-09-30,99140KAE8,BRUH,Bruxamyth Brands,Consumer,BBB,4.75,2033-07-10,93.425,2026-09-30,1.056,5.941,174,5.606,5.606,975.4,1450000000,1369974500.0,0.1186
2026-09-30,99140KAF5,BRUH,Bruxamyth Brands,Consumer,BBB,3.625,2030-04-13,95.729,2026-09-30,1.682,4.956,99,3.209,3.209,317.7,1950000000,1899514500.0,0.1644
2026-09-30,99140KAG3,BRUH,Bruxamyth Brands,Consumer,BBB,6.5,2055-04-21,104.788,2026-09-30,2.871,6.142,156,12.895,12.895,2011.6,1750000000,1884032500.0,0.1631
2026-09-30,99140KAH1,BRUH,Bruxamyth Brands,Consumer,BBB,6.625,2028-05-02,101.527,2026-09-30,2.724,5.603,184,1.455,1.455,267.7,550000000,573380500.0,0.0496
2026-09-30,99141LAA3,CLAY,Clavolvey Bancorp,Financials,BB+,6.375,2032-11-01,98.831,2026-09-30,2.639,6.61,245,4.84,4.84,1185.8,1200000000,1217640000.0,0.1054
2026-09-30,99141LAB1,CLAY,Clavolvey Bancorp,Financials,BB+,8.375,2048-01-19,118.843,2026-09-30,1.652,6.7,215,10.632,10.632,2285.9,1650000000,1988167500.0,0.1721
2026-09-30,99141LAC9,CLAY,Clavolvey Bancorp,Financials,BB+,7.0,2033-12-23,102.8,2026-09-30,1.886,6.506,228,5.536,5.536,1262.2,1900000000,1989034000.0,0.1722
2026-09-30,99141LAD7,CLAY,Clavolvey Bancorp,Financials,BB+,7.875,2034-06-18,107.093,2026-09-30,2.231,6.681,243,5.686,5.686,1381.7,950000000,1038578000.0,0.0899
2026-09-30,99141LAE5,CLAY,Clavolvey Bancorp,Financials,BB+,5.5,2034-08-14,97.816,2026-09-30,0.703,5.849,159,6.249,6.249,993.6,1400000000,1379266000.0,0.1194
2026-09-30,99141LAF2,CLAY,Clavolvey Bancorp,Financials,BB+,5.25,2030-04-01,98.208,2026-09-30,2.61,5.823,186,3.069,3.069,570.8,1500000000,1512270000.0,0.1309
2026-09-30,99142MAA0,CORE,Corvithe Utilities,Utilities,A-,5.75,2055-03-08,97.913,2026-09-30,0.351,5.902,132,13.725,13.725,1811.7,300000000,294792000.0,0.0255
2026-09-30,99142MAB8,CORE,Corvithe Utilities,Utilities,A-,5.5,2028-05-25,101.616,2026-09-30,1.91,4.471,70,1.54,1.54,107.8,650000000,672919000.0,0.0583
2026-09-30,99142MAC6,CORE,Corvithe Utilities,Utilities,A-,6.375,2035-10-14,107.186,2026-09-30,2.94,5.361,105,6.719,6.719,705.5,750000000,825945000.0,0.0715
2026-09-30,99143NAA7,PLEA,Plevundra Finance,Financials,AA,5.625,2029-03-01,103.412,2026-09-30,0.453,4.127,27,2.243,2.243,60.6,2000000000,2077300000.0,0.1798
2026-09-30,99143NAB5,PLEA,Plevundra Finance,Financials,AA,2.875,2034-05-02,89.023,2026-09-30,1.182,4.605,36,6.578,6.578,236.8,2050000000,1849202500.0,0.1601
2026-09-30,99143NAC3,PLEA,Plevundra Finance,Financials,AA,3.25,2029-04-14,97.995,2026-09-30,1.499,4.089,22,2.371,2.371,52.2,1150000000,1144181000.0,0.0991
2026-09-30,99143NAD1,PLEA,Plevundra Finance,Financials,AA,7.25,2036-02-22,119.131,2026-09-30,0.765,4.706,38,6.994,6.994,265.8,2150000000,2577764000.0,0.2232
2026-09-30,99143NAE9,PLEA,Plevundra Finance,Financials,AA,4.75,2030-03-20,101.272,2026-09-30,0.132,4.351,39,3.171,3.171,123.7,1250000000,1267550000.0,0.1097
2026-09-30,99144OAA4,LORX,Lorvellix Energy,Energy,BBB+,6.125,2046-10-17,107.912,2026-09-30,2.773,5.47,93,11.51,11.51,1070.4,2500000000,2767125000.0,0.2396
2026-09-30,99144OAB2,LORX,Lorvellix Energy,Energy,BBB+,7.0,2035-09-11,110.128,2026-09-30,0.369,5.548,124,6.705,6.705,831.4,1750000000,1933697500.0,0.1674
2026-09-30,99144OAC0,LORX,Lorvellix Energy,Energy,BBB+,4.5,2036-12-20,92.061,2026-09-30,1.25,5.526,117,7.882,7.882,922.2,800000000,746488000.0,0.0646
2026-09-30,99144OAD8,LORX,Lorvellix Energy,Energy,BBB+,3.75,2033-11-18,92.058,2026-09-30,1.375,5.091,87,6.038,6.038,525.3,600000000,560598000.0,0.0485
2026-09-30,99144OAE6,LORX,Lorvellix Energy,Energy,BBB+,5.125,2029-01-22,100.837,2026-09-30,0.968,4.735,89,2.139,2.139,190.4,700000000,712635000.0,0.0617
2026-09-30,99144OAF3,LORX,Lorvellix Energy,Energy,BBB+,5.75,2037-09-28,104.801,2026-09-30,0.032,5.172,79,8.157,8.157,644.4,2450000000,2568408500.0,0.2224
2026-09-30,99144OAG1,LORX,Lorvellix Energy,Energy,BBB+,5.875,2033-06-25,103.104,2026-09-30,1.55,5.319,112,5.452,5.452,610.6,2150000000,2250061000.0,0.1948
2026-09-30,99145PAA0,PRAR,Praximer Energy,Energy,B-,7.25,2033-04-12,92.105,2026-09-30,3.383,8.867,468,4.857,4.857,2273.1,2100000000,2005248000.0,0.1736
2026-09-30,99145PAB8,PRAR,Praximer Energy,Energy,B-,10.5,2035-09-11,57.074,2026-09-30,0.554,21.488,1718,4.467,4.467,7674.3,2100000000,1210188000.0,0.1048
2026-09-30,99145PAC6,PRAR,Praximer Energy,Energy,B-,7.625,2030-08-21,97.144,2026-09-30,0.826,8.498,450,3.266,3.266,1469.7,1200000000,1175640000.0,0.1018
2026-09-30,99145PAD4,PRAR,Praximer Energy,Energy,B-,9.375,2028-09-17,100.2,2026-09-30,0.339,9.257,545,1.753,1.753,955.4,1850000000,1859971500.0,0.161
2026-09-30,99145PAE2,PRAR,Praximer Energy,Energy,B-,11.0,2036-10-16,112.117,2026-09-30,5.011,9.13,478,5.987,5.987,2861.8,1000000000,1171280000.0,0.1014
2026-09-30,99145PAF9,PRAR,Praximer Energy,Energy,B-,10.625,2044-03-27,100.084,2026-09-30,0.089,10.614,610,7.87,7.87,4800.7,1050000000,1051816500.0,0.0911
2026-09-30,99145PAG7,PRAR,Praximer Energy,Energy,B-,10.0,2037-10-03,99.788,2026-09-30,4.917,10.032,565,6.27,6.27,3542.6,2500000000,2617625000.0,0.2266
2026-09-30,99146QAA7,RULN,Rulviskan Pharma,Health Care,A+,4.625,2033-08-17,98.767,2026-09-30,0.552,4.837,63,5.792,5.792,364.9,2350000000,2333996500.0,0.2021
2026-09-30,99146QAB5,RULN,Rulviskan Pharma,Health Care,A+,4.375,2037-09-15,95.825,2026-09-30,0.182,4.871,49,8.542,8.542,418.6,1500000000,1440105000.0,0.1247
2026-09-30,99146QAC3,RULN,Rulviskan Pharma,Health Care,A+,4.375,2032-04-12,99.228,2026-09-30,2.042,4.534,41,4.764,4.764,195.3,2050000000,2076035000.0,0.1797
2026-09-30,99146QAD1,RULN,Rulviskan Pharma,Health Care,A+,4.75,2036-11-08,99.821,2026-09-30,1.874,4.772,42,7.804,7.804,327.8,850000000,864407500.0,0.0748
2026-09-30,99146QAE9,RULN,Rulviskan Pharma,Health Care,A+,5.125,2034-01-10,102.469,2026-09-30,1.139,4.719,49,5.975,5.975,292.8,1300000000,1346904000.0,0.1166
2026-09-30,99146QAF6,RULN,Rulviskan Pharma,Health Care,A+,3.75,2033-03-07,95.142,2026-09-30,0.24,4.631,45,5.614,5.614,252.6,1250000000,1192275000.0,0.1032
2026-09-30,99146QAG4,RULN,Rulviskan Pharma,Health Care,A+,4.125,2036-07-10,94.551,2026-09-30,0.917,4.83,49,7.823,7.823,383.3,400000000,381872000.0,0.0331
2026-09-30,99147RAA4,GALL,Galvizal Devices,Technology,AAA,3.75,2028-06-18,99.555,2026-09-30,1.062,4.018,24,1.629,1.629,39.1,1400000000,1408638000.0,0.1219
2026-09-30,99147RAB2,GALL,Galvizal Devices,Technology,AAA,5.75,2034-05-11,107.073,2026-09-30,2.22,4.636,39,6.058,6.058,236.3,1350000000,1475455500.0,0.1277
2026-09-30,99147RAC0,GALL,Galvizal Devices,Technology,AAA,3.25,2031-07-23,95.34,2026-09-30,0.605,4.332,26,4.364,4.364,113.5,400000000,383780000.0,0.0332
2026-09-30,99147RAD8,GALL,Galvizal Devices,Technology,AAA,4.25,2033-05-25,98.436,2026-09-30,1.476,4.524,33,5.644,5.644,186.3,1800000000,1798416000.0,0.1557
2026-09-30,99147RAE6,GALL,Galvizal Devices,Technology,AAA,3.875,2028-02-12,99.771,2026-09-30,0.517,4.046,31,1.312,1.312,40.7,1300000000,1303744000.0,0.1129
2026-09-30,99148SAA1,BRUR,Bruxazor Logistics,Transportation,BB+,5.875,2037-11-19,97.202,2026-09-30,2.138,6.226,184,7.86,7.86,1446.2,1600000000,1589440000.0,0.1376
2026-09-30,99148SAB9,BRUR,Bruxazor Logistics,Transportation,BB+,5.875,2028-11-06,100.273,2026-09-30,2.35,5.732,191,1.907,1.907,364.2,350000000,359180500.0,0.0311
2026-09-30,99148SAC7,BRUR,Bruxazor Logistics,Transportation,BB+,5.125,2028-05-01,99.488,2026-09-30,2.121,5.463,170,1.472,1.472,250.2,1950000000,1981375500.0,0.1715
2026-09-30,99148SAD5,BRUR,Bruxazor Logistics,Transportation,BB+,7.75,2042-01-01,114.054,2026-09-30,1.916,6.301,182,9.162,9.162,1667.5,2450000000,2841265000.0,0.246
2026-09-30,99148SAE3,BRUR,Bruxazor Logistics,Transportation,BB+,6.125,2035-12-06,97.851,2026-09-30,1.94,6.437,212,6.778,6.778,1436.9,650000000,648641500.0,0.0562
2026-09-30,99148SAF0,BRUR,Bruxazor Logistics,Transportation,BB+,8.5,2035-05-21,105.974,2026-09-30,3.046,7.544,325,5.967,5.967,1939.3,900000000,981180000.0,0.0849
2026-09-30,99148SAG8,BRUR,Bruxazor Logistics,Transportation,BB+,4.875,2029-07-10,97.241,2026-09-30,1.083,5.964,207,2.526,2.526,522.9,600000000,589944000.0,0.0511
2026-09-30,99149TAA8,CLAR,Clavazor Utilities,Utilities,A-,4.375,2036-09-26,92.985,2026-09-30,0.049,5.288,94,7.905,7.905,743.1,2300000000,2139782000.0,0.1852
2026-09-30,99149TAB6,CLAR,Clavazor Utilities,Utilities,A-,5.375,2034-11-15,102.332,2026-09-30,2.016,5.021,75,6.419,6.419,481.4,1600000000,1669568000.0,0.1445
2026-09-30,99149TAC4,CLAR,Clavazor Utilities,Utilities,A-,4.5,2034-12-08,95.412,2026-09-30,1.4,5.194,92,6.633,6.633,610.2,2500000000,2420300000.0,0.2095
2026-09-30,99149TAD2,CLAR,Clavazor Utilities,Utilities,A-,4.625,2029-02-19,99.977,2026-09-30,0.527,4.633,78,2.224,2.224,173.5,1750000000,1758820000.0,0.1523
2026-09-30,99150UAA1,WYXN,Wyxebran Logistics,Transportation,B,11.0,2038-07-19,109.248,2026-09-30,2.169,9.665,526,6.645,6.645,3495.3,1900000000,2116923000.0,0.1833
2026-09-30,99150UAB9,WYXN,Wyxebran Logistics,Transportation,B,8.625,2035-12-01,93.619,2026-09-30,2.851,9.687,537,5.946,5.946,3193.0,1750000000,1688225000.0,0.1462
2026-09-30,99150UAC7,WYXN,Wyxebran Logistics,Transportation,B,7.125,2027-11-24,100.233,2026-09-30,2.494,6.899,319,1.062,1.062,338.8,2350000000,2414084500.0,0.209
