date,2 Yr,5 Yr,10 Yr,30 Yr,chg_10y_bp,vol21_10y_bp,vol21_10y_annual_bp,mean63_10y_pct,slope_2s10s_bp,fly_2s5s10s_bp,zscore252_10y,zscore252_2s10s,pctrank252_10y,pctrank252_2s10s,percentrank_inc252_10y,percentrank_inc252_2s10s,chg1m_10y_bp,chg_10y_bp_formula,vol21_10y_bp_formula,vol21_10y_annual_bp_formula,mean63_10y_pct_formula,slope_2s10s_bp_formula,fly_2s5s10s_bp_formula,zscore252_10y_formula,zscore252_2s10s_formula,pctrank252_10y_formula,pctrank252_2s10s_formula,percentrank_inc252_10y_formula,percentrank_inc252_2s10s_formula,chg1m_10y_bp_formula
2026-01-02,3.47,3.74,4.19,4.86,1.0000000000000675,2.9936440606566395,47.522626190058176,4.1014285714285705,72.00000000000001,-18.00000000000006,-0.5844114428824115,1.970572136642588,34.92063492063492,99.60317460317461,0.338,0.996,10.000000000000053,=(D262-D261)*100,=STDEV.S(F242:F262),=G262*SQRT(252),=AVERAGE(D200:D262),=(D262-B262)*100,=(2*C262-B262-D262)*100,"=STANDARDIZE(D262,AVERAGE(D11:D262),STDEV.S(D11:D262))","=STANDARDIZE(J262,AVERAGE(J11:J262),STDEV.S(J11:J262))","=COUNTIF(D11:D262,""<=""&D262)/COUNT(D11:D262)*100","=COUNTIF(J11:J262,""<=""&J262)/COUNT(J11:J262)*100","=PERCENTRANK.INC(D11:D262,D262)","=PERCENTRANK.INC(J11:J262,J262)","=(D262-XLOOKUP(EDATE(A262,-1),$A$2:$A$451,$D$2:$D$451,,-1))*100"
2026-01-05,3.46,3.71,4.17,4.85,-2.000000000000046,2.943111408340632,46.72044520335829,4.102222222222221,71.0,-20.999999999999996,-0.6895064243927987,1.8691963259510853,31.746031746031743,99.20634920634922,0.29,0.992,3.000000000000025,=(D263-D262)*100,=STDEV.S(F243:F263),=G263*SQRT(252),=AVERAGE(D201:D263),=(D263-B263)*100,=(2*C263-B263-D263)*100,"=STANDARDIZE(D263,AVERAGE(D12:D263),STDEV.S(D12:D263))","=STANDARDIZE(J263,AVERAGE(J12:J263),STDEV.S(J12:J263))","=COUNTIF(D12:D263,""<=""&D263)/COUNT(D12:D263)*100","=COUNTIF(J12:J263,""<=""&J263)/COUNT(J12:J263)*100","=PERCENTRANK.INC(D12:D263,D263)","=PERCENTRANK.INC(J12:J263,J263)","=(D263-XLOOKUP(EDATE(A263,-1),$A$2:$A$451,$D$2:$D$451,,-1))*100"
2026-01-06,3.47,3.72,4.18,4.86,0.9999999999999787,2.7628487713469436,43.858864554386216,4.103492063492062,70.99999999999996,-20.99999999999995,-0.6275196012782884,1.8499191725808295,34.523809523809526,99.20634920634922,0.318,0.984,4.0000000000000036,=(D264-D263)*100,=STDEV.S(F244:F264),=G264*SQRT(252),=AVERAGE(D202:D264),=(D264-B264)*100,=(2*C264-B264-D264)*100,"=STANDARDIZE(D264,AVERAGE(D13:D264),STDEV.S(D13:D264))","=STANDARDIZE(J264,AVERAGE(J13:J264),STDEV.S(J13:J264))","=COUNTIF(D13:D264,""<=""&D264)/COUNT(D13:D264)*100","=COUNTIF(J13:J264,""<=""&J264)/COUNT(J13:J264)*100","=PERCENTRANK.INC(D13:D264,D264)","=PERCENTRANK.INC(J13:J264,J264)","=(D264-XLOOKUP(EDATE(A264,-1),$A$2:$A$451,$D$2:$D$451,,-1))*100"
2026-01-07,3.47,3.7,4.15,4.82,-2.999999999999936,2.7834545168942544,44.185970624169784,4.103809523809522,68.00000000000001,-22.00000000000002,-0.789330290079364,1.5896791528906073,27.380952380952383,97.22222222222221,0.25,0.964,1.0000000000000675,=(D265-D264)*100,=STDEV.S(F245:F265),=G265*SQRT(252),=AVERAGE(D203:D265),=(D265-B265)*100,=(2*C265-B265-D265)*100,"=STANDARDIZE(D265,AVERAGE(D14:D265),STDEV.S(D14:D265))","=STANDARDIZE(J265,AVERAGE(J14:J265),STDEV.S(J14:J265))","=COUNTIF(D14:D265,""<=""&D265)/COUNT(D14:D265)*100","=COUNTIF(J14:J265,""<=""&J265)/COUNT(J14:J265)*100","=PERCENTRANK.INC(D14:D265,D265)","=PERCENTRANK.INC(J14:J265,J265)","=(D265-XLOOKUP(EDATE(A265,-1),$A$2:$A$451,$D$2:$D$451,,-1))*100"
2026-01-08,3.49,3.74,4.19,4.85,4.0000000000000036,2.8443762392616354,45.15307298512465,4.103968253968254,70.00000000000001,-20.000000000000018,-0.5580263935969924,1.7371724230665893,36.507936507936506,98.01587301587301,0.35,0.98,2.000000000000046,=(D266-D265)*100,=STDEV.S(F246:F266),=G266*SQRT(252),=AVERAGE(D204:D266),=(D266-B266)*100,=(2*C266-B266-D266)*100,"=STANDARDIZE(D266,AVERAGE(D15:D266),STDEV.S(D15:D266))","=STANDARDIZE(J266,AVERAGE(J15:J266),STDEV.S(J15:J266))","=COUNTIF(D15:D266,""<=""&D266)/COUNT(D15:D266)*100","=COUNTIF(J15:J266,""<=""&J266)/COUNT(J15:J266)*100","=PERCENTRANK.INC(D15:D266,D266)","=PERCENTRANK.INC(J15:J266,J266)","=(D266-XLOOKUP(EDATE(A266,-1),$A$2:$A$451,$D$2:$D$451,,-1))*100"
2026-01-09,3.54,3.75,4.18,4.82,-1.0000000000000675,2.8460498941515384,45.179641432840036,4.104603174603174,63.99999999999997,-21.999999999999975,-0.608605225187025,1.2365773045378468,35.317460317460316,90.87301587301587,0.322,0.908,0.0,=(D267-D266)*100,=STDEV.S(F247:F267),=G267*SQRT(252),=AVERAGE(D205:D267),=(D267-B267)*100,=(2*C267-B267-D267)*100,"=STANDARDIZE(D267,AVERAGE(D16:D267),STDEV.S(D16:D267))","=STANDARDIZE(J267,AVERAGE(J16:J267),STDEV.S(J16:J267))","=COUNTIF(D16:D267,""<=""&D267)/COUNT(D16:D267)*100","=COUNTIF(J16:J267,""<=""&J267)/COUNT(J16:J267)*100","=PERCENTRANK.INC(D16:D267,D267)","=PERCENTRANK.INC(J16:J267,J267)","=(D267-XLOOKUP(EDATE(A267,-1),$A$2:$A$451,$D$2:$D$451,,-1))*100"
2026-01-12,3.54,3.77,4.19,4.83,1.0000000000000675,2.6104186856298957,41.439111959596815,4.105555555555555,65.00000000000003,-19.00000000000004,-0.5456852677335581,1.3072456513317916,37.301587301587304,92.46031746031747,0.354,0.916,0.0,=(D268-D267)*100,=STDEV.S(F248:F268),=G268*SQRT(252),=AVERAGE(D206:D268),=(D268-B268)*100,=(2*C268-B268-D268)*100,"=STANDARDIZE(D268,AVERAGE(D17:D268),STDEV.S(D17:D268))","=STANDARDIZE(J268,AVERAGE(J17:J268),STDEV.S(J17:J268))","=COUNTIF(D17:D268,""<=""&D268)/COUNT(D17:D268)*100","=COUNTIF(J17:J268,""<=""&J268)/COUNT(J17:J268)*100","=PERCENTRANK.INC(D17:D268,D268)","=PERCENTRANK.INC(J17:J268,J268)","=(D268-XLOOKUP(EDATE(A268,-1),$A$2:$A$451,$D$2:$D$451,,-1))*100"
2026-01-13,3.53,3.75,4.18,4.83,-1.0000000000000675,2.6195237662416373,41.583650633392,4.106190476190475,64.99999999999999,-20.99999999999995,-0.5974576235735235,1.2961756670239695,35.714285714285715,92.46031746031747,0.322,0.908,-1.0000000000000675,=(D269-D268)*100,=STDEV.S(F249:F269),=G269*SQRT(252),=AVERAGE(D207:D269),=(D269-B269)*100,=(2*C269-B269-D269)*100,"=STANDARDIZE(D269,AVERAGE(D18:D269),STDEV.S(D18:D269))","=STANDARDIZE(J269,AVERAGE(J18:J269),STDEV.S(J18:J269))","=COUNTIF(D18:D269,""<=""&D269)/COUNT(D18:D269)*100","=COUNTIF(J18:J269,""<=""&J269)/COUNT(J18:J269)*100","=PERCENTRANK.INC(D18:D269,D269)","=PERCENTRANK.INC(J18:J269,J269)","=(D269-XLOOKUP(EDATE(A269,-1),$A$2:$A$451,$D$2:$D$451,,-1))*100"
2026-01-14,3.51,3.72,4.15,4.79,-2.999999999999936,2.462093572938428,39.084523791393295,4.107777777777777,64.00000000000006,-21.999999999999975,-0.7665980261618581,1.2048014499866695,27.77777777777778,90.47619047619048,0.25,0.9,-4.0000000000000036,=(D270-D269)*100,=STDEV.S(F250:F270),=G270*SQRT(252),=AVERAGE(D208:D270),=(D270-B270)*100,=(2*C270-B270-D270)*100,"=STANDARDIZE(D270,AVERAGE(D19:D270),STDEV.S(D19:D270))","=STANDARDIZE(J270,AVERAGE(J19:J270),STDEV.S(J19:J270))","=COUNTIF(D19:D270,""<=""&D270)/COUNT(D19:D270)*100","=COUNTIF(J19:J270,""<=""&J270)/COUNT(J19:J270)*100","=PERCENTRANK.INC(D19:D270,D270)","=PERCENTRANK.INC(J19:J270,J270)","=(D270-XLOOKUP(EDATE(A270,-1),$A$2:$A$451,$D$2:$D$451,,-1))*100"
2026-01-15,3.56,3.77,4.17,4.79,1.9999999999999574,2.499523764163683,39.67870965643899,4.109999999999999,60.999999999999986,-18.999999999999993,-0.6456583724256824,0.9532676515754066,32.93650793650794,88.4920634920635,0.298,0.88,-0.9999999999999787,=(D271-D270)*100,=STDEV.S(F251:F271),=G271*SQRT(252),=AVERAGE(D209:D271),=(D271-B271)*100,=(2*C271-B271-D271)*100,"=STANDARDIZE(D271,AVERAGE(D20:D271),STDEV.S(D20:D271))","=STANDARDIZE(J271,AVERAGE(J20:J271),STDEV.S(J20:J271))","=COUNTIF(D20:D271,""<=""&D271)/COUNT(D20:D271)*100","=COUNTIF(J20:J271,""<=""&J271)/COUNT(J20:J271)*100","=PERCENTRANK.INC(D20:D271,D271)","=PERCENTRANK.INC(J20:J271,J271)","=(D271-XLOOKUP(EDATE(A271,-1),$A$2:$A$451,$D$2:$D$451,,-1))*100"
2026-01-16,3.59,3.82,4.24,4.83,7.000000000000028,2.8385106758902343,45.05996005324455,4.113015873015872,65.00000000000003,-19.00000000000004,-0.22018353419848483,1.26784563079344,46.42857142857143,92.46031746031747,0.442,0.912,8.999999999999986,=(D272-D271)*100,=STDEV.S(F252:F272),=G272*SQRT(252),=AVERAGE(D210:D272),=(D272-B272)*100,=(2*C272-B272-D272)*100,"=STANDARDIZE(D272,AVERAGE(D21:D272),STDEV.S(D21:D272))","=STANDARDIZE(J272,AVERAGE(J21:J272),STDEV.S(J21:J272))","=COUNTIF(D21:D272,""<=""&D272)/COUNT(D21:D272)*100","=COUNTIF(J21:J272,""<=""&J272)/COUNT(J21:J272)*100","=PERCENTRANK.INC(D21:D272,D272)","=PERCENTRANK.INC(J21:J272,J272)","=(D272-XLOOKUP(EDATE(A272,-1),$A$2:$A$451,$D$2:$D$451,,-1))*100"
2026-01-20,3.6,3.86,4.3,4.91,5.999999999999961,3.0876096471758365,49.01428363242689,4.117936507936507,69.99999999999997,-18.00000000000006,0.15818311373000554,1.6567419585390644,59.92063492063492,98.01587301587301,0.577,0.972,13.999999999999968,=(D273-D272)*100,=STDEV.S(F253:F273),=G273*SQRT(252),=AVERAGE(D211:D273),=(D273-B273)*100,=(2*C273-B273-D273)*100,"=STANDARDIZE(D273,AVERAGE(D22:D273),STDEV.S(D22:D273))","=STANDARDIZE(J273,AVERAGE(J22:J273),STDEV.S(J22:J273))","=COUNTIF(D22:D273,""<=""&D273)/COUNT(D22:D273)*100","=COUNTIF(J22:J273,""<=""&J273)/COUNT(J22:J273)*100","=PERCENTRANK.INC(D22:D273,D273)","=PERCENTRANK.INC(J22:J273,J273)","=(D273-XLOOKUP(EDATE(A273,-1),$A$2:$A$451,$D$2:$D$451,,-1))*100"
2026-01-21,3.6,3.83,4.26,4.87,-4.0000000000000036,3.0876096471758365,49.01428363242689,4.121746031746032,65.99999999999997,-19.99999999999993,-0.08012846058716182,1.3221438025719228,50.79365079365079,92.46031746031747,0.482,0.92,9.999999999999964,=(D274-D273)*100,=STDEV.S(F254:F274),=G274*SQRT(252),=AVERAGE(D212:D274),=(D274-B274)*100,=(2*C274-B274-D274)*100,"=STANDARDIZE(D274,AVERAGE(D23:D274),STDEV.S(D23:D274))","=STANDARDIZE(J274,AVERAGE(J23:J274),STDEV.S(J23:J274))","=COUNTIF(D23:D274,""<=""&D274)/COUNT(D23:D274)*100","=COUNTIF(J23:J274,""<=""&J274)/COUNT(J23:J274)*100","=PERCENTRANK.INC(D23:D274,D274)","=PERCENTRANK.INC(J23:J274,J274)","=(D274-XLOOKUP(EDATE(A274,-1),$A$2:$A$451,$D$2:$D$451,,-1))*100"
2026-01-22,3.61,3.85,4.26,4.84,0.0,2.9936440606566306,47.522626190058034,4.125873015873016,64.99999999999999,-16.999999999999993,-0.07208854263143652,1.2312839750001658,51.19047619047619,91.66666666666666,0.482,0.892,8.999999999999986,=(D275-D274)*100,=STDEV.S(F255:F275),=G275*SQRT(252),=AVERAGE(D213:D275),=(D275-B275)*100,=(2*C275-B275-D275)*100,"=STANDARDIZE(D275,AVERAGE(D24:D275),STDEV.S(D24:D275))","=STANDARDIZE(J275,AVERAGE(J24:J275),STDEV.S(J24:J275))","=COUNTIF(D24:D275,""<=""&D275)/COUNT(D24:D275)*100","=COUNTIF(J24:J275,""<=""&J275)/COUNT(J24:J275)*100","=PERCENTRANK.INC(D24:D275,D275)","=PERCENTRANK.INC(J24:J275,J275)","=(D275-XLOOKUP(EDATE(A275,-1),$A$2:$A$451,$D$2:$D$451,,-1))*100"
2026-01-23,3.6,3.84,4.24,4.82,-1.9999999999999574,3.0386400466875445,48.23691532426164,4.13,64.00000000000001,-16.000000000000014,-0.1907160169075573,1.1418482061840933,46.82539682539682,88.09523809523809,0.442,0.88,6.00000000000005,=(D276-D275)*100,=STDEV.S(F256:F276),=G276*SQRT(252),=AVERAGE(D214:D276),=(D276-B276)*100,=(2*C276-B276-D276)*100,"=STANDARDIZE(D276,AVERAGE(D25:D276),STDEV.S(D25:D276))","=STANDARDIZE(J276,AVERAGE(J25:J276),STDEV.S(J25:J276))","=COUNTIF(D25:D276,""<=""&D276)/COUNT(D25:D276)*100","=COUNTIF(J25:J276,""<=""&J276)/COUNT(J25:J276)*100","=PERCENTRANK.INC(D25:D276,D276)","=PERCENTRANK.INC(J25:J276,J276)","=(D276-XLOOKUP(EDATE(A276,-1),$A$2:$A$451,$D$2:$D$451,,-1))*100"
2026-01-26,3.56,3.82,4.22,4.8,-2.000000000000046,3.076020930017337,48.830318450732946,4.133968253968254,65.99999999999997,-13.999999999999968,-0.3114075782979431,1.2945561372594072,42.46031746031746,92.46031746031747,0.394,0.916,8.000000000000007,=(D277-D276)*100,=STDEV.S(F257:F277),=G277*SQRT(252),=AVERAGE(D215:D277),=(D277-B277)*100,=(2*C277-B277-D277)*100,"=STANDARDIZE(D277,AVERAGE(D26:D277),STDEV.S(D26:D277))","=STANDARDIZE(J277,AVERAGE(J26:J277),STDEV.S(J26:J277))","=COUNTIF(D26:D277,""<=""&D277)/COUNT(D26:D277)*100","=COUNTIF(J26:J277,""<=""&J277)/COUNT(J26:J277)*100","=PERCENTRANK.INC(D26:D277,D277)","=PERCENTRANK.INC(J26:J277,J277)","=(D277-XLOOKUP(EDATE(A277,-1),$A$2:$A$451,$D$2:$D$451,,-1))*100"
2026-01-27,3.53,3.81,4.24,4.83,2.000000000000046,3.009508740167213,47.77447016974649,4.137619047619048,71.00000000000004,-15.000000000000036,-0.1756041229831928,1.6841294773905287,47.61904761904761,99.20634920634922,0.446,0.992,10.000000000000053,=(D278-D277)*100,=STDEV.S(F258:F278),=G278*SQRT(252),=AVERAGE(D216:D278),=(D278-B278)*100,=(2*C278-B278-D278)*100,"=STANDARDIZE(D278,AVERAGE(D27:D278),STDEV.S(D27:D278))","=STANDARDIZE(J278,AVERAGE(J27:J278),STDEV.S(J27:J278))","=COUNTIF(D27:D278,""<=""&D278)/COUNT(D27:D278)*100","=COUNTIF(J27:J278,""<=""&J278)/COUNT(J27:J278)*100","=PERCENTRANK.INC(D27:D278,D278)","=PERCENTRANK.INC(J27:J278,J278)","=(D278-XLOOKUP(EDATE(A278,-1),$A$2:$A$451,$D$2:$D$451,,-1))*100"
2026-01-28,3.56,3.83,4.26,4.85,1.9999999999999574,3.00950874016721,47.774470169746444,4.141428571428571,69.99999999999997,-16.000000000000014,-0.03665151660332816,1.5885934869066665,52.77777777777778,97.61904761904762,0.494,0.964,12.00000000000001,=(D279-D278)*100,=STDEV.S(F259:F279),=G279*SQRT(252),=AVERAGE(D217:D279),=(D279-B279)*100,=(2*C279-B279-D279)*100,"=STANDARDIZE(D279,AVERAGE(D28:D279),STDEV.S(D28:D279))","=STANDARDIZE(J279,AVERAGE(J28:J279),STDEV.S(J28:J279))","=COUNTIF(D28:D279,""<=""&D279)/COUNT(D28:D279)*100","=COUNTIF(J28:J279,""<=""&J279)/COUNT(J28:J279)*100","=PERCENTRANK.INC(D28:D279,D279)","=PERCENTRANK.INC(J28:J279,J279)","=(D279-XLOOKUP(EDATE(A279,-1),$A$2:$A$451,$D$2:$D$451,,-1))*100"
2026-01-29,3.53,3.8,4.24,4.85,-1.9999999999999574,3.00950874016721,47.774470169746444,4.145079365079366,71.00000000000004,-16.999999999999993,-0.1593418046647598,1.6532277691356811,48.01587301587302,99.20634920634922,0.446,0.988,12.00000000000001,=(D280-D279)*100,=STDEV.S(F260:F280),=G280*SQRT(252),=AVERAGE(D218:D280),=(D280-B280)*100,=(2*C280-B280-D280)*100,"=STANDARDIZE(D280,AVERAGE(D29:D280),STDEV.S(D29:D280))","=STANDARDIZE(J280,AVERAGE(J29:J280),STDEV.S(J29:J280))","=COUNTIF(D29:D280,""<=""&D280)/COUNT(D29:D280)*100","=COUNTIF(J29:J280,""<=""&J280)/COUNT(J29:J280)*100","=PERCENTRANK.INC(D29:D280,D280)","=PERCENTRANK.INC(J29:J280,J280)","=(D280-XLOOKUP(EDATE(A280,-1),$A$2:$A$451,$D$2:$D$451,,-1))*100"
2026-01-30,3.52,3.79,4.26,4.87,1.9999999999999574,3.00950874016721,47.774470169746444,4.1493650793650785,73.99999999999997,-19.99999999999993,-0.01984413755331995,1.873792598908811,53.57142857142857,100.0,0.498,1.0,12.00000000000001,=(D281-D280)*100,=STDEV.S(F261:F281),=G281*SQRT(252),=AVERAGE(D219:D281),=(D281-B281)*100,=(2*C281-B281-D281)*100,"=STANDARDIZE(D281,AVERAGE(D30:D281),STDEV.S(D30:D281))","=STANDARDIZE(J281,AVERAGE(J30:J281),STDEV.S(J30:J281))","=COUNTIF(D30:D281,""<=""&D281)/COUNT(D30:D281)*100","=COUNTIF(J30:J281,""<=""&J281)/COUNT(J30:J281)*100","=PERCENTRANK.INC(D30:D281,D281)","=PERCENTRANK.INC(J30:J281,J281)","=(D281-XLOOKUP(EDATE(A281,-1),$A$2:$A$451,$D$2:$D$451,,-1))*100"
2026-02-02,3.57,3.83,4.29,4.9,3.000000000000025,2.9600514796038158,46.98936049788286,4.152698412698414,72.00000000000001,-20.000000000000018,0.18843615452460222,1.6972389217755652,61.111111111111114,99.20634920634922,0.569,0.988,9.999999999999964,=(D282-D281)*100,=STDEV.S(F262:F282),=G282*SQRT(252),=AVERAGE(D220:D282),=(D282-B282)*100,=(2*C282-B282-D282)*100,"=STANDARDIZE(D282,AVERAGE(D31:D282),STDEV.S(D31:D282))","=STANDARDIZE(J282,AVERAGE(J31:J282),STDEV.S(J31:J282))","=COUNTIF(D31:D282,""<=""&D282)/COUNT(D31:D282)*100","=COUNTIF(J31:J282,""<=""&J282)/COUNT(J31:J282)*100","=PERCENTRANK.INC(D31:D282,D282)","=PERCENTRANK.INC(J31:J282,J282)","=(D282-XLOOKUP(EDATE(A282,-1),$A$2:$A$451,$D$2:$D$451,,-1))*100"
2026-02-03,3.57,3.83,4.28,4.9,-0.9999999999999787,2.976095236571375,47.24404724407079,4.155396825396825,71.00000000000004,-19.00000000000004,0.1294354216271344,1.603248872586454,57.14285714285714,98.4126984126984,0.553,0.976,8.999999999999986,=(D283-D282)*100,=STDEV.S(F263:F283),=G283*SQRT(252),=AVERAGE(D221:D283),=(D283-B283)*100,=(2*C283-B283-D283)*100,"=STANDARDIZE(D283,AVERAGE(D32:D283),STDEV.S(D32:D283))","=STANDARDIZE(J283,AVERAGE(J32:J283),STDEV.S(J32:J283))","=COUNTIF(D32:D283,""<=""&D283)/COUNT(D32:D283)*100","=COUNTIF(J32:J283,""<=""&J283)/COUNT(J32:J283)*100","=PERCENTRANK.INC(D32:D283,D283)","=PERCENTRANK.INC(J32:J283,J283)","=(D283-XLOOKUP(EDATE(A283,-1),$A$2:$A$451,$D$2:$D$451,,-1))*100"
2026-02-04,3.57,3.83,4.29,4.91,0.9999999999999787,2.925259451252626,46.437054170134324,4.158253968253968,72.00000000000001,-20.000000000000018,0.20452812469298834,1.667518889227983,61.904761904761905,99.20634920634922,0.573,0.984,9.999999999999964,=(D284-D283)*100,=STDEV.S(F264:F284),=G284*SQRT(252),=AVERAGE(D222:D284),=(D284-B284)*100,=(2*C284-B284-D284)*100,"=STANDARDIZE(D284,AVERAGE(D33:D284),STDEV.S(D33:D284))","=STANDARDIZE(J284,AVERAGE(J33:J284),STDEV.S(J33:J284))","=COUNTIF(D33:D284,""<=""&D284)/COUNT(D33:D284)*100","=COUNTIF(J33:J284,""<=""&J284)/COUNT(J33:J284)*100","=PERCENTRANK.INC(D33:D284,D284)","=PERCENTRANK.INC(J33:J284,J284)","=(D284-XLOOKUP(EDATE(A284,-1),$A$2:$A$451,$D$2:$D$451,,-1))*100"
2026-02-05,3.47,3.74,4.21,4.85,-8.000000000000007,3.4682230938293737,55.05633478538134,4.159523809523809,73.99999999999997,-20.000000000000018,-0.3332695600472986,1.8076289923105926,39.682539682539684,100.0,0.394,0.996,4.0000000000000036,=(D285-D284)*100,=STDEV.S(F265:F285),=G285*SQRT(252),=AVERAGE(D223:D285),=(D285-B285)*100,=(2*C285-B285-D285)*100,"=STANDARDIZE(D285,AVERAGE(D34:D285),STDEV.S(D34:D285))","=STANDARDIZE(J285,AVERAGE(J34:J285),STDEV.S(J34:J285))","=COUNTIF(D34:D285,""<=""&D285)/COUNT(D34:D285)*100","=COUNTIF(J34:J285,""<=""&J285)/COUNT(J34:J285)*100","=PERCENTRANK.INC(D34:D285,D285)","=PERCENTRANK.INC(J34:J285,J285)","=(D285-XLOOKUP(EDATE(A285,-1),$A$2:$A$451,$D$2:$D$451,,-1))*100"
2026-02-06,3.5,3.76,4.22,4.85,0.9999999999999787,3.396076167186672,53.91103783085608,4.161428571428572,71.99999999999997,-20.000000000000018,-0.25771834269737887,1.6377976812431774,43.25396825396825,98.80952380952381,0.398,0.976,4.0000000000000036,=(D286-D285)*100,=STDEV.S(F266:F286),=G286*SQRT(252),=AVERAGE(D224:D286),=(D286-B286)*100,=(2*C286-B286-D286)*100,"=STANDARDIZE(D286,AVERAGE(D35:D286),STDEV.S(D35:D286))","=STANDARDIZE(J286,AVERAGE(J35:J286),STDEV.S(J35:J286))","=COUNTIF(D35:D286,""<=""&D286)/COUNT(D35:D286)*100","=COUNTIF(J35:J286,""<=""&J286)/COUNT(J35:J286)*100","=PERCENTRANK.INC(D35:D286,D286)","=PERCENTRANK.INC(J35:J286,J286)","=(D286-XLOOKUP(EDATE(A286,-1),$A$2:$A$451,$D$2:$D$451,,-1))*100"
2026-02-09,3.48,3.75,4.22,4.85,0.0,3.2906794782493494,52.237917263229356,4.162222222222223,73.99999999999997,-20.000000000000018,-0.2511122999205357,1.780666602594237,43.65079365079365,100.0,0.398,0.992,4.0000000000000036,=(D287-D286)*100,=STDEV.S(F267:F287),=G287*SQRT(252),=AVERAGE(D225:D287),=(D287-B287)*100,=(2*C287-B287-D287)*100,"=STANDARDIZE(D287,AVERAGE(D36:D287),STDEV.S(D36:D287))","=STANDARDIZE(J287,AVERAGE(J36:J287),STDEV.S(J36:J287))","=COUNTIF(D36:D287,""<=""&D287)/COUNT(D36:D287)*100","=COUNTIF(J36:J287,""<=""&J287)/COUNT(J36:J287)*100","=PERCENTRANK.INC(D36:D287,D287)","=PERCENTRANK.INC(J36:J287,J287)","=(D287-XLOOKUP(EDATE(A287,-1),$A$2:$A$451,$D$2:$D$451,,-1))*100"
2026-02-10,3.45,3.7,4.16,4.78,-5.999999999999961,3.5483061015752493,56.32761312180722,4.1630158730158735,71.0,-20.999999999999996,-0.6631672133275592,1.5344442773197904,30.158730158730158,96.82539682539682,0.278,0.952,-1.9999999999999574,=(D288-D287)*100,=STDEV.S(F268:F288),=G288*SQRT(252),=AVERAGE(D226:D288),=(D288-B288)*100,=(2*C288-B288-D288)*100,"=STANDARDIZE(D288,AVERAGE(D37:D288),STDEV.S(D37:D288))","=STANDARDIZE(J288,AVERAGE(J37:J288),STDEV.S(J37:J288))","=COUNTIF(D37:D288,""<=""&D288)/COUNT(D37:D288)*100","=COUNTIF(J37:J288,""<=""&J288)/COUNT(J37:J288)*100","=PERCENTRANK.INC(D37:D288,D288)","=PERCENTRANK.INC(J37:J288,J288)","=(D288-XLOOKUP(EDATE(A288,-1),$A$2:$A$451,$D$2:$D$451,,-1))*100"
2026-02-11,3.52,3.75,4.18,4.82,1.9999999999999574,3.5703807986850618,56.67803807472506,4.164126984126984,65.99999999999997,-19.99999999999997,-0.5176599892776956,1.1322335203010903,37.301587301587304,88.09523809523809,0.334,0.868,0.0,=(D289-D288)*100,=STDEV.S(F269:F289),=G289*SQRT(252),=AVERAGE(D227:D289),=(D289-B289)*100,=(2*C289-B289-D289)*100,"=STANDARDIZE(D289,AVERAGE(D38:D289),STDEV.S(D38:D289))","=STANDARDIZE(J289,AVERAGE(J38:J289),STDEV.S(J38:J289))","=COUNTIF(D38:D289,""<=""&D289)/COUNT(D38:D289)*100","=COUNTIF(J38:J289,""<=""&J289)/COUNT(J38:J289)*100","=PERCENTRANK.INC(D38:D289,D289)","=PERCENTRANK.INC(J38:J289,J289)","=(D289-XLOOKUP(EDATE(A289,-1),$A$2:$A$451,$D$2:$D$451,,-1))*100"
2026-02-12,3.47,3.67,4.09,4.72,-8.999999999999986,4.0690469224552785,64.59411737921634,4.163492063492063,61.999999999999964,-22.00000000000002,-1.1403693477163042,0.8084589883944509,13.095238095238097,82.14285714285714,0.119,0.812,-10.000000000000053,=(D290-D289)*100,=STDEV.S(F270:F290),=G290*SQRT(252),=AVERAGE(D228:D290),=(D290-B290)*100,=(2*C290-B290-D290)*100,"=STANDARDIZE(D290,AVERAGE(D39:D290),STDEV.S(D39:D290))","=STANDARDIZE(J290,AVERAGE(J39:J290),STDEV.S(J39:J290))","=COUNTIF(D39:D290,""<=""&D290)/COUNT(D39:D290)*100","=COUNTIF(J39:J290,""<=""&J290)/COUNT(J39:J290)*100","=PERCENTRANK.INC(D39:D290,D290)","=PERCENTRANK.INC(J39:J290,J290)","=(D290-XLOOKUP(EDATE(A290,-1),$A$2:$A$451,$D$2:$D$451,,-1))*100"
2026-02-13,3.4,3.61,4.04,4.69,-4.999999999999982,4.154744849194074,65.95452979136446,4.162857142857144,64.00000000000001,-22.00000000000002,-1.4818172518473756,0.9661002179516693,7.5396825396825395,82.93650793650794,0.059,0.824,-13.999999999999968,=(D291-D290)*100,=STDEV.S(F271:F291),=G291*SQRT(252),=AVERAGE(D229:D291),=(D291-B291)*100,=(2*C291-B291-D291)*100,"=STANDARDIZE(D291,AVERAGE(D40:D291),STDEV.S(D40:D291))","=STANDARDIZE(J291,AVERAGE(J40:J291),STDEV.S(J40:J291))","=COUNTIF(D40:D291,""<=""&D291)/COUNT(D40:D291)*100","=COUNTIF(J40:J291,""<=""&J291)/COUNT(J40:J291)*100","=PERCENTRANK.INC(D40:D291,D291)","=PERCENTRANK.INC(J40:J291,J291)","=(D291-XLOOKUP(EDATE(A291,-1),$A$2:$A$451,$D$2:$D$451,,-1))*100"
2026-02-17,3.43,3.63,4.05,4.68,0.9999999999999787,4.130029401486482,65.562184222309,4.161904761904762,61.999999999999964,-22.00000000000002,-1.4039106764723766,0.7976056543737278,9.523809523809524,81.74603174603175,0.075,0.804,-19.00000000000004,=(D292-D291)*100,=STDEV.S(F272:F292),=G292*SQRT(252),=AVERAGE(D230:D292),=(D292-B292)*100,=(2*C292-B292-D292)*100,"=STANDARDIZE(D292,AVERAGE(D41:D292),STDEV.S(D41:D292))","=STANDARDIZE(J292,AVERAGE(J41:J292),STDEV.S(J41:J292))","=COUNTIF(D41:D292,""<=""&D292)/COUNT(D41:D292)*100","=COUNTIF(J41:J292,""<=""&J292)/COUNT(J41:J292)*100","=PERCENTRANK.INC(D41:D292,D292)","=PERCENTRANK.INC(J41:J292,J292)","=(D292-XLOOKUP(EDATE(A292,-1),$A$2:$A$451,$D$2:$D$451,,-1))*100"
2026-02-18,3.47,3.66,4.09,4.71,4.0000000000000036,3.900549411850288,61.919302321650704,4.1611111111111105,61.999999999999964,-23.99999999999998,-1.1189056797276347,0.7923369988748645,14.285714285714285,81.74603174603175,0.127,0.8,-15.000000000000036,=(D293-D292)*100,=STDEV.S(F273:F293),=G293*SQRT(252),=AVERAGE(D231:D293),=(D293-B293)*100,=(2*C293-B293-D293)*100,"=STANDARDIZE(D293,AVERAGE(D42:D293),STDEV.S(D42:D293))","=STANDARDIZE(J293,AVERAGE(J42:J293),STDEV.S(J42:J293))","=COUNTIF(D42:D293,""<=""&D293)/COUNT(D42:D293)*100","=COUNTIF(J42:J293,""<=""&J293)/COUNT(J42:J293)*100","=PERCENTRANK.INC(D42:D293,D293)","=PERCENTRANK.INC(J42:J293,J293)","=(D293-XLOOKUP(EDATE(A293,-1),$A$2:$A$451,$D$2:$D$451,,-1))*100"
2026-02-19,3.47,3.65,4.08,4.7,-0.9999999999999787,3.5843575501920824,56.8999121264698,4.160317460317461,60.999999999999986,-25.000000000000043,-1.1837615052878936,0.7050691378237419,13.095238095238097,79.76190476190477,0.115,0.788,-16.000000000000014,=(D294-D293)*100,=STDEV.S(F274:F294),=G294*SQRT(252),=AVERAGE(D232:D294),=(D294-B294)*100,=(2*C294-B294-D294)*100,"=STANDARDIZE(D294,AVERAGE(D43:D294),STDEV.S(D43:D294))","=STANDARDIZE(J294,AVERAGE(J43:J294),STDEV.S(J43:J294))","=COUNTIF(D43:D294,""<=""&D294)/COUNT(D43:D294)*100","=COUNTIF(J43:J294,""<=""&J294)/COUNT(J43:J294)*100","=PERCENTRANK.INC(D43:D294,D294)","=PERCENTRANK.INC(J43:J294,J294)","=(D294-XLOOKUP(EDATE(A294,-1),$A$2:$A$451,$D$2:$D$451,,-1))*100"
2026-02-20,3.48,3.65,4.08,4.72,0.0,3.5254179083580097,55.964274318532745,4.15968253968254,60.00000000000001,-26.00000000000002,-1.1755775280041711,0.616207355966927,13.492063492063492,78.57142857142857,0.115,0.78,-21.999999999999975,=(D295-D294)*100,=STDEV.S(F275:F295),=G295*SQRT(252),=AVERAGE(D233:D295),=(D295-B295)*100,=(2*C295-B295-D295)*100,"=STANDARDIZE(D295,AVERAGE(D44:D295),STDEV.S(D44:D295))","=STANDARDIZE(J295,AVERAGE(J44:J295),STDEV.S(J44:J295))","=COUNTIF(D44:D295,""<=""&D295)/COUNT(D44:D295)*100","=COUNTIF(J44:J295,""<=""&J295)/COUNT(J44:J295)*100","=PERCENTRANK.INC(D44:D295,D295)","=PERCENTRANK.INC(J44:J295,J295)","=(D295-XLOOKUP(EDATE(A295,-1),$A$2:$A$451,$D$2:$D$451,,-1))*100"
2026-02-23,3.43,3.59,4.03,4.7,-4.999999999999982,3.631869517270151,57.654141221598145,4.158095238095239,60.00000000000001,-28.00000000000007,-1.529009606881652,0.6106532592394769,6.349206349206349,78.57142857142857,0.055,0.776,-20.999999999999996,=(D296-D295)*100,=STDEV.S(F276:F296),=G296*SQRT(252),=AVERAGE(D234:D296),=(D296-B296)*100,=(2*C296-B296-D296)*100,"=STANDARDIZE(D296,AVERAGE(D45:D296),STDEV.S(D45:D296))","=STANDARDIZE(J296,AVERAGE(J45:J296),STDEV.S(J45:J296))","=COUNTIF(D45:D296,""<=""&D296)/COUNT(D45:D296)*100","=COUNTIF(J45:J296,""<=""&J296)/COUNT(J45:J296)*100","=PERCENTRANK.INC(D45:D296,D296)","=PERCENTRANK.INC(J45:J296,J296)","=(D296-XLOOKUP(EDATE(A296,-1),$A$2:$A$451,$D$2:$D$451,,-1))*100"
2026-02-24,3.43,3.61,4.04,4.7,0.9999999999999787,3.653439345003414,57.99655162162645,4.157142857142858,60.999999999999986,-25.000000000000043,-1.4491569753551592,0.6919010490176493,8.333333333333332,79.76190476190477,0.063,0.784,-20.000000000000018,=(D297-D296)*100,=STDEV.S(F277:F297),=G297*SQRT(252),=AVERAGE(D235:D297),=(D297-B297)*100,=(2*C297-B297-D297)*100,"=STANDARDIZE(D297,AVERAGE(D46:D297),STDEV.S(D46:D297))","=STANDARDIZE(J297,AVERAGE(J46:J297),STDEV.S(J46:J297))","=COUNTIF(D46:D297,""<=""&D297)/COUNT(D46:D297)*100","=COUNTIF(J46:J297,""<=""&J297)/COUNT(J46:J297)*100","=PERCENTRANK.INC(D46:D297,D297)","=PERCENTRANK.INC(J46:J297,J297)","=(D297-XLOOKUP(EDATE(A297,-1),$A$2:$A$451,$D$2:$D$451,,-1))*100"
2026-02-25,3.45,3.61,4.05,4.7,0.9999999999999787,3.6690468465126855,58.24431302711004,4.156984126984129,59.999999999999964,-28.000000000000025,-1.3681604809479182,0.6000942679901771,10.714285714285714,78.17460317460318,0.083,0.764,-19.00000000000004,=(D298-D297)*100,=STDEV.S(F278:F298),=G298*SQRT(252),=AVERAGE(D236:D298),=(D298-B298)*100,=(2*C298-B298-D298)*100,"=STANDARDIZE(D298,AVERAGE(D47:D298),STDEV.S(D47:D298))","=STANDARDIZE(J298,AVERAGE(J47:J298),STDEV.S(J47:J298))","=COUNTIF(D47:D298,""<=""&D298)/COUNT(D47:D298)*100","=COUNTIF(J47:J298,""<=""&J298)/COUNT(J47:J298)*100","=PERCENTRANK.INC(D47:D298,D298)","=PERCENTRANK.INC(J47:J298,J298)","=(D298-XLOOKUP(EDATE(A298,-1),$A$2:$A$451,$D$2:$D$451,,-1))*100"
2026-02-26,3.42,3.57,4.02,4.67,-3.000000000000025,3.6397278809849176,57.778888878205144,4.156666666666667,59.999999999999964,-29.999999999999982,-1.5734963210714974,0.5952451139914492,5.952380952380952,78.17460317460318,0.043,0.76,-20.000000000000018,=(D299-D298)*100,=STDEV.S(F279:F299),=G299*SQRT(252),=AVERAGE(D237:D299),=(D299-B299)*100,=(2*C299-B299-D299)*100,"=STANDARDIZE(D299,AVERAGE(D48:D299),STDEV.S(D48:D299))","=STANDARDIZE(J299,AVERAGE(J48:J299),STDEV.S(J48:J299))","=COUNTIF(D48:D299,""<=""&D299)/COUNT(D48:D299)*100","=COUNTIF(J48:J299,""<=""&J299)/COUNT(J48:J299)*100","=PERCENTRANK.INC(D48:D299,D299)","=PERCENTRANK.INC(J48:J299,J299)","=(D299-XLOOKUP(EDATE(A299,-1),$A$2:$A$451,$D$2:$D$451,,-1))*100"
2026-02-27,3.38,3.51,3.97,4.64,-4.999999999999938,3.6670995415476457,58.21340051912426,4.156031746031748,59.00000000000003,-33.00000000000005,-1.9170739773124283,0.49967033393065036,0.7936507936507936,75.79365079365078,0.0,0.741,-27.0,=(D300-D299)*100,=STDEV.S(F280:F300),=G300*SQRT(252),=AVERAGE(D238:D300),=(D300-B300)*100,=(2*C300-B300-D300)*100,"=STANDARDIZE(D300,AVERAGE(D49:D300),STDEV.S(D49:D300))","=STANDARDIZE(J300,AVERAGE(J49:J300),STDEV.S(J49:J300))","=COUNTIF(D49:D300,""<=""&D300)/COUNT(D49:D300)*100","=COUNTIF(J49:J300,""<=""&J300)/COUNT(J49:J300)*100","=PERCENTRANK.INC(D49:D300,D300)","=PERCENTRANK.INC(J49:J300,J300)","=(D300-XLOOKUP(EDATE(A300,-1),$A$2:$A$451,$D$2:$D$451,,-1))*100"
2026-03-02,3.47,3.62,4.05,4.7,7.999999999999963,4.194100164573571,66.57927605494045,4.156825396825399,57.999999999999964,-27.99999999999998,-1.3248910610777782,0.4026241116449145,11.904761904761903,73.01587301587301,0.091,0.685,-24.00000000000002,=(D301-D300)*100,=STDEV.S(F281:F301),=G301*SQRT(252),=AVERAGE(D239:D301),=(D301-B301)*100,=(2*C301-B301-D301)*100,"=STANDARDIZE(D301,AVERAGE(D50:D301),STDEV.S(D50:D301))","=STANDARDIZE(J301,AVERAGE(J50:J301),STDEV.S(J50:J301))","=COUNTIF(D50:D301,""<=""&D301)/COUNT(D50:D301)*100","=COUNTIF(J50:J301,""<=""&J301)/COUNT(J50:J301)*100","=PERCENTRANK.INC(D50:D301,D301)","=PERCENTRANK.INC(J50:J301,J301)","=(D301-XLOOKUP(EDATE(A301,-1),$A$2:$A$451,$D$2:$D$451,,-1))*100"
2026-03-03,3.51,3.63,4.06,4.7,0.9999999999999787,4.165047304367494,66.11807619705803,4.157460317460319,54.999999999999986,-30.99999999999996,-1.2432176289941008,0.11639045803835672,14.285714285714285,60.317460317460316,0.119,0.513,-22.000000000000064,=(D302-D301)*100,=STDEV.S(F282:F302),=G302*SQRT(252),=AVERAGE(D240:D302),=(D302-B302)*100,=(2*C302-B302-D302)*100,"=STANDARDIZE(D302,AVERAGE(D51:D302),STDEV.S(D51:D302))","=STANDARDIZE(J302,AVERAGE(J51:J302),STDEV.S(J51:J302))","=COUNTIF(D51:D302,""<=""&D302)/COUNT(D51:D302)*100","=COUNTIF(J51:J302,""<=""&J302)/COUNT(J51:J302)*100","=PERCENTRANK.INC(D51:D302,D302)","=PERCENTRANK.INC(J51:J302,J302)","=(D302-XLOOKUP(EDATE(A302,-1),$A$2:$A$451,$D$2:$D$451,,-1))*100"
2026-03-04,3.54,3.67,4.09,4.72,3.000000000000025,4.165047304367494,66.11807619705803,4.157460317460318,54.999999999999986,-29.000000000000004,-1.0192098940979821,0.10601155769750252,18.253968253968253,60.317460317460316,0.163,0.509,-20.000000000000018,=(D303-D302)*100,=STDEV.S(F283:F303),=G303*SQRT(252),=AVERAGE(D241:D303),=(D303-B303)*100,=(2*C303-B303-D303)*100,"=STANDARDIZE(D303,AVERAGE(D52:D303),STDEV.S(D52:D303))","=STANDARDIZE(J303,AVERAGE(J52:J303),STDEV.S(J52:J303))","=COUNTIF(D52:D303,""<=""&D303)/COUNT(D52:D303)*100","=COUNTIF(J52:J303,""<=""&J303)/COUNT(J52:J303)*100","=PERCENTRANK.INC(D52:D303,D303)","=PERCENTRANK.INC(J52:J303,J303)","=(D303-XLOOKUP(EDATE(A303,-1),$A$2:$A$451,$D$2:$D$451,,-1))*100"
2026-03-05,3.57,3.72,4.13,4.74,4.0000000000000036,4.302822993603804,68.30519745963679,4.158095238095239,56.00000000000001,-25.999999999999936,-0.7271199705570103,0.19262016708273508,27.77777777777778,64.28571428571429,0.247,0.617,-8.000000000000007,=(D304-D303)*100,=STDEV.S(F284:F304),=G304*SQRT(252),=AVERAGE(D242:D304),=(D304-B304)*100,=(2*C304-B304-D304)*100,"=STANDARDIZE(D304,AVERAGE(D53:D304),STDEV.S(D53:D304))","=STANDARDIZE(J304,AVERAGE(J53:J304),STDEV.S(J53:J304))","=COUNTIF(D53:D304,""<=""&D304)/COUNT(D53:D304)*100","=COUNTIF(J53:J304,""<=""&J304)/COUNT(J53:J304)*100","=PERCENTRANK.INC(D53:D304,D304)","=PERCENTRANK.INC(J53:J304,J304)","=(D304-XLOOKUP(EDATE(A304,-1),$A$2:$A$451,$D$2:$D$451,,-1))*100"
2026-03-06,3.56,3.72,4.15,4.77,2.000000000000046,4.328202090167836,68.70807812768432,4.159523809523811,59.00000000000003,-27.0,-0.5828040575477823,0.47858065907829705,34.12698412698413,75.79365079365078,0.31,0.737,-6.99999999999994,=(D305-D304)*100,=STDEV.S(F285:F305),=G305*SQRT(252),=AVERAGE(D243:D305),=(D305-B305)*100,=(2*C305-B305-D305)*100,"=STANDARDIZE(D305,AVERAGE(D54:D305),STDEV.S(D54:D305))","=STANDARDIZE(J305,AVERAGE(J54:J305),STDEV.S(J54:J305))","=COUNTIF(D54:D305,""<=""&D305)/COUNT(D54:D305)*100","=COUNTIF(J54:J305,""<=""&J305)/COUNT(J54:J305)*100","=PERCENTRANK.INC(D54:D305,D305)","=PERCENTRANK.INC(J54:J305,J305)","=(D305-XLOOKUP(EDATE(A305,-1),$A$2:$A$451,$D$2:$D$451,,-1))*100"
2026-03-09,3.56,3.71,4.12,4.72,-3.000000000000025,4.032014739202072,64.00624969485382,4.1596825396825405,56.00000000000001,-26.00000000000002,-0.7948268841444222,0.1724364971181209,25.0,63.888888888888886,0.227,0.609,-9.999999999999964,=(D306-D305)*100,=STDEV.S(F286:F306),=G306*SQRT(252),=AVERAGE(D244:D306),=(D306-B306)*100,=(2*C306-B306-D306)*100,"=STANDARDIZE(D306,AVERAGE(D55:D306),STDEV.S(D55:D306))","=STANDARDIZE(J306,AVERAGE(J55:J306),STDEV.S(J55:J306))","=COUNTIF(D55:D306,""<=""&D306)/COUNT(D55:D306)*100","=COUNTIF(J55:J306,""<=""&J306)/COUNT(J55:J306)*100","=PERCENTRANK.INC(D55:D306,D306)","=PERCENTRANK.INC(J55:J306,J306)","=(D306-XLOOKUP(EDATE(A306,-1),$A$2:$A$451,$D$2:$D$451,,-1))*100"
2026-03-10,3.57,3.73,4.15,4.78,3.000000000000025,4.090639721771308,64.93689244181598,4.15984126984127,58.00000000000005,-26.00000000000002,-0.5752791417573788,0.3667150650839744,34.92063492063492,72.61904761904762,0.314,0.725,-0.9999999999999787,=(D307-D306)*100,=STDEV.S(F287:F307),=G307*SQRT(252),=AVERAGE(D245:D307),=(D307-B307)*100,=(2*C307-B307-D307)*100,"=STANDARDIZE(D307,AVERAGE(D56:D307),STDEV.S(D56:D307))","=STANDARDIZE(J307,AVERAGE(J56:J307),STDEV.S(J56:J307))","=COUNTIF(D56:D307,""<=""&D307)/COUNT(D56:D307)*100","=COUNTIF(J56:J307,""<=""&J307)/COUNT(J56:J307)*100","=PERCENTRANK.INC(D56:D307,D307)","=PERCENTRANK.INC(J56:J307,J307)","=(D307-XLOOKUP(EDATE(A307,-1),$A$2:$A$451,$D$2:$D$451,,-1))*100"
2026-03-11,3.64,3.79,4.21,4.86,5.999999999999961,4.318288902750594,68.55071115604835,4.160476190476191,56.999999999999986,-27.0,-0.14201371708865726,0.2575506231320025,47.61904761904761,67.46031746031747,0.47,0.637,3.000000000000025,=(D308-D307)*100,=STDEV.S(F288:F308),=G308*SQRT(252),=AVERAGE(D246:D308),=(D308-B308)*100,=(2*C308-B308-D308)*100,"=STANDARDIZE(D308,AVERAGE(D57:D308),STDEV.S(D57:D308))","=STANDARDIZE(J308,AVERAGE(J57:J308),STDEV.S(J57:J308))","=COUNTIF(D57:D308,""<=""&D308)/COUNT(D57:D308)*100","=COUNTIF(J57:J308,""<=""&J308)/COUNT(J57:J308)*100","=PERCENTRANK.INC(D57:D308,D308)","=PERCENTRANK.INC(J57:J308,J308)","=(D308-XLOOKUP(EDATE(A308,-1),$A$2:$A$451,$D$2:$D$451,,-1))*100"
2026-03-12,3.76,3.88,4.27,4.88,5.999999999999961,4.285079318041226,68.02352534234001,4.161904761904762,50.99999999999998,-26.999999999999957,0.29078181276944953,-0.37047752493921887,63.49206349206349,29.365079365079367,0.617,0.243,17.99999999999997,=(D309-D308)*100,=STDEV.S(F289:F309),=G309*SQRT(252),=AVERAGE(D247:D309),=(D309-B309)*100,=(2*C309-B309-D309)*100,"=STANDARDIZE(D309,AVERAGE(D58:D309),STDEV.S(D58:D309))","=STANDARDIZE(J309,AVERAGE(J58:J309),STDEV.S(J58:J309))","=COUNTIF(D58:D309,""<=""&D309)/COUNT(D58:D309)*100","=COUNTIF(J58:J309,""<=""&J309)/COUNT(J58:J309)*100","=PERCENTRANK.INC(D58:D309,D309)","=PERCENTRANK.INC(J58:J309,J309)","=(D309-XLOOKUP(EDATE(A309,-1),$A$2:$A$451,$D$2:$D$451,,-1))*100"
2026-03-13,3.73,3.87,4.28,4.9,1.0000000000000675,4.273394992497728,67.83804242458632,4.1642857142857155,55.00000000000003,-27.000000000000046,0.3608897399162108,0.03621778041662847,65.07936507936508,58.333333333333336,0.633,0.569,24.00000000000002,=(D310-D309)*100,=STDEV.S(F290:F310),=G310*SQRT(252),=AVERAGE(D248:D310),=(D310-B310)*100,=(2*C310-B310-D310)*100,"=STANDARDIZE(D310,AVERAGE(D59:D310),STDEV.S(D59:D310))","=STANDARDIZE(J310,AVERAGE(J59:J310),STDEV.S(J59:J310))","=COUNTIF(D59:D310,""<=""&D310)/COUNT(D59:D310)*100","=COUNTIF(J59:J310,""<=""&J310)/COUNT(J59:J310)*100","=PERCENTRANK.INC(D59:D310,D310)","=PERCENTRANK.INC(J59:J310,J310)","=(D310-XLOOKUP(EDATE(A310,-1),$A$2:$A$451,$D$2:$D$451,,-1))*100"
2026-03-16,3.68,3.8,4.23,4.86,-4.999999999999982,3.902990306589709,61.95805032439267,4.165714285714287,55.00000000000003,-31.000000000000092,0.0028536266787890074,0.027737204578424757,53.17460317460318,58.333333333333336,0.509,0.565,19.00000000000004,=(D311-D310)*100,=STDEV.S(F291:F311),=G311*SQRT(252),=AVERAGE(D249:D311),=(D311-B311)*100,=(2*C311-B311-D311)*100,"=STANDARDIZE(D311,AVERAGE(D60:D311),STDEV.S(D60:D311))","=STANDARDIZE(J311,AVERAGE(J60:J311),STDEV.S(J60:J311))","=COUNTIF(D60:D311,""<=""&D311)/COUNT(D60:D311)*100","=COUNTIF(J60:J311,""<=""&J311)/COUNT(J60:J311)*100","=PERCENTRANK.INC(D60:D311,D311)","=PERCENTRANK.INC(J60:J311,J311)","=(D311-XLOOKUP(EDATE(A311,-1),$A$2:$A$451,$D$2:$D$451,,-1))*100"
2026-03-17,3.68,3.79,4.2,4.85,-3.000000000000025,3.780274618394292,60.009999166805365,4.165873015873017,52.0,-30.00000000000003,-0.20961501874837593,-0.30260001933836916,47.22222222222222,35.317460317460316,0.462,0.298,15.000000000000036,=(D312-D311)*100,=STDEV.S(F292:F312),=G312*SQRT(252),=AVERAGE(D250:D312),=(D312-B312)*100,=(2*C312-B312-D312)*100,"=STANDARDIZE(D312,AVERAGE(D61:D312),STDEV.S(D61:D312))","=STANDARDIZE(J312,AVERAGE(J61:J312),STDEV.S(J61:J312))","=COUNTIF(D61:D312,""<=""&D312)/COUNT(D61:D312)*100","=COUNTIF(J61:J312,""<=""&J312)/COUNT(J61:J312)*100","=PERCENTRANK.INC(D61:D312,D312)","=PERCENTRANK.INC(J61:J312,J312)","=(D312-XLOOKUP(EDATE(A312,-1),$A$2:$A$451,$D$2:$D$451,,-1))*100"
2026-03-18,3.76,3.87,4.26,4.88,5.999999999999961,3.949683531626287,62.699282292542826,4.167142857142858,50.0,-27.999999999999936,0.22248255358952465,-0.5298786021851388,62.301587301587304,23.015873015873016,0.581,0.199,16.999999999999993,=(D313-D312)*100,=STDEV.S(F293:F313),=G313*SQRT(252),=AVERAGE(D251:D313),=(D313-B313)*100,=(2*C313-B313-D313)*100,"=STANDARDIZE(D313,AVERAGE(D62:D313),STDEV.S(D62:D313))","=STANDARDIZE(J313,AVERAGE(J62:J313),STDEV.S(J62:J313))","=COUNTIF(D62:D313,""<=""&D313)/COUNT(D62:D313)*100","=COUNTIF(J62:J313,""<=""&J313)/COUNT(J62:J313)*100","=PERCENTRANK.INC(D62:D313,D313)","=PERCENTRANK.INC(J62:J313,J313)","=(D313-XLOOKUP(EDATE(A313,-1),$A$2:$A$451,$D$2:$D$451,,-1))*100"
2026-03-19,3.79,3.88,4.25,4.83,-0.9999999999999787,3.9103038488685358,62.07414920882906,4.16873015873016,46.0,-28.000000000000025,0.152321184543865,-0.9844697627415191,58.333333333333336,10.317460317460316,0.569,0.091,16.999999999999993,=(D314-D313)*100,=STDEV.S(F294:F314),=G314*SQRT(252),=AVERAGE(D252:D314),=(D314-B314)*100,=(2*C314-B314-D314)*100,"=STANDARDIZE(D314,AVERAGE(D63:D314),STDEV.S(D63:D314))","=STANDARDIZE(J314,AVERAGE(J63:J314),STDEV.S(J63:J314))","=COUNTIF(D63:D314,""<=""&D314)/COUNT(D63:D314)*100","=COUNTIF(J63:J314,""<=""&J314)/COUNT(J63:J314)*100","=PERCENTRANK.INC(D63:D314,D314)","=PERCENTRANK.INC(J63:J314,J314)","=(D314-XLOOKUP(EDATE(A314,-1),$A$2:$A$451,$D$2:$D$451,,-1))*100"
2026-03-20,3.88,4.01,4.39,4.96,13.999999999999968,4.833415434442256,76.72809133557256,4.172380952380952,50.99999999999998,-25.0,1.155960052138832,-0.4560299775917801,84.12698412698413,28.174603174603174,0.836,0.227,30.99999999999996,=(D315-D314)*100,=STDEV.S(F295:F315),=G315*SQRT(252),=AVERAGE(D253:D315),=(D315-B315)*100,=(2*C315-B315-D315)*100,"=STANDARDIZE(D315,AVERAGE(D64:D315),STDEV.S(D64:D315))","=STANDARDIZE(J315,AVERAGE(J64:J315),STDEV.S(J64:J315))","=COUNTIF(D64:D315,""<=""&D315)/COUNT(D64:D315)*100","=COUNTIF(J64:J315,""<=""&J315)/COUNT(J64:J315)*100","=PERCENTRANK.INC(D64:D315,D315)","=PERCENTRANK.INC(J64:J315,J315)","=(D315-XLOOKUP(EDATE(A315,-1),$A$2:$A$451,$D$2:$D$451,,-1))*100"
2026-03-23,3.83,3.95,4.34,4.91,-4.999999999999982,5.028963729286187,79.83232428033122,4.175873015873017,50.99999999999998,-26.999999999999957,0.7944675809865377,-0.47844414414580433,76.5873015873016,28.174603174603174,0.737,0.223,30.99999999999996,=(D316-D315)*100,=STDEV.S(F296:F316),=G316*SQRT(252),=AVERAGE(D254:D316),=(D316-B316)*100,=(2*C316-B316-D316)*100,"=STANDARDIZE(D316,AVERAGE(D65:D316),STDEV.S(D65:D316))","=STANDARDIZE(J316,AVERAGE(J65:J316),STDEV.S(J65:J316))","=COUNTIF(D65:D316,""<=""&D316)/COUNT(D65:D316)*100","=COUNTIF(J65:J316,""<=""&J316)/COUNT(J65:J316)*100","=PERCENTRANK.INC(D65:D316,D316)","=PERCENTRANK.INC(J65:J316,J316)","=(D316-XLOOKUP(EDATE(A316,-1),$A$2:$A$451,$D$2:$D$451,,-1))*100"
2026-03-24,3.9,4.03,4.39,4.94,4.999999999999982,4.879988290384063,77.4674125035809,4.17952380952381,48.99999999999998,-22.999999999999954,1.1465514619178934,-0.7347286452293826,84.12698412698413,18.253968253968253,0.832,0.147,34.999999999999964,=(D317-D316)*100,=STDEV.S(F297:F317),=G317*SQRT(252),=AVERAGE(D255:D317),=(D317-B317)*100,=(2*C317-B317-D317)*100,"=STANDARDIZE(D317,AVERAGE(D66:D317),STDEV.S(D66:D317))","=STANDARDIZE(J317,AVERAGE(J66:J317),STDEV.S(J66:J317))","=COUNTIF(D66:D317,""<=""&D317)/COUNT(D66:D317)*100","=COUNTIF(J66:J317,""<=""&J317)/COUNT(J66:J317)*100","=PERCENTRANK.INC(D66:D317,D317)","=PERCENTRANK.INC(J66:J317,J317)","=(D317-XLOOKUP(EDATE(A317,-1),$A$2:$A$451,$D$2:$D$451,,-1))*100"
2026-03-25,3.84,3.96,4.33,4.89,-5.999999999999961,5.162133187706306,81.94632389558397,4.1820634920634925,49.00000000000002,-25.0,0.7135296264401373,-0.7577548170579601,73.01587301587301,18.253968253968253,0.717,0.163,28.000000000000025,=(D318-D317)*100,=STDEV.S(F298:F318),=G318*SQRT(252),=AVERAGE(D256:D318),=(D318-B318)*100,=(2*C318-B318-D318)*100,"=STANDARDIZE(D318,AVERAGE(D67:D318),STDEV.S(D67:D318))","=STANDARDIZE(J318,AVERAGE(J67:J318),STDEV.S(J67:J318))","=COUNTIF(D67:D318,""<=""&D318)/COUNT(D67:D318)*100","=COUNTIF(J67:J318,""<=""&J318)/COUNT(J67:J318)*100","=PERCENTRANK.INC(D67:D318,D318)","=PERCENTRANK.INC(J67:J318,J318)","=(D318-XLOOKUP(EDATE(A318,-1),$A$2:$A$451,$D$2:$D$451,,-1))*100"
2026-03-26,3.96,4.08,4.42,4.93,8.999999999999986,5.4212983860396395,86.06044387522036,4.1858730158730175,46.0,-21.999999999999975,1.3477985710009985,-1.140384723268824,89.28571428571429,8.73015873015873,0.88,0.071,40.000000000000036,=(D319-D318)*100,=STDEV.S(F299:F319),=G319*SQRT(252),=AVERAGE(D257:D319),=(D319-B319)*100,=(2*C319-B319-D319)*100,"=STANDARDIZE(D319,AVERAGE(D68:D319),STDEV.S(D68:D319))","=STANDARDIZE(J319,AVERAGE(J68:J319),STDEV.S(J68:J319))","=COUNTIF(D68:D319,""<=""&D319)/COUNT(D68:D319)*100","=COUNTIF(J68:J319,""<=""&J319)/COUNT(J68:J319)*100","=PERCENTRANK.INC(D68:D319,D319)","=PERCENTRANK.INC(J68:J319,J319)","=(D319-XLOOKUP(EDATE(A319,-1),$A$2:$A$451,$D$2:$D$451,,-1))*100"
2026-03-27,3.88,4.06,4.44,4.98,2.000000000000046,5.310367218940683,84.29946619048042,4.190476190476192,56.00000000000005,-20.000000000000107,1.4827955479131698,0.06238352173966529,92.06349206349206,63.095238095238095,0.916,0.613,47.00000000000002,=(D320-D319)*100,=STDEV.S(F300:F320),=G320*SQRT(252),=AVERAGE(D258:D320),=(D320-B320)*100,=(2*C320-B320-D320)*100,"=STANDARDIZE(D320,AVERAGE(D69:D320),STDEV.S(D69:D320))","=STANDARDIZE(J320,AVERAGE(J69:J320),STDEV.S(J69:J320))","=COUNTIF(D69:D320,""<=""&D320)/COUNT(D69:D320)*100","=COUNTIF(J69:J320,""<=""&J320)/COUNT(J69:J320)*100","=PERCENTRANK.INC(D69:D320,D320)","=PERCENTRANK.INC(J69:J320,J320)","=(D320-XLOOKUP(EDATE(A320,-1),$A$2:$A$451,$D$2:$D$451,,-1))*100"
2026-03-30,3.82,3.97,4.35,4.91,-9.000000000000075,5.6357701125848525,89.46507698538005,4.193809523809525,52.99999999999998,-22.999999999999865,0.8414072010444117,-0.3219174620084994,77.38095238095238,40.87301587301587,0.752,0.346,37.99999999999994,=(D321-D320)*100,=STDEV.S(F301:F321),=G321*SQRT(252),=AVERAGE(D259:D321),=(D321-B321)*100,=(2*C321-B321-D321)*100,"=STANDARDIZE(D321,AVERAGE(D70:D321),STDEV.S(D70:D321))","=STANDARDIZE(J321,AVERAGE(J70:J321),STDEV.S(J70:J321))","=COUNTIF(D70:D321,""<=""&D321)/COUNT(D70:D321)*100","=COUNTIF(J70:J321,""<=""&J321)/COUNT(J70:J321)*100","=PERCENTRANK.INC(D70:D321,D321)","=PERCENTRANK.INC(J70:J321,J321)","=(D321-XLOOKUP(EDATE(A321,-1),$A$2:$A$451,$D$2:$D$451,,-1))*100"
2026-03-31,3.79,3.92,4.3,4.88,-4.999999999999982,5.635770112584853,89.46507698538007,4.196666666666667,50.99999999999998,-25.0,0.48822739615844507,-0.5856355042117289,70.63492063492063,27.380952380952383,0.685,0.211,32.999999999999964,=(D322-D321)*100,=STDEV.S(F302:F322),=G322*SQRT(252),=AVERAGE(D260:D322),=(D322-B322)*100,=(2*C322-B322-D322)*100,"=STANDARDIZE(D322,AVERAGE(D71:D322),STDEV.S(D71:D322))","=STANDARDIZE(J322,AVERAGE(J71:J322),STDEV.S(J71:J322))","=COUNTIF(D71:D322,""<=""&D322)/COUNT(D71:D322)*100","=COUNTIF(J71:J322,""<=""&J322)/COUNT(J71:J322)*100","=PERCENTRANK.INC(D71:D322,D322)","=PERCENTRANK.INC(J71:J322,J322)","=(D322-XLOOKUP(EDATE(A322,-1),$A$2:$A$451,$D$2:$D$451,,-1))*100"
2026-04-01,3.81,3.97,4.33,4.91,3.000000000000025,5.649273025291453,89.67942907936013,4.19968253968254,52.0,-19.99999999999993,0.7037441771215583,-0.4675032594962395,73.01587301587301,34.523809523809526,0.713,0.286,35.999999999999986,=(D323-D322)*100,=STDEV.S(F303:F323),=G323*SQRT(252),=AVERAGE(D261:D323),=(D323-B323)*100,=(2*C323-B323-D323)*100,"=STANDARDIZE(D323,AVERAGE(D72:D323),STDEV.S(D72:D323))","=STANDARDIZE(J323,AVERAGE(J72:J323),STDEV.S(J72:J323))","=COUNTIF(D72:D323,""<=""&D323)/COUNT(D72:D323)*100","=COUNTIF(J72:J323,""<=""&J323)/COUNT(J72:J323)*100","=PERCENTRANK.INC(D72:D323,D323)","=PERCENTRANK.INC(J72:J323,J323)","=(D323-XLOOKUP(EDATE(A323,-1),$A$2:$A$451,$D$2:$D$451,,-1))*100"
2026-04-02,3.79,3.94,4.31,4.88,-2.000000000000046,5.6786987107627915,90.14654735484874,4.2017460317460325,51.99999999999996,-21.999999999999975,0.5600185419492774,-0.47925676594624456,70.63492063492063,34.523809523809526,0.705,0.266,25.99999999999998,=(D324-D323)*100,=STDEV.S(F304:F324),=G324*SQRT(252),=AVERAGE(D262:D324),=(D324-B324)*100,=(2*C324-B324-D324)*100,"=STANDARDIZE(D324,AVERAGE(D73:D324),STDEV.S(D73:D324))","=STANDARDIZE(J324,AVERAGE(J73:J324),STDEV.S(J73:J324))","=COUNTIF(D73:D324,""<=""&D324)/COUNT(D73:D324)*100","=COUNTIF(J73:J324,""<=""&J324)/COUNT(J73:J324)*100","=PERCENTRANK.INC(D73:D324,D324)","=PERCENTRANK.INC(J73:J324,J324)","=(D324-XLOOKUP(EDATE(A324,-1),$A$2:$A$451,$D$2:$D$451,,-1))*100"
2026-04-03,3.84,3.99,4.35,4.91,4.0000000000000036,5.6786987107627915,90.14654735484874,4.2042857142857155,50.99999999999998,-20.999999999999908,0.839969246178794,-0.6260872541641508,77.77777777777779,26.58730158730159,0.756,0.199,29.000000000000004,=(D325-D324)*100,=STDEV.S(F305:F325),=G325*SQRT(252),=AVERAGE(D263:D325),=(D325-B325)*100,=(2*C325-B325-D325)*100,"=STANDARDIZE(D325,AVERAGE(D74:D325),STDEV.S(D74:D325))","=STANDARDIZE(J325,AVERAGE(J74:J325),STDEV.S(J74:J325))","=COUNTIF(D74:D325,""<=""&D325)/COUNT(D74:D325)*100","=COUNTIF(J74:J325,""<=""&J325)/COUNT(J74:J325)*100","=PERCENTRANK.INC(D74:D325,D325)","=PERCENTRANK.INC(J74:J325,J325)","=(D325-XLOOKUP(EDATE(A325,-1),$A$2:$A$451,$D$2:$D$451,,-1))*100"
2026-04-06,3.84,3.98,4.34,4.89,-0.9999999999999787,5.691263145425286,90.34600157173523,4.2069841269841275,50.0,-21.999999999999975,0.7635488112551245,-0.7842655472707778,75.39682539682539,19.841269841269842,0.725,0.163,18.99999999999995,=(D326-D325)*100,=STDEV.S(F306:F326),=G326*SQRT(252),=AVERAGE(D264:D326),=(D326-B326)*100,=(2*C326-B326-D326)*100,"=STANDARDIZE(D326,AVERAGE(D75:D326),STDEV.S(D75:D326))","=STANDARDIZE(J326,AVERAGE(J75:J326),STDEV.S(J75:J326))","=COUNTIF(D75:D326,""<=""&D326)/COUNT(D75:D326)*100","=COUNTIF(J75:J326,""<=""&J326)/COUNT(J75:J326)*100","=PERCENTRANK.INC(D75:D326,D326)","=PERCENTRANK.INC(J75:J326,J326)","=(D326-XLOOKUP(EDATE(A326,-1),$A$2:$A$451,$D$2:$D$451,,-1))*100"
2026-04-07,3.81,3.95,4.33,4.9,-0.9999999999999787,5.6391488719486675,89.51871312747957,4.209365079365079,52.0,-24.00000000000002,0.6883317681020223,-0.5430817614842687,72.22222222222221,34.523809523809526,0.701,0.282,17.99999999999997,=(D327-D326)*100,=STDEV.S(F307:F327),=G327*SQRT(252),=AVERAGE(D265:D327),=(D327-B327)*100,=(2*C327-B327-D327)*100,"=STANDARDIZE(D327,AVERAGE(D76:D327),STDEV.S(D76:D327))","=STANDARDIZE(J327,AVERAGE(J76:J327),STDEV.S(J76:J327))","=COUNTIF(D76:D327,""<=""&D327)/COUNT(D76:D327)*100","=COUNTIF(J76:J327,""<=""&J327)/COUNT(J76:J327)*100","=PERCENTRANK.INC(D76:D327,D327)","=PERCENTRANK.INC(J76:J327,J327)","=(D327-XLOOKUP(EDATE(A327,-1),$A$2:$A$451,$D$2:$D$451,,-1))*100"
2026-04-08,3.79,3.92,4.29,4.89,-4.0000000000000036,5.721305212391072,90.82290460010613,4.211587301587302,50.0,-24.00000000000002,0.39927268486103185,-0.8383127849834248,66.66666666666666,19.444444444444446,0.629,0.155,13.999999999999968,=(D328-D327)*100,=STDEV.S(F308:F328),=G328*SQRT(252),=AVERAGE(D266:D328),=(D328-B328)*100,=(2*C328-B328-D328)*100,"=STANDARDIZE(D328,AVERAGE(D77:D328),STDEV.S(D77:D328))","=STANDARDIZE(J328,AVERAGE(J77:J328),STDEV.S(J77:J328))","=COUNTIF(D77:D328,""<=""&D328)/COUNT(D77:D328)*100","=COUNTIF(J77:J328,""<=""&J328)/COUNT(J77:J328)*100","=PERCENTRANK.INC(D77:D328,D328)","=PERCENTRANK.INC(J77:J328,J328)","=(D328-XLOOKUP(EDATE(A328,-1),$A$2:$A$451,$D$2:$D$451,,-1))*100"
2026-04-09,3.78,3.91,4.29,4.9,0.0,5.589956980837955,88.73781606508008,4.213174603174604,51.00000000000002,-24.99999999999991,0.39324853257812636,-0.7232807245587195,66.66666666666666,26.190476190476193,0.625,0.247,16.999999999999993,=(D329-D328)*100,=STDEV.S(F309:F329),=G329*SQRT(252),=AVERAGE(D267:D329),=(D329-B329)*100,=(2*C329-B329-D329)*100,"=STANDARDIZE(D329,AVERAGE(D78:D329),STDEV.S(D78:D329))","=STANDARDIZE(J329,AVERAGE(J78:J329),STDEV.S(J78:J329))","=COUNTIF(D78:D329,""<=""&D329)/COUNT(D78:D329)*100","=COUNTIF(J78:J329,""<=""&J329)/COUNT(J78:J329)*100","=PERCENTRANK.INC(D78:D329,D329)","=PERCENTRANK.INC(J78:J329,J329)","=(D329-XLOOKUP(EDATE(A329,-1),$A$2:$A$451,$D$2:$D$451,,-1))*100"
2026-04-10,3.81,3.94,4.31,4.91,1.9999999999999574,5.455447255899805,86.60254037844379,4.215238095238096,49.99999999999996,-23.999999999999932,0.5316998302627213,-0.8755646040713019,69.44444444444444,19.047619047619047,0.689,0.139,15.999999999999925,=(D330-D329)*100,=STDEV.S(F310:F330),=G330*SQRT(252),=AVERAGE(D268:D330),=(D330-B330)*100,=(2*C330-B330-D330)*100,"=STANDARDIZE(D330,AVERAGE(D79:D330),STDEV.S(D79:D330))","=STANDARDIZE(J330,AVERAGE(J79:J330),STDEV.S(J79:J330))","=COUNTIF(D79:D330,""<=""&D330)/COUNT(D79:D330)*100","=COUNTIF(J79:J330,""<=""&J330)/COUNT(J79:J330)*100","=PERCENTRANK.INC(D79:D330,D330)","=PERCENTRANK.INC(J79:J330,J330)","=(D330-XLOOKUP(EDATE(A330,-1),$A$2:$A$451,$D$2:$D$451,,-1))*100"
2026-04-13,3.78,3.92,4.3,4.9,-0.9999999999999787,5.458065242416596,86.64409962599869,4.216984126984128,52.0,-23.999999999999932,0.4589395611739547,-0.5874953439457204,68.65079365079364,34.92063492063492,0.661,0.282,1.9999999999999574,=(D331-D330)*100,=STDEV.S(F311:F331),=G331*SQRT(252),=AVERAGE(D269:D331),=(D331-B331)*100,=(2*C331-B331-D331)*100,"=STANDARDIZE(D331,AVERAGE(D80:D331),STDEV.S(D80:D331))","=STANDARDIZE(J331,AVERAGE(J80:J331),STDEV.S(J80:J331))","=COUNTIF(D80:D331,""<=""&D331)/COUNT(D80:D331)*100","=COUNTIF(J80:J331,""<=""&J331)/COUNT(J80:J331)*100","=PERCENTRANK.INC(D80:D331,D331)","=PERCENTRANK.INC(J80:J331,J331)","=(D331-XLOOKUP(EDATE(A331,-1),$A$2:$A$451,$D$2:$D$451,,-1))*100"
2026-04-14,3.76,3.87,4.26,4.87,-4.0000000000000036,5.415585972779989,85.96976212599398,4.218253968253968,50.0,-27.999999999999936,0.17565264567155006,-0.8821223117563448,59.12698412698413,19.047619047619047,0.549,0.147,-2.000000000000046,=(D332-D331)*100,=STDEV.S(F312:F332),=G332*SQRT(252),=AVERAGE(D270:D332),=(D332-B332)*100,=(2*C332-B332-D332)*100,"=STANDARDIZE(D332,AVERAGE(D81:D332),STDEV.S(D81:D332))","=STANDARDIZE(J332,AVERAGE(J81:J332),STDEV.S(J81:J332))","=COUNTIF(D81:D332,""<=""&D332)/COUNT(D81:D332)*100","=COUNTIF(J81:J332,""<=""&J332)/COUNT(J81:J332)*100","=PERCENTRANK.INC(D81:D332,D332)","=PERCENTRANK.INC(J81:J332,J332)","=(D332-XLOOKUP(EDATE(A332,-1),$A$2:$A$451,$D$2:$D$451,,-1))*100"
2026-04-15,3.76,3.9,4.29,4.89,3.000000000000025,5.399735443254865,85.718142770361,4.22047619047619,53.00000000000003,-25.0,0.39427422316589633,-0.4491483045480118,66.66666666666666,41.66666666666667,0.621,0.402,0.9999999999999787,=(D333-D332)*100,=STDEV.S(F313:F333),=G333*SQRT(252),=AVERAGE(D271:D333),=(D333-B333)*100,=(2*C333-B333-D333)*100,"=STANDARDIZE(D333,AVERAGE(D82:D333),STDEV.S(D82:D333))","=STANDARDIZE(J333,AVERAGE(J82:J333),STDEV.S(J82:J333))","=COUNTIF(D82:D333,""<=""&D333)/COUNT(D82:D333)*100","=COUNTIF(J82:J333,""<=""&J333)/COUNT(J82:J333)*100","=PERCENTRANK.INC(D82:D333,D333)","=PERCENTRANK.INC(J82:J333,J333)","=(D333-XLOOKUP(EDATE(A333,-1),$A$2:$A$451,$D$2:$D$451,,-1))*100"
2026-04-16,3.78,3.91,4.32,4.93,3.000000000000025,5.283397175519335,83.87133002403142,4.222857142857143,54.00000000000005,-27.999999999999936,0.6172361222416637,-0.3068099732412194,71.03174603174604,48.01587301587302,0.705,0.458,8.999999999999986,=(D334-D333)*100,=STDEV.S(F314:F334),=G334*SQRT(252),=AVERAGE(D272:D334),=(D334-B334)*100,=(2*C334-B334-D334)*100,"=STANDARDIZE(D334,AVERAGE(D83:D334),STDEV.S(D83:D334))","=STANDARDIZE(J334,AVERAGE(J83:J334),STDEV.S(J83:J334))","=COUNTIF(D83:D334,""<=""&D334)/COUNT(D83:D334)*100","=COUNTIF(J83:J334,""<=""&J334)/COUNT(J83:J334)*100","=PERCENTRANK.INC(D83:D334,D334)","=PERCENTRANK.INC(J83:J334,J334)","=(D334-XLOOKUP(EDATE(A334,-1),$A$2:$A$451,$D$2:$D$451,,-1))*100"
2026-04-17,3.71,3.84,4.26,4.88,-6.00000000000005,5.454137791403795,86.58175327400113,4.223174603174603,54.999999999999986,-29.000000000000004,0.1886053743765047,-0.16369205296311806,59.523809523809526,58.333333333333336,0.549,0.482,5.999999999999961,=(D335-D334)*100,=STDEV.S(F315:F335),=G335*SQRT(252),=AVERAGE(D273:D335),=(D335-B335)*100,=(2*C335-B335-D335)*100,"=STANDARDIZE(D335,AVERAGE(D84:D335),STDEV.S(D84:D335))","=STANDARDIZE(J335,AVERAGE(J84:J335),STDEV.S(J84:J335))","=COUNTIF(D84:D335,""<=""&D335)/COUNT(D84:D335)*100","=COUNTIF(J84:J335,""<=""&J335)/COUNT(J84:J335)*100","=PERCENTRANK.INC(D84:D335,D335)","=PERCENTRANK.INC(J84:J335,J335)","=(D335-XLOOKUP(EDATE(A335,-1),$A$2:$A$451,$D$2:$D$451,,-1))*100"
2026-04-20,3.72,3.86,4.26,4.88,0.0,4.421268940883274,70.18546858146645,4.222539682539682,53.99999999999996,-26.00000000000002,0.19144057483306126,-0.3094113074763508,59.92063492063492,47.61904761904761,0.549,0.41,-12.99999999999999,=(D336-D335)*100,=STDEV.S(F316:F336),=G336*SQRT(252),=AVERAGE(D274:D336),=(D336-B336)*100,=(2*C336-B336-D336)*100,"=STANDARDIZE(D336,AVERAGE(D85:D336),STDEV.S(D85:D336))","=STANDARDIZE(J336,AVERAGE(J85:J336),STDEV.S(J85:J336))","=COUNTIF(D85:D336,""<=""&D336)/COUNT(D85:D336)*100","=COUNTIF(J85:J336,""<=""&J336)/COUNT(J85:J336)*100","=PERCENTRANK.INC(D85:D336,D336)","=PERCENTRANK.INC(J85:J336,J336)","=(D336-XLOOKUP(EDATE(A336,-1),$A$2:$A$451,$D$2:$D$451,,-1))*100"
2026-04-21,3.78,3.91,4.3,4.89,4.0000000000000036,4.411564888098647,70.03142151920106,4.223174603174603,52.0,-25.99999999999989,0.48040552730247654,-0.5971295712550857,70.23809523809523,34.12698412698413,0.673,0.278,-8.999999999999986,=(D337-D336)*100,=STDEV.S(F317:F337),=G337*SQRT(252),=AVERAGE(D275:D337),=(D337-B337)*100,=(2*C337-B337-D337)*100,"=STANDARDIZE(D337,AVERAGE(D86:D337),STDEV.S(D86:D337))","=STANDARDIZE(J337,AVERAGE(J86:J337),STDEV.S(J86:J337))","=COUNTIF(D86:D337,""<=""&D337)/COUNT(D86:D337)*100","=COUNTIF(J86:J337,""<=""&J337)/COUNT(J86:J337)*100","=PERCENTRANK.INC(D86:D337,D337)","=PERCENTRANK.INC(J86:J337,J337)","=(D337-XLOOKUP(EDATE(A337,-1),$A$2:$A$451,$D$2:$D$451,,-1))*100"
2026-04-22,3.79,3.91,4.3,4.9,0.0,4.2493697011607425,67.4566527482651,4.223809523809523,50.99999999999998,-26.999999999999957,0.48190103620967395,-0.7393415542763725,70.63492063492063,26.190476190476193,0.673,0.191,-8.999999999999986,=(D338-D337)*100,=STDEV.S(F318:F338),=G338*SQRT(252),=AVERAGE(D276:D338),=(D338-B338)*100,=(2*C338-B338-D338)*100,"=STANDARDIZE(D338,AVERAGE(D87:D338),STDEV.S(D87:D338))","=STANDARDIZE(J338,AVERAGE(J87:J338),STDEV.S(J87:J338))","=COUNTIF(D87:D338,""<=""&D338)/COUNT(D87:D338)*100","=COUNTIF(J87:J338,""<=""&J338)/COUNT(J87:J338)*100","=PERCENTRANK.INC(D87:D338,D338)","=PERCENTRANK.INC(J87:J338,J338)","=(D338-XLOOKUP(EDATE(A338,-1),$A$2:$A$451,$D$2:$D$451,,-1))*100"
2026-04-23,3.83,3.96,4.34,4.92,4.0000000000000036,4.1530252885841135,65.92723261293492,4.225396825396825,50.99999999999998,-25.0,0.7755860827754911,-0.7330089753892343,77.38095238095238,26.58730158730159,0.749,0.191,0.0,=(D339-D338)*100,=STDEV.S(F319:F339),=G339*SQRT(252),=AVERAGE(D277:D339),=(D339-B339)*100,=(2*C339-B339-D339)*100,"=STANDARDIZE(D339,AVERAGE(D88:D339),STDEV.S(D88:D339))","=STANDARDIZE(J339,AVERAGE(J88:J339),STDEV.S(J88:J339))","=COUNTIF(D88:D339,""<=""&D339)/COUNT(D88:D339)*100","=COUNTIF(J88:J339,""<=""&J339)/COUNT(J88:J339)*100","=PERCENTRANK.INC(D88:D339,D339)","=PERCENTRANK.INC(J88:J339,J339)","=(D339-XLOOKUP(EDATE(A339,-1),$A$2:$A$451,$D$2:$D$451,,-1))*100"
2026-04-24,3.78,3.92,4.31,4.91,-3.000000000000025,3.6553939270487508,58.02757964968065,4.2268253968253955,52.99999999999998,-24.99999999999991,0.5623180140543182,-0.4388030358482504,71.82539682539682,41.66666666666667,0.709,0.35,-8.000000000000007,=(D340-D339)*100,=STDEV.S(F320:F340),=G340*SQRT(252),=AVERAGE(D278:D340),=(D340-B340)*100,=(2*C340-B340-D340)*100,"=STANDARDIZE(D340,AVERAGE(D89:D340),STDEV.S(D89:D340))","=STANDARDIZE(J340,AVERAGE(J89:J340),STDEV.S(J89:J340))","=COUNTIF(D89:D340,""<=""&D340)/COUNT(D89:D340)*100","=COUNTIF(J89:J340,""<=""&J340)/COUNT(J89:J340)*100","=PERCENTRANK.INC(D89:D340,D340)","=PERCENTRANK.INC(J89:J340,J340)","=(D340-XLOOKUP(EDATE(A340,-1),$A$2:$A$451,$D$2:$D$451,,-1))*100"
2026-04-27,3.78,3.94,4.35,4.94,4.0000000000000036,3.749285646245558,59.518064484659014,4.228571428571429,56.999999999999986,-25.0,0.8560208259007778,0.14133651902310937,80.15873015873017,68.65079365079364,0.78,0.645,-9.000000000000075,=(D341-D340)*100,=STDEV.S(F321:F341),=G341*SQRT(252),=AVERAGE(D279:D341),=(D341-B341)*100,=(2*C341-B341-D341)*100,"=STANDARDIZE(D341,AVERAGE(D90:D341),STDEV.S(D90:D341))","=STANDARDIZE(J341,AVERAGE(J90:J341),STDEV.S(J90:J341))","=COUNTIF(D90:D341,""<=""&D341)/COUNT(D90:D341)*100","=COUNTIF(J90:J341,""<=""&J341)/COUNT(J90:J341)*100","=PERCENTRANK.INC(D90:D341,D341)","=PERCENTRANK.INC(J90:J341,J341)","=(D341-XLOOKUP(EDATE(A341,-1),$A$2:$A$451,$D$2:$D$451,,-1))*100"
2026-04-28,3.84,3.97,4.36,4.94,1.0000000000000675,3.2011902548300855,50.81731988210334,4.230158730158729,52.00000000000004,-25.99999999999998,0.9268755023603947,-0.5804925391879995,80.95238095238095,35.317460317460316,0.8,0.342,-8.000000000000007,=(D342-D341)*100,=STDEV.S(F322:F342),=G342*SQRT(252),=AVERAGE(D280:D342),=(D342-B342)*100,=(2*C342-B342-D342)*100,"=STANDARDIZE(D342,AVERAGE(D91:D342),STDEV.S(D91:D342))","=STANDARDIZE(J342,AVERAGE(J91:J342),STDEV.S(J91:J342))","=COUNTIF(D91:D342,""<=""&D342)/COUNT(D91:D342)*100","=COUNTIF(J91:J342,""<=""&J342)/COUNT(J91:J342)*100","=PERCENTRANK.INC(D91:D342,D342)","=PERCENTRANK.INC(J91:J342,J342)","=(D342-XLOOKUP(EDATE(A342,-1),$A$2:$A$451,$D$2:$D$451,,-1))*100"
2026-04-29,3.92,4.05,4.42,4.98,5.999999999999961,3.2337505867247867,51.334199126897964,4.233015873015873,50.0,-24.00000000000002,1.3553084756036209,-0.8657431622492,89.28571428571429,19.444444444444446,0.88,0.147,-2.000000000000046,=(D343-D342)*100,=STDEV.S(F323:F343),=G343*SQRT(252),=AVERAGE(D281:D343),=(D343-B343)*100,=(2*C343-B343-D343)*100,"=STANDARDIZE(D343,AVERAGE(D92:D343),STDEV.S(D92:D343))","=STANDARDIZE(J343,AVERAGE(J92:J343),STDEV.S(J92:J343))","=COUNTIF(D92:D343,""<=""&D343)/COUNT(D92:D343)*100","=COUNTIF(J92:J343,""<=""&J343)/COUNT(J92:J343)*100","=PERCENTRANK.INC(D92:D343,D343)","=PERCENTRANK.INC(J92:J343,J343)","=(D343-XLOOKUP(EDATE(A343,-1),$A$2:$A$451,$D$2:$D$451,,-1))*100"
2026-04-30,3.88,4.02,4.4,4.98,-1.9999999999999574,3.2300670787668424,51.27572525084368,4.235238095238095,52.00000000000004,-24.00000000000011,1.2018406667174764,-0.5741077037372334,86.5079365079365,36.11111111111111,0.848,0.346,5.000000000000071,=(D344-D343)*100,=STDEV.S(F324:F344),=G344*SQRT(252),=AVERAGE(D282:D344),=(D344-B344)*100,=(2*C344-B344-D344)*100,"=STANDARDIZE(D344,AVERAGE(D93:D344),STDEV.S(D93:D344))","=STANDARDIZE(J344,AVERAGE(J93:J344),STDEV.S(J93:J344))","=COUNTIF(D93:D344,""<=""&D344)/COUNT(D93:D344)*100","=COUNTIF(J93:J344,""<=""&J344)/COUNT(J93:J344)*100","=PERCENTRANK.INC(D93:D344,D344)","=PERCENTRANK.INC(J93:J344,J344)","=(D344-XLOOKUP(EDATE(A344,-1),$A$2:$A$451,$D$2:$D$451,,-1))*100"
2026-05-01,3.88,4.02,4.39,4.97,-1.0000000000000675,3.20119025483008,50.817319882103256,4.236825396825396,50.99999999999998,-23.000000000000043,1.121162445743641,-0.7161562031639783,84.52380952380952,27.380952380952383,0.832,0.195,5.999999999999961,=(D345-D344)*100,=STDEV.S(F325:F345),=G345*SQRT(252),=AVERAGE(D283:D345),=(D345-B345)*100,=(2*C345-B345-D345)*100,"=STANDARDIZE(D345,AVERAGE(D94:D345),STDEV.S(D94:D345))","=STANDARDIZE(J345,AVERAGE(J94:J345),STDEV.S(J94:J345))","=COUNTIF(D94:D345,""<=""&D345)/COUNT(D94:D345)*100","=COUNTIF(J94:J345,""<=""&J345)/COUNT(J94:J345)*100","=PERCENTRANK.INC(D94:D345,D345)","=PERCENTRANK.INC(J94:J345,J345)","=(D345-XLOOKUP(EDATE(A345,-1),$A$2:$A$451,$D$2:$D$451,,-1))*100"
2026-05-04,3.95,4.08,4.45,5.02,6.00000000000005,3.3409436933155305,53.03583694069525,4.239523809523809,50.0,-24.00000000000002,1.5394688339088733,-0.8551952147584257,93.25396825396825,19.841269841269842,0.924,0.147,10.000000000000053,=(D346-D345)*100,=STDEV.S(F326:F346),=G346*SQRT(252),=AVERAGE(D284:D346),=(D346-B346)*100,=(2*C346-B346-D346)*100,"=STANDARDIZE(D346,AVERAGE(D95:D346),STDEV.S(D95:D346))","=STANDARDIZE(J346,AVERAGE(J95:J346),STDEV.S(J95:J346))","=COUNTIF(D95:D346,""<=""&D346)/COUNT(D95:D346)*100","=COUNTIF(J95:J346,""<=""&J346)/COUNT(J95:J346)*100","=PERCENTRANK.INC(D95:D346,D346)","=PERCENTRANK.INC(J95:J346,J346)","=(D346-XLOOKUP(EDATE(A346,-1),$A$2:$A$451,$D$2:$D$451,,-1))*100"
2026-05-05,3.93,4.08,4.43,4.98,-2.000000000000046,3.3700360320244243,53.49766350038119,4.241746031746032,49.99999999999996,-19.99999999999993,1.3853073494282122,-0.8511321384761799,91.26984126984127,20.238095238095237,0.888,0.135,8.000000000000007,=(D347-D346)*100,=STDEV.S(F327:F347),=G347*SQRT(252),=AVERAGE(D285:D347),=(D347-B347)*100,=(2*C347-B347-D347)*100,"=STANDARDIZE(D347,AVERAGE(D96:D347),STDEV.S(D96:D347))","=STANDARDIZE(J347,AVERAGE(J96:J347),STDEV.S(J96:J347))","=COUNTIF(D96:D347,""<=""&D347)/COUNT(D96:D347)*100","=COUNTIF(J96:J347,""<=""&J347)/COUNT(J96:J347)*100","=PERCENTRANK.INC(D96:D347,D347)","=PERCENTRANK.INC(J96:J347,J347)","=(D347-XLOOKUP(EDATE(A347,-1),$A$2:$A$451,$D$2:$D$451,,-1))*100"
2026-05-06,3.87,3.99,4.36,4.94,-6.99999999999994,3.732100136460898,59.24525297439455,4.244126984126984,49.00000000000002,-25.0,0.8828063903639908,-0.9938891212635045,78.96825396825396,13.88888888888889,0.776,0.115,2.000000000000046,=(D348-D347)*100,=STDEV.S(F328:F348),=G348*SQRT(252),=AVERAGE(D286:D348),=(D348-B348)*100,=(2*C348-B348-D348)*100,"=STANDARDIZE(D348,AVERAGE(D97:D348),STDEV.S(D97:D348))","=STANDARDIZE(J348,AVERAGE(J97:J348),STDEV.S(J97:J348))","=COUNTIF(D97:D348,""<=""&D348)/COUNT(D97:D348)*100","=COUNTIF(J97:J348,""<=""&J348)/COUNT(J97:J348)*100","=PERCENTRANK.INC(D97:D348,D348)","=PERCENTRANK.INC(J97:J348,J348)","=(D348-XLOOKUP(EDATE(A348,-1),$A$2:$A$451,$D$2:$D$451,,-1))*100"
2026-05-07,3.92,4.04,4.41,4.97,4.999999999999982,3.749285646245545,59.518064484658815,4.247142857142858,49.00000000000002,-25.0,1.2371824785310506,-0.9900085863965832,86.90476190476191,14.285714285714285,0.856,0.115,8.000000000000007,=(D349-D348)*100,=STDEV.S(F329:F349),=G349*SQRT(252),=AVERAGE(D287:D349),=(D349-B349)*100,=(2*C349-B349-D349)*100,"=STANDARDIZE(D349,AVERAGE(D98:D349),STDEV.S(D98:D349))","=STANDARDIZE(J349,AVERAGE(J98:J349),STDEV.S(J98:J349))","=COUNTIF(D98:D349,""<=""&D349)/COUNT(D98:D349)*100","=COUNTIF(J98:J349,""<=""&J349)/COUNT(J98:J349)*100","=PERCENTRANK.INC(D98:D349,D349)","=PERCENTRANK.INC(J98:J349,J349)","=(D349-XLOOKUP(EDATE(A349,-1),$A$2:$A$451,$D$2:$D$451,,-1))*100"
2026-05-08,3.9,4.02,4.38,4.95,-3.000000000000025,3.8284648172789684,60.774994858082934,4.24968253968254,48.0,-24.00000000000011,1.018934149274908,-1.1290943613717848,81.74603174603175,9.920634920634921,0.8,0.063,8.999999999999986,=(D350-D349)*100,=STDEV.S(F330:F350),=G350*SQRT(252),=AVERAGE(D288:D350),=(D350-B350)*100,=(2*C350-B350-D350)*100,"=STANDARDIZE(D350,AVERAGE(D99:D350),STDEV.S(D99:D350))","=STANDARDIZE(J350,AVERAGE(J99:J350),STDEV.S(J99:J350))","=COUNTIF(D99:D350,""<=""&D350)/COUNT(D99:D350)*100","=COUNTIF(J99:J350,""<=""&J350)/COUNT(J99:J350)*100","=PERCENTRANK.INC(D99:D350,D350)","=PERCENTRANK.INC(J99:J350,J350)","=(D350-XLOOKUP(EDATE(A350,-1),$A$2:$A$451,$D$2:$D$451,,-1))*100"
2026-05-11,3.95,4.07,4.42,4.98,4.0000000000000036,3.893829061721225,61.812620070662014,4.253809523809525,46.99999999999997,-22.999999999999954,1.2953296880667824,-1.2709240613212602,88.4920634920635,6.349206349206349,0.868,0.039,11.000000000000032,=(D351-D350)*100,=STDEV.S(F331:F351),=G351*SQRT(252),=AVERAGE(D289:D351),=(D351-B351)*100,=(2*C351-B351-D351)*100,"=STANDARDIZE(D351,AVERAGE(D100:D351),STDEV.S(D100:D351))","=STANDARDIZE(J351,AVERAGE(J100:J351),STDEV.S(J100:J351))","=COUNTIF(D100:D351,""<=""&D351)/COUNT(D100:D351)*100","=COUNTIF(J100:J351,""<=""&J351)/COUNT(J100:J351)*100","=PERCENTRANK.INC(D100:D351,D351)","=PERCENTRANK.INC(J100:J351,J351)","=(D351-XLOOKUP(EDATE(A351,-1),$A$2:$A$451,$D$2:$D$451,,-1))*100"
2026-05-12,4.0,4.12,4.46,5.03,4.0000000000000036,3.9484777054551325,62.680140395503344,4.258253968253969,46.0,-21.999999999999975,1.5720365884981224,-1.4124456623967587,95.23809523809523,4.365079365079365,0.932,0.023,15.000000000000036,=(D352-D351)*100,=STDEV.S(F332:F352),=G352*SQRT(252),=AVERAGE(D290:D352),=(D352-B352)*100,=(2*C352-B352-D352)*100,"=STANDARDIZE(D352,AVERAGE(D101:D352),STDEV.S(D101:D352))","=STANDARDIZE(J352,AVERAGE(J101:J352),STDEV.S(J101:J352))","=COUNTIF(D101:D352,""<=""&D352)/COUNT(D101:D352)*100","=COUNTIF(J101:J352,""<=""&J352)/COUNT(J101:J352)*100","=PERCENTRANK.INC(D101:D352,D352)","=PERCENTRANK.INC(J101:J352,J352)","=(D352-XLOOKUP(EDATE(A352,-1),$A$2:$A$451,$D$2:$D$451,,-1))*100"
2026-05-13,3.98,4.12,4.46,5.03,0.0,3.8010023740612264,60.339042087192674,4.2641269841269835,48.0,-20.000000000000018,1.5645387434651963,-1.1250795189997098,95.23809523809523,10.317460317460316,0.928,0.067,16.000000000000014,=(D353-D352)*100,=STDEV.S(F333:F353),=G353*SQRT(252),=AVERAGE(D291:D353),=(D353-B353)*100,=(2*C353-B353-D353)*100,"=STANDARDIZE(D353,AVERAGE(D102:D353),STDEV.S(D102:D353))","=STANDARDIZE(J353,AVERAGE(J102:J353),STDEV.S(J102:J353))","=COUNTIF(D102:D353,""<=""&D353)/COUNT(D102:D353)*100","=COUNTIF(J102:J353,""<=""&J353)/COUNT(J102:J353)*100","=PERCENTRANK.INC(D102:D353,D353)","=PERCENTRANK.INC(J102:J353,J353)","=(D353-XLOOKUP(EDATE(A353,-1),$A$2:$A$451,$D$2:$D$451,,-1))*100"
2026-05-14,4.0,4.13,4.47,5.02,0.9999999999999787,3.77207786618615,59.87987975939838,4.270952380952381,46.99999999999997,-20.999999999999996,1.633160015439237,-1.2680548285246391,96.42857142857143,6.349206349206349,0.952,0.043,20.999999999999996,=(D354-D353)*100,=STDEV.S(F334:F354),=G354*SQRT(252),=AVERAGE(D292:D354),=(D354-B354)*100,=(2*C354-B354-D354)*100,"=STANDARDIZE(D354,AVERAGE(D103:D354),STDEV.S(D103:D354))","=STANDARDIZE(J354,AVERAGE(J103:J354),STDEV.S(J103:J354))","=COUNTIF(D103:D354,""<=""&D354)/COUNT(D103:D354)*100","=COUNTIF(J103:J354,""<=""&J354)/COUNT(J103:J354)*100","=PERCENTRANK.INC(D103:D354,D354)","=PERCENTRANK.INC(J103:J354,J354)","=(D354-XLOOKUP(EDATE(A354,-1),$A$2:$A$451,$D$2:$D$451,,-1))*100"
2026-05-15,4.09,4.26,4.59,5.12,12.00000000000001,4.473732861301148,71.01830749884152,4.279523809523809,50.0,-16.000000000000014,2.4623690967013547,-0.8423501911099351,100.0,21.03174603174603,1.0,0.159,29.999999999999982,=(D355-D354)*100,=STDEV.S(F335:F355),=G355*SQRT(252),=AVERAGE(D293:D355),=(D355-B355)*100,=(2*C355-B355-D355)*100,"=STANDARDIZE(D355,AVERAGE(D104:D355),STDEV.S(D104:D355))","=STANDARDIZE(J355,AVERAGE(J104:J355),STDEV.S(J104:J355))","=COUNTIF(D104:D355,""<=""&D355)/COUNT(D104:D355)*100","=COUNTIF(J104:J355,""<=""&J355)/COUNT(J104:J355)*100","=PERCENTRANK.INC(D104:D355,D355)","=PERCENTRANK.INC(J104:J355,J355)","=(D355-XLOOKUP(EDATE(A355,-1),$A$2:$A$451,$D$2:$D$451,,-1))*100"
2026-05-18,4.07,4.27,4.61,5.14,2.000000000000046,4.151305015694864,65.89992412742218,4.2877777777777775,54.0,-14.000000000000146,2.5870315870780876,-0.2734829986323216,100.0,50.39682539682539,1.0,0.458,35.00000000000006,=(D356-D355)*100,=STDEV.S(F336:F356),=G356*SQRT(252),=AVERAGE(D294:D356),=(D356-B356)*100,=(2*C356-B356-D356)*100,"=STANDARDIZE(D356,AVERAGE(D105:D356),STDEV.S(D105:D356))","=STANDARDIZE(J356,AVERAGE(J105:J356),STDEV.S(J105:J356))","=COUNTIF(D105:D356,""<=""&D356)/COUNT(D105:D356)*100","=COUNTIF(J105:J356,""<=""&J356)/COUNT(J105:J356)*100","=PERCENTRANK.INC(D105:D356,D356)","=PERCENTRANK.INC(J105:J356,J356)","=(D356-XLOOKUP(EDATE(A356,-1),$A$2:$A$451,$D$2:$D$451,,-1))*100"
2026-05-19,4.13,4.32,4.67,5.18,5.999999999999961,4.236463035082335,67.25176577607458,4.297142857142857,54.0,-15.999999999999925,2.9594235207691924,-0.2768341095470761,100.0,50.39682539682539,1.0,0.454,41.000000000000014,=(D357-D356)*100,=STDEV.S(F337:F357),=G357*SQRT(252),=AVERAGE(D295:D357),=(D357-B357)*100,=(2*C357-B357-D357)*100,"=STANDARDIZE(D357,AVERAGE(D106:D357),STDEV.S(D106:D357))","=STANDARDIZE(J357,AVERAGE(J106:J357),STDEV.S(J106:J357))","=COUNTIF(D106:D357,""<=""&D357)/COUNT(D106:D357)*100","=COUNTIF(J106:J357,""<=""&J357)/COUNT(J106:J357)*100","=PERCENTRANK.INC(D106:D357,D357)","=PERCENTRANK.INC(J106:J357,J357)","=(D357-XLOOKUP(EDATE(A357,-1),$A$2:$A$451,$D$2:$D$451,,-1))*100"
2026-05-20,4.04,4.22,4.57,5.11,-9.999999999999964,4.941081431659031,78.43723605533272,4.304920634920634,53.00000000000003,-17.00000000000008,2.2517701902919627,-0.4271997283778972,98.4126984126984,43.25396825396825,0.984,0.418,31.00000000000005,=(D358-D357)*100,=STDEV.S(F338:F358),=G358*SQRT(252),=AVERAGE(D296:D358),=(D358-B358)*100,=(2*C358-B358-D358)*100,"=STANDARDIZE(D358,AVERAGE(D107:D358),STDEV.S(D107:D358))","=STANDARDIZE(J358,AVERAGE(J107:J358),STDEV.S(J107:J358))","=COUNTIF(D107:D358,""<=""&D358)/COUNT(D107:D358)*100","=COUNTIF(J107:J358,""<=""&J358)/COUNT(J107:J358)*100","=PERCENTRANK.INC(D107:D358,D358)","=PERCENTRANK.INC(J107:J358,J358)","=(D358-XLOOKUP(EDATE(A358,-1),$A$2:$A$451,$D$2:$D$451,,-1))*100"
2026-05-21,4.08,4.25,4.57,5.1,0.0,4.941081431659031,78.43723605533272,4.313492063492063,49.00000000000002,-15.000000000000036,2.2362614962375225,-1.0052095622100112,98.4126984126984,13.095238095238097,0.98,0.107,27.000000000000046,=(D359-D358)*100,=STDEV.S(F339:F359),=G359*SQRT(252),=AVERAGE(D297:D359),=(D359-B359)*100,=(2*C359-B359-D359)*100,"=STANDARDIZE(D359,AVERAGE(D108:D359),STDEV.S(D108:D359))","=STANDARDIZE(J359,AVERAGE(J108:J359),STDEV.S(J108:J359))","=COUNTIF(D108:D359,""<=""&D359)/COUNT(D108:D359)*100","=COUNTIF(J108:J359,""<=""&J359)/COUNT(J108:J359)*100","=PERCENTRANK.INC(D108:D359,D359)","=PERCENTRANK.INC(J108:J359,J359)","=(D359-XLOOKUP(EDATE(A359,-1),$A$2:$A$451,$D$2:$D$451,,-1))*100"
2026-05-22,4.13,4.27,4.56,5.07,-1.0000000000000675,4.924187145876871,78.16904758278683,4.321746031746032,42.99999999999997,-15.000000000000036,2.157266279158011,-1.8566224367098363,97.61904761904762,0.7936507936507936,0.976,0.0,25.99999999999998,=(D360-D359)*100,=STDEV.S(F340:F360),=G360*SQRT(252),=AVERAGE(D298:D360),=(D360-B360)*100,=(2*C360-B360-D360)*100,"=STANDARDIZE(D360,AVERAGE(D109:D360),STDEV.S(D109:D360))","=STANDARDIZE(J360,AVERAGE(J109:J360),STDEV.S(J109:J360))","=COUNTIF(D109:D360,""<=""&D360)/COUNT(D109:D360)*100","=COUNTIF(J109:J360,""<=""&J360)/COUNT(J109:J360)*100","=PERCENTRANK.INC(D109:D360,D360)","=PERCENTRANK.INC(J109:J360,J360)","=(D360-XLOOKUP(EDATE(A360,-1),$A$2:$A$451,$D$2:$D$451,,-1))*100"
2026-05-26,4.01,4.19,4.5,5.03,-5.999999999999961,5.088268486477116,80.77375811487282,4.328888888888889,49.00000000000002,-12.9999999999999,1.7608194399234056,-0.9878330335315829,96.42857142857143,13.88888888888889,0.96,0.111,19.00000000000004,=(D361-D360)*100,=STDEV.S(F341:F361),=G361*SQRT(252),=AVERAGE(D299:D361),=(D361-B361)*100,=(2*C361-B361-D361)*100,"=STANDARDIZE(D361,AVERAGE(D110:D361),STDEV.S(D110:D361))","=STANDARDIZE(J361,AVERAGE(J110:J361),STDEV.S(J110:J361))","=COUNTIF(D110:D361,""<=""&D361)/COUNT(D110:D361)*100","=COUNTIF(J110:J361,""<=""&J361)/COUNT(J110:J361)*100","=PERCENTRANK.INC(D110:D361,D361)","=PERCENTRANK.INC(J110:J361,J361)","=(D361-XLOOKUP(EDATE(A361,-1),$A$2:$A$451,$D$2:$D$451,,-1))*100"
2026-05-27,4.0,4.17,4.48,5.01,-1.9999999999999574,5.074211174913688,80.55060521187892,4.336190476190477,48.00000000000004,-14.000000000000057,1.6312696651401417,-1.1251201102780968,95.63492063492063,9.920634920634921,0.956,0.087,13.000000000000078,=(D362-D361)*100,=STDEV.S(F342:F362),=G362*SQRT(252),=AVERAGE(D300:D362),=(D362-B362)*100,=(2*C362-B362-D362)*100,"=STANDARDIZE(D362,AVERAGE(D111:D362),STDEV.S(D111:D362))","=STANDARDIZE(J362,AVERAGE(J111:J362),STDEV.S(J111:J362))","=COUNTIF(D111:D362,""<=""&D362)/COUNT(D111:D362)*100","=COUNTIF(J111:J362,""<=""&J362)/COUNT(J111:J362)*100","=PERCENTRANK.INC(D111:D362,D362)","=PERCENTRANK.INC(J111:J362,J362)","=(D362-XLOOKUP(EDATE(A362,-1),$A$2:$A$451,$D$2:$D$451,,-1))*100"
2026-05-28,3.99,4.15,4.45,4.98,-3.000000000000025,5.133920807447537,81.49846624323662,4.343809523809523,46.0,-13.999999999999968,1.4320571680261658,-1.4041830639189905,91.66666666666666,4.761904761904762,0.912,0.023,8.999999999999986,=(D363-D362)*100,=STDEV.S(F343:F363),=G363*SQRT(252),=AVERAGE(D301:D363),=(D363-B363)*100,=(2*C363-B363-D363)*100,"=STANDARDIZE(D363,AVERAGE(D112:D363),STDEV.S(D112:D363))","=STANDARDIZE(J363,AVERAGE(J112:J363),STDEV.S(J112:J363))","=COUNTIF(D112:D363,""<=""&D363)/COUNT(D112:D363)*100","=COUNTIF(J112:J363,""<=""&J363)/COUNT(J112:J363)*100","=PERCENTRANK.INC(D112:D363,D363)","=PERCENTRANK.INC(J112:J363,J363)","=(D363-XLOOKUP(EDATE(A363,-1),$A$2:$A$451,$D$2:$D$451,,-1))*100"
2026-05-29,3.98,4.13,4.45,4.99,0.0,4.972783066711373,78.94048391034846,4.3501587301587294,47.00000000000002,-17.00000000000008,1.4304517762635425,-1.2565115906781015,91.66666666666666,7.142857142857142,0.908,0.063,3.000000000000025,=(D364-D363)*100,=STDEV.S(F344:F364),=G364*SQRT(252),=AVERAGE(D302:D364),=(D364-B364)*100,=(2*C364-B364-D364)*100,"=STANDARDIZE(D364,AVERAGE(D113:D364),STDEV.S(D113:D364))","=STANDARDIZE(J364,AVERAGE(J113:J364),STDEV.S(J113:J364))","=COUNTIF(D113:D364,""<=""&D364)/COUNT(D113:D364)*100","=COUNTIF(J113:J364,""<=""&J364)/COUNT(J113:J364)*100","=PERCENTRANK.INC(D113:D364,D364)","=PERCENTRANK.INC(J113:J364,J364)","=(D364-XLOOKUP(EDATE(A364,-1),$A$2:$A$451,$D$2:$D$451,,-1))*100"
2026-06-01,4.05,4.18,4.47,4.99,1.9999999999999574,4.963197893831484,78.78832400806598,4.356666666666667,41.99999999999999,-16.000000000000014,1.5671502395242167,-1.9498415248743546,95.63492063492063,0.3968253968253968,0.944,0.0,8.000000000000007,=(D365-D364)*100,=STDEV.S(F345:F365),=G365*SQRT(252),=AVERAGE(D303:D365),=(D365-B365)*100,=(2*C365-B365-D365)*100,"=STANDARDIZE(D365,AVERAGE(D114:D365),STDEV.S(D114:D365))","=STANDARDIZE(J365,AVERAGE(J114:J365),STDEV.S(J114:J365))","=COUNTIF(D114:D365,""<=""&D365)/COUNT(D114:D365)*100","=COUNTIF(J114:J365,""<=""&J365)/COUNT(J114:J365)*100","=PERCENTRANK.INC(D114:D365,D365)","=PERCENTRANK.INC(J114:J365,J365)","=(D365-XLOOKUP(EDATE(A365,-1),$A$2:$A$451,$D$2:$D$451,,-1))*100"
2026-06-02,4.05,4.17,4.46,4.97,-0.9999999999999787,4.963197893831483,78.78832400806597,4.3625396825396825,41.000000000000014,-16.999999999999993,1.496282059885072,-2.069549177147437,94.04761904761905,0.3968253968253968,0.916,0.0,7.000000000000028,=(D366-D365)*100,=STDEV.S(F346:F366),=G366*SQRT(252),=AVERAGE(D304:D366),=(D366-B366)*100,=(2*C366-B366-D366)*100,"=STANDARDIZE(D366,AVERAGE(D115:D366),STDEV.S(D115:D366))","=STANDARDIZE(J366,AVERAGE(J115:J366),STDEV.S(J115:J366))","=COUNTIF(D115:D366,""<=""&D366)/COUNT(D115:D366)*100","=COUNTIF(J115:J366,""<=""&J366)/COUNT(J115:J366)*100","=PERCENTRANK.INC(D115:D366,D366)","=PERCENTRANK.INC(J115:J366,J366)","=(D366-XLOOKUP(EDATE(A366,-1),$A$2:$A$451,$D$2:$D$451,,-1))*100"
2026-06-03,4.08,4.21,4.49,4.99,3.000000000000025,4.833415434442261,76.72809133557264,4.368253968253968,41.000000000000014,-15.000000000000036,1.6936783112857345,-2.047193364996194,96.42857142857143,0.7936507936507936,0.96,0.0,10.000000000000053,=(D367-D366)*100,=STDEV.S(F347:F367),=G367*SQRT(252),=AVERAGE(D305:D367),=(D367-B367)*100,=(2*C367-B367-D367)*100,"=STANDARDIZE(D367,AVERAGE(D116:D367),STDEV.S(D116:D367))","=STANDARDIZE(J367,AVERAGE(J116:J367),STDEV.S(J116:J367))","=COUNTIF(D116:D367,""<=""&D367)/COUNT(D116:D367)*100","=COUNTIF(J116:J367,""<=""&J367)/COUNT(J116:J367)*100","=PERCENTRANK.INC(D116:D367,D367)","=PERCENTRANK.INC(J116:J367,J367)","=(D367-XLOOKUP(EDATE(A367,-1),$A$2:$A$451,$D$2:$D$451,,-1))*100"
2026-06-04,4.05,4.18,4.47,4.97,-2.000000000000046,4.833415434442261,76.72809133557264,4.373333333333334,41.99999999999999,-16.000000000000014,1.55664449353127,-1.8898729849267748,95.23809523809523,1.5873015873015872,0.936,0.007,1.9999999999999574,=(D368-D367)*100,=STDEV.S(F348:F368),=G368*SQRT(252),=AVERAGE(D306:D368),=(D368-B368)*100,=(2*C368-B368-D368)*100,"=STANDARDIZE(D368,AVERAGE(D117:D368),STDEV.S(D117:D368))","=STANDARDIZE(J368,AVERAGE(J117:J368),STDEV.S(J117:J368))","=COUNTIF(D117:D368,""<=""&D368)/COUNT(D117:D368)*100","=COUNTIF(J117:J368,""<=""&J368)/COUNT(J117:J368)*100","=PERCENTRANK.INC(D117:D368,D368)","=PERCENTRANK.INC(J117:J368,J368)","=(D368-XLOOKUP(EDATE(A368,-1),$A$2:$A$451,$D$2:$D$451,,-1))*100"
2026-06-05,4.17,4.29,4.55,5.01,8.000000000000007,4.826020740783876,76.61070421292308,4.380158730158731,37.999999999999986,-13.999999999999968,2.0893520244463626,-2.4107440937399254,97.61904761904762,0.3968253968253968,0.976,0.0,12.00000000000001,=(D369-D368)*100,=STDEV.S(F349:F369),=G369*SQRT(252),=AVERAGE(D307:D369),=(D369-B369)*100,=(2*C369-B369-D369)*100,"=STANDARDIZE(D369,AVERAGE(D118:D369),STDEV.S(D118:D369))","=STANDARDIZE(J369,AVERAGE(J118:J369),STDEV.S(J118:J369))","=COUNTIF(D118:D369,""<=""&D369)/COUNT(D118:D369)*100","=COUNTIF(J118:J369,""<=""&J369)/COUNT(J118:J369)*100","=PERCENTRANK.INC(D118:D369,D369)","=PERCENTRANK.INC(J118:J369,J369)","=(D369-XLOOKUP(EDATE(A369,-1),$A$2:$A$451,$D$2:$D$451,,-1))*100"
2026-06-08,4.15,4.29,4.56,5.03,0.9999999999999787,4.734372789957048,75.1558380965843,4.386666666666668,40.99999999999993,-12.99999999999999,2.135499687820181,-1.9820789489740354,98.01587301587301,0.7936507936507936,0.976,0.003,17.99999999999997,=(D370-D369)*100,=STDEV.S(F350:F370),=G370*SQRT(252),=AVERAGE(D308:D370),=(D370-B370)*100,=(2*C370-B370-D370)*100,"=STANDARDIZE(D370,AVERAGE(D119:D370),STDEV.S(D119:D370))","=STANDARDIZE(J370,AVERAGE(J119:J370),STDEV.S(J119:J370))","=COUNTIF(D119:D370,""<=""&D370)/COUNT(D119:D370)*100","=COUNTIF(J119:J370,""<=""&J370)/COUNT(J119:J370)*100","=PERCENTRANK.INC(D119:D370,D370)","=PERCENTRANK.INC(J119:J370,J370)","=(D370-XLOOKUP(EDATE(A370,-1),$A$2:$A$451,$D$2:$D$451,,-1))*100"
2026-06-09,4.13,4.26,4.53,5.01,-2.999999999999936,4.734372789957044,75.15583809658425,4.391746031746032,40.000000000000036,-14.000000000000057,1.9204080518948576,-2.0993955698192885,96.82539682539682,0.7936507936507936,0.968,0.003,15.000000000000036,=(D371-D370)*100,=STDEV.S(F351:F371),=G371*SQRT(252),=AVERAGE(D309:D371),=(D371-B371)*100,=(2*C371-B371-D371)*100,"=STANDARDIZE(D371,AVERAGE(D120:D371),STDEV.S(D120:D371))","=STANDARDIZE(J371,AVERAGE(J120:J371),STDEV.S(J120:J371))","=COUNTIF(D120:D371,""<=""&D371)/COUNT(D120:D371)*100","=COUNTIF(J120:J371,""<=""&J371)/COUNT(J120:J371)*100","=PERCENTRANK.INC(D120:D371,D371)","=PERCENTRANK.INC(J120:J371,J371)","=(D371-XLOOKUP(EDATE(A371,-1),$A$2:$A$451,$D$2:$D$451,,-1))*100"
2026-06-10,4.13,4.27,4.55,5.03,1.9999999999999574,4.6848286038679126,74.36934852477856,4.396190476190476,41.99999999999999,-14.000000000000057,2.0489002251520074,-1.8195177993607043,97.22222222222221,3.1746031746031744,0.968,0.019,16.999999999999993,=(D372-D371)*100,=STDEV.S(F352:F372),=G372*SQRT(252),=AVERAGE(D310:D372),=(D372-B372)*100,=(2*C372-B372-D372)*100,"=STANDARDIZE(D372,AVERAGE(D121:D372),STDEV.S(D121:D372))","=STANDARDIZE(J372,AVERAGE(J121:J372),STDEV.S(J121:J372))","=COUNTIF(D121:D372,""<=""&D372)/COUNT(D121:D372)*100","=COUNTIF(J121:J372,""<=""&J372)/COUNT(J121:J372)*100","=PERCENTRANK.INC(D121:D372,D372)","=PERCENTRANK.INC(J121:J372,J372)","=(D372-XLOOKUP(EDATE(A372,-1),$A$2:$A$451,$D$2:$D$451,,-1))*100"
2026-06-11,4.05,4.18,4.45,4.95,-9.999999999999964,5.152438165336769,81.79242018671395,4.398888888888889,40.000000000000036,-14.000000000000057,1.3848509278117238,-2.0704063483723583,90.47619047619048,1.1904761904761905,0.892,0.003,3.000000000000025,=(D373-D372)*100,=STDEV.S(F353:F373),=G373*SQRT(252),=AVERAGE(D311:D373),=(D373-B373)*100,=(2*C373-B373-D373)*100,"=STANDARDIZE(D373,AVERAGE(D122:D373),STDEV.S(D122:D373))","=STANDARDIZE(J373,AVERAGE(J122:J373),STDEV.S(J122:J373))","=COUNTIF(D122:D373,""<=""&D373)/COUNT(D122:D373)*100","=COUNTIF(J122:J373,""<=""&J373)/COUNT(J122:J373)*100","=PERCENTRANK.INC(D122:D373,D373)","=PERCENTRANK.INC(J122:J373,J373)","=(D373-XLOOKUP(EDATE(A373,-1),$A$2:$A$451,$D$2:$D$451,,-1))*100"
2026-06-12,4.09,4.21,4.48,4.97,3.000000000000025,5.195235912879808,82.47181336674959,4.402857142857143,39.00000000000006,-15.000000000000036,1.5844572334982916,-2.1861591043217388,94.84126984126983,0.7936507936507936,0.944,0.003,2.000000000000046,=(D374-D373)*100,=STDEV.S(F354:F374),=G374*SQRT(252),=AVERAGE(D312:D374),=(D374-B374)*100,=(2*C374-B374-D374)*100,"=STANDARDIZE(D374,AVERAGE(D123:D374),STDEV.S(D123:D374))","=STANDARDIZE(J374,AVERAGE(J123:J374),STDEV.S(J123:J374))","=COUNTIF(D123:D374,""<=""&D374)/COUNT(D123:D374)*100","=COUNTIF(J123:J374,""<=""&J374)/COUNT(J123:J374)*100","=PERCENTRANK.INC(D123:D374,D374)","=PERCENTRANK.INC(J123:J374,J374)","=(D374-XLOOKUP(EDATE(A374,-1),$A$2:$A$451,$D$2:$D$451,,-1))*100"
2026-06-15,4.07,4.18,4.47,4.97,-1.0000000000000675,5.196152422706622,82.48636250920497,4.4071428571428575,39.99999999999994,-18.00000000000006,1.512874460948728,-2.037853259693159,94.04761904761905,1.1904761904761905,0.924,0.007,-12.00000000000001,=(D375-D374)*100,=STDEV.S(F355:F375),=G375*SQRT(252),=AVERAGE(D313:D375),=(D375-B375)*100,=(2*C375-B375-D375)*100,"=STANDARDIZE(D375,AVERAGE(D124:D375),STDEV.S(D124:D375))","=STANDARDIZE(J375,AVERAGE(J124:J375),STDEV.S(J124:J375))","=COUNTIF(D124:D375,""<=""&D375)/COUNT(D124:D375)*100","=COUNTIF(J124:J375,""<=""&J375)/COUNT(J124:J375)*100","=PERCENTRANK.INC(D124:D375,D375)","=PERCENTRANK.INC(J124:J375,J375)","=(D375-XLOOKUP(EDATE(A375,-1),$A$2:$A$451,$D$2:$D$451,,-1))*100"
2026-06-16,4.05,4.16,4.43,4.93,-4.0000000000000036,4.471071033933154,70.97605229934935,4.40984126984127,37.999999999999986,-15.999999999999925,1.241990013530805,-2.280565169013779,87.6984126984127,0.7936507936507936,0.86,0.0,-16.000000000000014,=(D376-D375)*100,=STDEV.S(F356:F376),=G376*SQRT(252),=AVERAGE(D314:D376),=(D376-B376)*100,=(2*C376-B376-D376)*100,"=STANDARDIZE(D376,AVERAGE(D125:D376),STDEV.S(D125:D376))","=STANDARDIZE(J376,AVERAGE(J125:J376),STDEV.S(J125:J376))","=COUNTIF(D125:D376,""<=""&D376)/COUNT(D125:D376)*100","=COUNTIF(J125:J376,""<=""&J376)/COUNT(J125:J376)*100","=PERCENTRANK.INC(D125:D376,D376)","=PERCENTRANK.INC(J125:J376,J376)","=(D376-XLOOKUP(EDATE(A376,-1),$A$2:$A$451,$D$2:$D$451,,-1))*100"
2026-06-17,4.2,4.27,4.49,4.93,6.00000000000005,4.6751623348438685,74.21590126111775,4.4136507936507945,29.000000000000004,-15.000000000000124,1.6344167888431784,-3.3834092641133235,95.23809523809523,0.3968253968253968,0.948,0.0,-9.999999999999964,=(D377-D376)*100,=STDEV.S(F357:F377),=G377*SQRT(252),=AVERAGE(D315:D377),=(D377-B377)*100,=(2*C377-B377-D377)*100,"=STANDARDIZE(D377,AVERAGE(D126:D377),STDEV.S(D126:D377))","=STANDARDIZE(J377,AVERAGE(J126:J377),STDEV.S(J126:J377))","=COUNTIF(D126:D377,""<=""&D377)/COUNT(D126:D377)*100","=COUNTIF(J126:J377,""<=""&J377)/COUNT(J126:J377)*100","=PERCENTRANK.INC(D126:D377,D377)","=PERCENTRANK.INC(J126:J377,J377)","=(D377-XLOOKUP(EDATE(A377,-1),$A$2:$A$451,$D$2:$D$451,,-1))*100"
2026-06-18,4.19,4.23,4.46,4.9,-3.000000000000025,4.449719092257392,70.63710073325481,4.414761904761906,26.999999999999957,-18.99999999999995,1.435348141772864,-3.5414904913679224,91.66666666666666,0.3968253968253968,0.9,0.0,-15.000000000000036,=(D378-D377)*100,=STDEV.S(F358:F378),=G378*SQRT(252),=AVERAGE(D316:D378),=(D378-B378)*100,=(2*C378-B378-D378)*100,"=STANDARDIZE(D378,AVERAGE(D127:D378),STDEV.S(D127:D378))","=STANDARDIZE(J378,AVERAGE(J127:J378),STDEV.S(J127:J378))","=COUNTIF(D127:D378,""<=""&D378)/COUNT(D127:D378)*100","=COUNTIF(J127:J378,""<=""&J378)/COUNT(J127:J378)*100","=PERCENTRANK.INC(D127:D378,D378)","=PERCENTRANK.INC(J127:J378,J378)","=(D378-XLOOKUP(EDATE(A378,-1),$A$2:$A$451,$D$2:$D$451,,-1))*100"
2026-06-22,4.24,4.29,4.51,4.95,4.999999999999982,4.124837659143167,65.4797678676398,4.417460317460318,26.999999999999957,-16.999999999999993,1.7563667538515857,-3.4584636380640448,96.03174603174604,0.7936507936507936,0.96,0.0,-4.999999999999982,=(D379-D378)*100,=STDEV.S(F359:F379),=G379*SQRT(252),=AVERAGE(D317:D379),=(D379-B379)*100,=(2*C379-B379-D379)*100,"=STANDARDIZE(D379,AVERAGE(D128:D379),STDEV.S(D128:D379))","=STANDARDIZE(J379,AVERAGE(J128:J379),STDEV.S(J128:J379))","=COUNTIF(D128:D379,""<=""&D379)/COUNT(D128:D379)*100","=COUNTIF(J128:J379,""<=""&J379)/COUNT(J128:J379)*100","=PERCENTRANK.INC(D128:D379,D379)","=PERCENTRANK.INC(J128:J379,J379)","=(D379-XLOOKUP(EDATE(A379,-1),$A$2:$A$451,$D$2:$D$451,,-1))*100"
2026-06-23,4.16,4.27,4.5,4.94,-0.9999999999999787,4.127145906474994,65.51641015806645,4.41920634920635,33.999999999999986,-12.0000000000001,1.6803051982964363,-2.5701421284299113,95.63492063492063,1.5873015873015872,0.948,0.011,-5.999999999999961,=(D380-D379)*100,=STDEV.S(F360:F380),=G380*SQRT(252),=AVERAGE(D318:D380),=(D380-B380)*100,=(2*C380-B380-D380)*100,"=STANDARDIZE(D380,AVERAGE(D129:D380),STDEV.S(D129:D380))","=STANDARDIZE(J380,AVERAGE(J129:J380),STDEV.S(J129:J380))","=COUNTIF(D129:D380,""<=""&D380)/COUNT(D129:D380)*100","=COUNTIF(J129:J380,""<=""&J380)/COUNT(J129:J380)*100","=PERCENTRANK.INC(D129:D380,D380)","=PERCENTRANK.INC(J129:J380,J380)","=(D380-XLOOKUP(EDATE(A380,-1),$A$2:$A$451,$D$2:$D$451,,-1))*100"
2026-06-24,4.11,4.17,4.41,4.86,-8.999999999999986,4.540295773877035,72.07496097813711,4.42047619047619,29.999999999999982,-18.00000000000006,1.0864576429906891,-2.9967315271525874,82.53968253968253,1.5873015873015872,0.82,0.011,-14.999999999999947,=(D381-D380)*100,=STDEV.S(F361:F381),=G381*SQRT(252),=AVERAGE(D319:D381),=(D381-B381)*100,=(2*C381-B381-D381)*100,"=STANDARDIZE(D381,AVERAGE(D130:D381),STDEV.S(D130:D381))","=STANDARDIZE(J381,AVERAGE(J130:J381),STDEV.S(J130:J381))","=COUNTIF(D130:D381,""<=""&D381)/COUNT(D130:D381)*100","=COUNTIF(J130:J381,""<=""&J381)/COUNT(J130:J381)*100","=PERCENTRANK.INC(D130:D381,D381)","=PERCENTRANK.INC(J130:J381,J381)","=(D381-XLOOKUP(EDATE(A381,-1),$A$2:$A$451,$D$2:$D$451,,-1))*100"
2026-06-25,4.09,4.15,4.4,4.86,-0.9999999999999787,4.377431297222692,69.48956756233267,4.42015873015873,31.00000000000005,-18.99999999999995,1.0178258807935674,-2.8242112967808963,81.74603174603175,1.984126984126984,0.8,0.015,-15.999999999999925,=(D382-D381)*100,=STDEV.S(F362:F382),=G382*SQRT(252),=AVERAGE(D320:D382),=(D382-B382)*100,=(2*C382-B382-D382)*100,"=STANDARDIZE(D382,AVERAGE(D131:D382),STDEV.S(D131:D382))","=STANDARDIZE(J382,AVERAGE(J131:J382),STDEV.S(J131:J382))","=COUNTIF(D131:D382,""<=""&D382)/COUNT(D131:D382)*100","=COUNTIF(J131:J382,""<=""&J382)/COUNT(J131:J382)*100","=PERCENTRANK.INC(D131:D382,D382)","=PERCENTRANK.INC(J131:J382,J382)","=(D382-XLOOKUP(EDATE(A382,-1),$A$2:$A$451,$D$2:$D$451,,-1))*100"
2026-06-26,4.07,4.12,4.38,4.87,-2.000000000000046,4.377431297222693,69.48956756233268,4.419206349206349,30.99999999999996,-20.999999999999996,0.8832583270359211,-2.7695194652945316,78.57142857142857,2.380952380952381,0.772,0.015,-12.00000000000001,=(D383-D382)*100,=STDEV.S(F363:F383),=G383*SQRT(252),=AVERAGE(D321:D383),=(D383-B383)*100,=(2*C383-B383-D383)*100,"=STANDARDIZE(D383,AVERAGE(D132:D383),STDEV.S(D132:D383))","=STANDARDIZE(J383,AVERAGE(J132:J383),STDEV.S(J132:J383))","=COUNTIF(D132:D383,""<=""&D383)/COUNT(D132:D383)*100","=COUNTIF(J132:J383,""<=""&J383)/COUNT(J132:J383)*100","=PERCENTRANK.INC(D132:D383,D383)","=PERCENTRANK.INC(J132:J383,J383)","=(D383-XLOOKUP(EDATE(A383,-1),$A$2:$A$451,$D$2:$D$451,,-1))*100"
2026-06-29,4.1,4.14,4.38,4.86,0.0,4.33973885543051,68.89121859859931,4.419682539682539,28.000000000000025,-20.000000000000018,0.8797027667682362,-3.0463968059756747,78.57142857142857,1.1904761904761905,0.768,0.007,-7.000000000000028,=(D384-D383)*100,=STDEV.S(F364:F384),=G384*SQRT(252),=AVERAGE(D322:D384),=(D384-B384)*100,=(2*C384-B384-D384)*100,"=STANDARDIZE(D384,AVERAGE(D133:D384),STDEV.S(D133:D384))","=STANDARDIZE(J384,AVERAGE(J133:J384),STDEV.S(J133:J384))","=COUNTIF(D133:D384,""<=""&D384)/COUNT(D133:D384)*100","=COUNTIF(J133:J384,""<=""&J384)/COUNT(J133:J384)*100","=PERCENTRANK.INC(D133:D384,D384)","=PERCENTRANK.INC(J133:J384,J384)","=(D384-XLOOKUP(EDATE(A384,-1),$A$2:$A$451,$D$2:$D$451,,-1))*100"
2026-06-30,4.14,4.19,4.44,4.91,6.00000000000005,4.55495543859861,72.30767594107837,4.421904761904762,30.00000000000007,-19.99999999999993,1.263932048219283,-2.7642424208446155,87.3015873015873,2.380952380952381,0.864,0.019,-0.9999999999999787,=(D385-D384)*100,=STDEV.S(F365:F385),=G385*SQRT(252),=AVERAGE(D323:D385),=(D385-B385)*100,=(2*C385-B385-D385)*100,"=STANDARDIZE(D385,AVERAGE(D134:D385),STDEV.S(D134:D385))","=STANDARDIZE(J385,AVERAGE(J134:J385),STDEV.S(J134:J385))","=COUNTIF(D134:D385,""<=""&D385)/COUNT(D134:D385)*100","=COUNTIF(J134:J385,""<=""&J385)/COUNT(J134:J385)*100","=PERCENTRANK.INC(D134:D385,D385)","=PERCENTRANK.INC(J134:J385,J385)","=(D385-XLOOKUP(EDATE(A385,-1),$A$2:$A$451,$D$2:$D$451,,-1))*100"
2026-07-01,4.17,4.24,4.48,4.97,4.0000000000000036,4.620348368642679,73.34575652346906,4.4242857142857135,31.00000000000005,-16.999999999999993,1.5134040115908804,-2.6052490268928294,93.65079365079364,3.571428571428571,0.928,0.027,1.0000000000000675,=(D386-D385)*100,=STDEV.S(F366:F386),=G386*SQRT(252),=AVERAGE(D324:D386),=(D386-B386)*100,=(2*C386-B386-D386)*100,"=STANDARDIZE(D386,AVERAGE(D135:D386),STDEV.S(D135:D386))","=STANDARDIZE(J386,AVERAGE(J135:J386),STDEV.S(J135:J386))","=COUNTIF(D135:D386,""<=""&D386)/COUNT(D135:D386)*100","=COUNTIF(J135:J386,""<=""&J386)/COUNT(J135:J386)*100","=PERCENTRANK.INC(D135:D386,D386)","=PERCENTRANK.INC(J135:J386,J386)","=(D386-XLOOKUP(EDATE(A386,-1),$A$2:$A$451,$D$2:$D$451,,-1))*100"
2026-07-02,4.14,4.23,4.49,4.98,0.9999999999999787,4.618286633435765,73.3130274917085,4.427142857142857,35.00000000000006,-16.999999999999904,1.5642443913204707,-2.1368650272188514,94.44444444444444,4.365079365079365,0.936,0.039,3.000000000000025,=(D387-D386)*100,=STDEV.S(F367:F387),=G387*SQRT(252),=AVERAGE(D325:D387),=(D387-B387)*100,=(2*C387-B387-D387)*100,"=STANDARDIZE(D387,AVERAGE(D136:D387),STDEV.S(D136:D387))","=STANDARDIZE(J387,AVERAGE(J136:J387),STDEV.S(J136:J387))","=COUNTIF(D136:D387,""<=""&D387)/COUNT(D136:D387)*100","=COUNTIF(J136:J387,""<=""&J387)/COUNT(J136:J387)*100","=PERCENTRANK.INC(D136:D387,D387)","=PERCENTRANK.INC(J136:J387,J387)","=(D387-XLOOKUP(EDATE(A387,-1),$A$2:$A$451,$D$2:$D$451,,-1))*100"
2026-07-06,4.13,4.21,4.48,4.99,-0.9999999999999787,4.57685689612632,72.65535080088735,4.42920634920635,35.00000000000006,-19.00000000000004,1.4873174483327911,-2.1142455065551964,93.25396825396825,4.761904761904762,0.92,0.039,-6.99999999999994,=(D388-D387)*100,=STDEV.S(F368:F388),=G388*SQRT(252),=AVERAGE(D326:D388),=(D388-B388)*100,=(2*C388-B388-D388)*100,"=STANDARDIZE(D388,AVERAGE(D137:D388),STDEV.S(D137:D388))","=STANDARDIZE(J388,AVERAGE(J137:J388),STDEV.S(J137:J388))","=COUNTIF(D137:D388,""<=""&D388)/COUNT(D137:D388)*100","=COUNTIF(J137:J388,""<=""&J388)/COUNT(J137:J388)*100","=PERCENTRANK.INC(D137:D388,D388)","=PERCENTRANK.INC(J137:J388,J388)","=(D388-XLOOKUP(EDATE(A388,-1),$A$2:$A$451,$D$2:$D$451,,-1))*100"
2026-07-07,4.19,4.27,4.55,5.05,6.99999999999994,4.800793585191828,76.21023553303054,4.432539682539684,35.99999999999994,-20.000000000000107,1.9177995368383018,-1.9833453256324987,97.22222222222221,5.158730158730158,0.964,0.047,0.0,=(D389-D388)*100,=STDEV.S(F369:F389),=G389*SQRT(252),=AVERAGE(D327:D389),=(D389-B389)*100,=(2*C389-B389-D389)*100,"=STANDARDIZE(D389,AVERAGE(D138:D389),STDEV.S(D138:D389))","=STANDARDIZE(J389,AVERAGE(J138:J389),STDEV.S(J138:J389))","=COUNTIF(D138:D389,""<=""&D389)/COUNT(D138:D389)*100","=COUNTIF(J138:J389,""<=""&J389)/COUNT(J138:J389)*100","=PERCENTRANK.INC(D138:D389,D389)","=PERCENTRANK.INC(J138:J389,J389)","=(D389-XLOOKUP(EDATE(A389,-1),$A$2:$A$451,$D$2:$D$451,,-1))*100"
2026-07-08,4.21,4.31,4.56,5.06,0.9999999999999787,4.477456761111044,71.07742257566736,4.436190476190477,34.999999999999964,-15.000000000000036,1.9627176925097898,-2.070570606976365,98.01587301587301,4.365079365079365,0.972,0.039,0.0,=(D390-D389)*100,=STDEV.S(F370:F390),=G390*SQRT(252),=AVERAGE(D328:D390),=(D390-B390)*100,=(2*C390-B390-D390)*100,"=STANDARDIZE(D390,AVERAGE(D139:D390),STDEV.S(D139:D390))","=STANDARDIZE(J390,AVERAGE(J139:J390),STDEV.S(J139:J390))","=COUNTIF(D139:D390,""<=""&D390)/COUNT(D139:D390)*100","=COUNTIF(J139:J390,""<=""&J390)/COUNT(J139:J390)*100","=PERCENTRANK.INC(D139:D390,D390)","=PERCENTRANK.INC(J139:J390,J390)","=(D390-XLOOKUP(EDATE(A390,-1),$A$2:$A$451,$D$2:$D$451,,-1))*100"
2026-07-09,4.16,4.27,4.54,5.05,-1.9999999999999574,4.493381376032545,71.33021800050793,4.44015873015873,37.999999999999986,-16.000000000000103,1.8232731022686712,-1.7350648248515554,95.63492063492063,6.746031746031746,0.956,0.055,0.9999999999999787,=(D391-D390)*100,=STDEV.S(F371:F391),=G391*SQRT(252),=AVERAGE(D329:D391),=(D391-B391)*100,=(2*C391-B391-D391)*100,"=STANDARDIZE(D391,AVERAGE(D140:D391),STDEV.S(D140:D391))","=STANDARDIZE(J391,AVERAGE(J140:J391),STDEV.S(J140:J391))","=COUNTIF(D140:D391,""<=""&D391)/COUNT(D140:D391)*100","=COUNTIF(J140:J391,""<=""&J391)/COUNT(J140:J391)*100","=PERCENTRANK.INC(D140:D391,D391)","=PERCENTRANK.INC(J140:J391,J391)","=(D391-XLOOKUP(EDATE(A391,-1),$A$2:$A$451,$D$2:$D$451,,-1))*100"
2026-07-10,4.21,4.3,4.56,5.06,1.9999999999999574,4.464142854857064,70.86607086610621,4.444444444444445,34.999999999999964,-16.999999999999993,1.9358681069526624,-2.030044093061692,98.01587301587301,4.761904761904762,0.968,0.039,0.9999999999999787,=(D392-D391)*100,=STDEV.S(F372:F392),=G392*SQRT(252),=AVERAGE(D330:D392),=(D392-B392)*100,=(2*C392-B392-D392)*100,"=STANDARDIZE(D392,AVERAGE(D141:D392),STDEV.S(D141:D392))","=STANDARDIZE(J392,AVERAGE(J141:J392),STDEV.S(J141:J392))","=COUNTIF(D141:D392,""<=""&D392)/COUNT(D141:D392)*100","=COUNTIF(J141:J392,""<=""&J392)/COUNT(J141:J392)*100","=PERCENTRANK.INC(D141:D392,D392)","=PERCENTRANK.INC(J141:J392,J392)","=(D392-XLOOKUP(EDATE(A392,-1),$A$2:$A$451,$D$2:$D$451,,-1))*100"
2026-07-13,4.26,4.37,4.62,5.1,6.00000000000005,4.629614814791109,73.49285679574578,4.449365079365079,36.00000000000003,-13.999999999999968,2.283166254745224,-1.9072550802674542,99.60317460317461,6.349206349206349,0.996,0.059,13.999999999999968,=(D393-D392)*100,=STDEV.S(F373:F393),=G393*SQRT(252),=AVERAGE(D331:D393),=(D393-B393)*100,=(2*C393-B393-D393)*100,"=STANDARDIZE(D393,AVERAGE(D142:D393),STDEV.S(D142:D393))","=STANDARDIZE(J393,AVERAGE(J142:J393),STDEV.S(J142:J393))","=COUNTIF(D142:D393,""<=""&D393)/COUNT(D142:D393)*100","=COUNTIF(J142:J393,""<=""&J393)/COUNT(J142:J393)*100","=PERCENTRANK.INC(D142:D393,D393)","=PERCENTRANK.INC(J142:J393,J393)","=(D393-XLOOKUP(EDATE(A393,-1),$A$2:$A$451,$D$2:$D$451,,-1))*100"
2026-07-14,4.18,4.31,4.58,5.08,-4.0000000000000036,4.11674860145954,65.35135805780939,4.453809523809523,40.000000000000036,-14.000000000000057,2.0135524946096,-1.4789476394477525,98.4126984126984,9.523809523809524,0.984,0.083,9.999999999999964,=(D394-D393)*100,=STDEV.S(F374:F394),=G394*SQRT(252),=AVERAGE(D332:D394),=(D394-B394)*100,=(2*C394-B394-D394)*100,"=STANDARDIZE(D394,AVERAGE(D143:D394),STDEV.S(D143:D394))","=STANDARDIZE(J394,AVERAGE(J143:J394),STDEV.S(J143:J394))","=COUNTIF(D143:D394,""<=""&D394)/COUNT(D143:D394)*100","=COUNTIF(J143:J394,""<=""&J394)/COUNT(J143:J394)*100","=PERCENTRANK.INC(D143:D394,D394)","=PERCENTRANK.INC(J143:J394,J394)","=(D394-XLOOKUP(EDATE(A394,-1),$A$2:$A$451,$D$2:$D$451,,-1))*100"
2026-07-15,4.13,4.26,4.55,5.08,-3.000000000000025,4.151305015694867,65.89992412742224,4.458412698412698,41.99999999999999,-16.000000000000014,1.8175351083164155,-1.2617191561154646,95.63492063492063,12.3015873015873,0.944,0.107,8.000000000000007,=(D395-D394)*100,=STDEV.S(F375:F395),=G395*SQRT(252),=AVERAGE(D333:D395),=(D395-B395)*100,=(2*C395-B395-D395)*100,"=STANDARDIZE(D395,AVERAGE(D144:D395),STDEV.S(D144:D395))","=STANDARDIZE(J395,AVERAGE(J144:J395),STDEV.S(J144:J395))","=COUNTIF(D144:D395,""<=""&D395)/COUNT(D144:D395)*100","=COUNTIF(J144:J395,""<=""&J395)/COUNT(J144:J395)*100","=PERCENTRANK.INC(D144:D395,D395)","=PERCENTRANK.INC(J144:J395,J395)","=(D395-XLOOKUP(EDATE(A395,-1),$A$2:$A$451,$D$2:$D$451,,-1))*100"
2026-07-16,4.16,4.28,4.57,5.09,2.000000000000046,4.154744849194086,65.95452979136465,4.462857142857143,41.000000000000014,-16.999999999999993,1.92716490433859,-1.355800266535959,98.01587301587301,11.11111111111111,0.972,0.099,14.000000000000057,=(D396-D395)*100,=STDEV.S(F376:F396),=G396*SQRT(252),=AVERAGE(D334:D396),=(D396-B396)*100,=(2*C396-B396-D396)*100,"=STANDARDIZE(D396,AVERAGE(D145:D396),STDEV.S(D145:D396))","=STANDARDIZE(J396,AVERAGE(J145:J396),STDEV.S(J145:J396))","=COUNTIF(D145:D396,""<=""&D396)/COUNT(D145:D396)*100","=COUNTIF(J145:J396,""<=""&J396)/COUNT(J145:J396)*100","=PERCENTRANK.INC(D145:D396,D396)","=PERCENTRANK.INC(J145:J396,J396)","=(D396-XLOOKUP(EDATE(A396,-1),$A$2:$A$451,$D$2:$D$451,,-1))*100"
2026-07-17,4.18,4.28,4.55,5.06,-2.000000000000046,4.069046922455293,64.59411737921657,4.466507936507936,37.000000000000014,-16.999999999999904,1.799972691378674,-1.7520852331858754,95.23809523809523,6.746031746031746,0.936,0.063,5.999999999999961,=(D397-D396)*100,=STDEV.S(F377:F397),=G397*SQRT(252),=AVERAGE(D335:D397),=(D397-B397)*100,=(2*C397-B397-D397)*100,"=STANDARDIZE(D397,AVERAGE(D146:D397),STDEV.S(D146:D397))","=STANDARDIZE(J397,AVERAGE(J146:J397),STDEV.S(J146:J397))","=COUNTIF(D146:D397,""<=""&D397)/COUNT(D146:D397)*100","=COUNTIF(J146:J397,""<=""&J397)/COUNT(J146:J397)*100","=PERCENTRANK.INC(D146:D397,D397)","=PERCENTRANK.INC(J146:J397,J397)","=(D397-XLOOKUP(EDATE(A397,-1),$A$2:$A$451,$D$2:$D$451,,-1))*100"
2026-07-20,4.21,4.33,4.6,5.11,4.999999999999982,4.007730624917893,63.62075133162136,4.471904761904762,38.99999999999997,-14.999999999999947,2.089969768785417,-1.5316190970128933,98.80952380952381,8.333333333333332,0.988,0.079,13.999999999999968,=(D398-D397)*100,=STDEV.S(F378:F398),=G398*SQRT(252),=AVERAGE(D336:D398),=(D398-B398)*100,=(2*C398-B398-D398)*100,"=STANDARDIZE(D398,AVERAGE(D147:D398),STDEV.S(D147:D398))","=STANDARDIZE(J398,AVERAGE(J147:J398),STDEV.S(J147:J398))","=COUNTIF(D147:D398,""<=""&D398)/COUNT(D147:D398)*100","=COUNTIF(J147:J398,""<=""&J398)/COUNT(J147:J398)*100","=PERCENTRANK.INC(D147:D398,D398)","=PERCENTRANK.INC(J147:J398,J398)","=(D398-XLOOKUP(EDATE(A398,-1),$A$2:$A$451,$D$2:$D$451,,-1))*100"
2026-07-21,4.26,4.37,4.63,5.13,3.000000000000025,3.9575124462097104,62.82356245868266,4.477777777777779,37.000000000000014,-14.999999999999947,2.252745374691143,-1.7188787886023547,99.60317460317461,7.142857142857142,0.996,0.063,16.999999999999993,=(D399-D398)*100,=STDEV.S(F379:F399),=G399*SQRT(252),=AVERAGE(D337:D399),=(D399-B399)*100,=(2*C399-B399-D399)*100,"=STANDARDIZE(D399,AVERAGE(D148:D399),STDEV.S(D148:D399))","=STANDARDIZE(J399,AVERAGE(J148:J399),STDEV.S(J148:J399))","=COUNTIF(D148:D399,""<=""&D399)/COUNT(D148:D399)*100","=COUNTIF(J148:J399,""<=""&J399)/COUNT(J148:J399)*100","=PERCENTRANK.INC(D148:D399,D399)","=PERCENTRANK.INC(J148:J399,J399)","=(D399-XLOOKUP(EDATE(A399,-1),$A$2:$A$451,$D$2:$D$451,,-1))*100"
2026-07-22,4.31,4.41,4.67,5.15,4.0000000000000036,3.910303848868551,62.074149208829304,4.483650793650795,36.00000000000003,-15.999999999999925,2.4640729664496566,-1.801103578282718,100.0,6.746031746031746,0.996,0.059,16.000000000000014,=(D400-D399)*100,=STDEV.S(F380:F400),=G400*SQRT(252),=AVERAGE(D338:D400),=(D400-B400)*100,=(2*C400-B400-D400)*100,"=STANDARDIZE(D400,AVERAGE(D149:D400),STDEV.S(D149:D400))","=STANDARDIZE(J400,AVERAGE(J149:J400),STDEV.S(J149:J400))","=COUNTIF(D149:D400,""<=""&D400)/COUNT(D149:D400)*100","=COUNTIF(J149:J400,""<=""&J400)/COUNT(J149:J400)*100","=PERCENTRANK.INC(D149:D400,D400)","=PERCENTRANK.INC(J149:J400,J400)","=(D400-XLOOKUP(EDATE(A400,-1),$A$2:$A$451,$D$2:$D$451,,-1))*100"
2026-07-23,4.37,4.46,4.71,5.17,4.0000000000000036,3.949683531626302,62.69928229254307,4.490158730158731,33.999999999999986,-16.000000000000014,2.6595376704828544,-1.9803526352127694,100.0,4.365079365079365,1.0,0.035,20.999999999999996,=(D401-D400)*100,=STDEV.S(F381:F401),=G401*SQRT(252),=AVERAGE(D339:D401),=(D401-B401)*100,=(2*C401-B401-D401)*100,"=STANDARDIZE(D401,AVERAGE(D150:D401),STDEV.S(D150:D401))","=STANDARDIZE(J401,AVERAGE(J150:J401),STDEV.S(J150:J401))","=COUNTIF(D150:D401,""<=""&D401)/COUNT(D150:D401)*100","=COUNTIF(J150:J401,""<=""&J401)/COUNT(J150:J401)*100","=PERCENTRANK.INC(D150:D401,D401)","=PERCENTRANK.INC(J150:J401,J401)","=(D401-XLOOKUP(EDATE(A401,-1),$A$2:$A$451,$D$2:$D$451,,-1))*100"
2026-07-24,4.33,4.43,4.69,5.16,-1.9999999999999574,3.3065591380366013,52.48999904743764,4.495714285714287,36.00000000000003,-16.000000000000103,2.5032470443805668,-1.7620457196474177,99.60317460317461,7.5396825396825395,0.996,0.063,28.000000000000025,=(D402-D401)*100,=STDEV.S(F382:F402),=G402*SQRT(252),=AVERAGE(D340:D402),=(D402-B402)*100,=(2*C402-B402-D402)*100,"=STANDARDIZE(D402,AVERAGE(D151:D402),STDEV.S(D151:D402))","=STANDARDIZE(J402,AVERAGE(J151:J402),STDEV.S(J151:J402))","=COUNTIF(D151:D402,""<=""&D402)/COUNT(D151:D402)*100","=COUNTIF(J151:J402,""<=""&J402)/COUNT(J151:J402)*100","=PERCENTRANK.INC(D151:D402,D402)","=PERCENTRANK.INC(J151:J402,J402)","=(D402-XLOOKUP(EDATE(A402,-1),$A$2:$A$451,$D$2:$D$451,,-1))*100"
2026-07-27,4.31,4.4,4.65,5.12,-4.0000000000000036,3.473025303954002,55.1325675077808,4.501111111111111,34.00000000000007,-15.999999999999925,2.244681733580581,-1.939993892203756,98.4126984126984,4.761904761904762,0.984,0.043,27.000000000000046,=(D403-D402)*100,=STDEV.S(F383:F403),=G403*SQRT(252),=AVERAGE(D341:D403),=(D403-B403)*100,=(2*C403-B403-D403)*100,"=STANDARDIZE(D403,AVERAGE(D152:D403),STDEV.S(D152:D403))","=STANDARDIZE(J403,AVERAGE(J152:J403),STDEV.S(J152:J403))","=COUNTIF(D152:D403,""<=""&D403)/COUNT(D152:D403)*100","=COUNTIF(J152:J403,""<=""&J403)/COUNT(J152:J403)*100","=PERCENTRANK.INC(D152:D403,D403)","=PERCENTRANK.INC(J152:J403,J403)","=(D403-XLOOKUP(EDATE(A403,-1),$A$2:$A$451,$D$2:$D$451,,-1))*100"
2026-07-28,4.26,4.35,4.61,5.09,-4.0000000000000036,3.5903309304959903,56.99473659909311,4.505238095238095,35.00000000000006,-17.00000000000008,1.9974753126238372,-1.822052585651164,97.22222222222221,6.746031746031746,0.968,0.055,23.000000000000043,=(D404-D403)*100,=STDEV.S(F384:F404),=G404*SQRT(252),=AVERAGE(D342:D404),=(D404-B404)*100,=(2*C404-B404-D404)*100,"=STANDARDIZE(D404,AVERAGE(D153:D404),STDEV.S(D153:D404))","=STANDARDIZE(J404,AVERAGE(J153:J404),STDEV.S(J153:J404))","=COUNTIF(D153:D404,""<=""&D404)/COUNT(D153:D404)*100","=COUNTIF(J153:J404,""<=""&J404)/COUNT(J153:J404)*100","=PERCENTRANK.INC(D153:D404,D404)","=PERCENTRANK.INC(J153:J404,J404)","=(D404-XLOOKUP(EDATE(A404,-1),$A$2:$A$451,$D$2:$D$451,,-1))*100"
2026-07-29,4.22,4.37,4.67,5.2,5.999999999999961,3.7346511279661776,59.2857487091122,4.5101587301587305,45.000000000000014,-14.999999999999947,2.3131797792322333,-0.8349698406652141,99.20634920634922,17.46031746031746,0.984,0.171,29.000000000000004,=(D405-D404)*100,=STDEV.S(F385:F405),=G405*SQRT(252),=AVERAGE(D343:D405),=(D405-B405)*100,=(2*C405-B405-D405)*100,"=STANDARDIZE(D405,AVERAGE(D154:D405),STDEV.S(D154:D405))","=STANDARDIZE(J405,AVERAGE(J154:J405),STDEV.S(J154:J405))","=COUNTIF(D154:D405,""<=""&D405)/COUNT(D154:D405)*100","=COUNTIF(J154:J405,""<=""&J405)/COUNT(J154:J405)*100","=PERCENTRANK.INC(D154:D405,D405)","=PERCENTRANK.INC(J154:J405,J405)","=(D405-XLOOKUP(EDATE(A405,-1),$A$2:$A$451,$D$2:$D$451,,-1))*100"
2026-07-30,4.23,4.38,4.68,5.21,0.9999999999999787,3.581699516789676,56.85771715431417,4.514285714285714,44.99999999999993,-15.000000000000036,2.3417848546452342,-0.831575011285188,99.20634920634922,17.46031746031746,0.992,0.171,23.999999999999932,=(D406-D405)*100,=STDEV.S(F386:F406),=G406*SQRT(252),=AVERAGE(D344:D406),=(D406-B406)*100,=(2*C406-B406-D406)*100,"=STANDARDIZE(D406,AVERAGE(D155:D406),STDEV.S(D155:D406))","=STANDARDIZE(J406,AVERAGE(J155:J406),STDEV.S(J155:J406))","=COUNTIF(D155:D406,""<=""&D406)/COUNT(D155:D406)*100","=COUNTIF(J155:J406,""<=""&J406)/COUNT(J155:J406)*100","=PERCENTRANK.INC(D155:D406,D406)","=PERCENTRANK.INC(J155:J406,J406)","=(D406-XLOOKUP(EDATE(A406,-1),$A$2:$A$451,$D$2:$D$451,,-1))*100"
2026-07-31,4.28,4.45,4.75,5.27,7.000000000000028,3.7568984168174815,59.63891347098802,4.51984126984127,46.99999999999997,-12.99999999999999,2.687771832484637,-0.6345493799978098,100.0,21.03174603174603,1.0,0.195,30.99999999999996,=(D407-D406)*100,=STDEV.S(F387:F407),=G407*SQRT(252),=AVERAGE(D345:D407),=(D407-B407)*100,=(2*C407-B407-D407)*100,"=STANDARDIZE(D407,AVERAGE(D156:D407),STDEV.S(D156:D407))","=STANDARDIZE(J407,AVERAGE(J156:J407),STDEV.S(J156:J407))","=COUNTIF(D156:D407,""<=""&D407)/COUNT(D156:D407)*100","=COUNTIF(J156:J407,""<=""&J407)/COUNT(J156:J407)*100","=PERCENTRANK.INC(D156:D407,D407)","=PERCENTRANK.INC(J156:J407,J407)","=(D407-XLOOKUP(EDATE(A407,-1),$A$2:$A$451,$D$2:$D$451,,-1))*100"
2026-08-03,4.25,4.4,4.7,5.23,-4.999999999999982,3.999999999999997,63.49803146555013,4.524761904761905,45.000000000000014,-14.999999999999947,2.377997352668551,-0.8316709615893403,99.20634920634922,17.857142857142858,0.992,0.171,20.999999999999996,=(D408-D407)*100,=STDEV.S(F388:F408),=G408*SQRT(252),=AVERAGE(D346:D408),=(D408-B408)*100,=(2*C408-B408-D408)*100,"=STANDARDIZE(D408,AVERAGE(D157:D408),STDEV.S(D157:D408))","=STANDARDIZE(J408,AVERAGE(J157:J408),STDEV.S(J157:J408))","=COUNTIF(D157:D408,""<=""&D408)/COUNT(D157:D408)*100","=COUNTIF(J157:J408,""<=""&J408)/COUNT(J157:J408)*100","=PERCENTRANK.INC(D157:D408,D408)","=PERCENTRANK.INC(J157:J408,J408)","=(D408-XLOOKUP(EDATE(A408,-1),$A$2:$A$451,$D$2:$D$451,,-1))*100"
2026-08-04,4.2,4.33,4.63,5.18,-7.000000000000028,4.3490557267395085,69.03911934548412,4.527619047619049,42.99999999999997,-16.999999999999993,1.973913308222896,-1.0281839314163619,96.42857142857143,16.666666666666664,0.96,0.159,13.999999999999968,=(D409-D408)*100,=STDEV.S(F389:F409),=G409*SQRT(252),=AVERAGE(D347:D409),=(D409-B409)*100,=(2*C409-B409-D409)*100,"=STANDARDIZE(D409,AVERAGE(D158:D409),STDEV.S(D158:D409))","=STANDARDIZE(J409,AVERAGE(J158:J409),STDEV.S(J158:J409))","=COUNTIF(D158:D409,""<=""&D409)/COUNT(D158:D409)*100","=COUNTIF(J158:J409,""<=""&J409)/COUNT(J158:J409)*100","=PERCENTRANK.INC(D158:D409,D409)","=PERCENTRANK.INC(J158:J409,J409)","=(D409-XLOOKUP(EDATE(A409,-1),$A$2:$A$451,$D$2:$D$451,,-1))*100"
2026-08-05,4.18,4.33,4.63,5.17,0.0,4.104585124908374,65.15826885361528,4.530793650793651,45.000000000000014,-14.999999999999947,1.9504204720046339,-0.8270327289189825,96.42857142857143,18.253968253968253,0.956,0.171,13.999999999999968,=(D410-D409)*100,=STDEV.S(F390:F410),=G410*SQRT(252),=AVERAGE(D348:D410),=(D410-B410)*100,=(2*C410-B410-D410)*100,"=STANDARDIZE(D410,AVERAGE(D159:D410),STDEV.S(D159:D410))","=STANDARDIZE(J410,AVERAGE(J159:J410),STDEV.S(J159:J410))","=COUNTIF(D159:D410,""<=""&D410)/COUNT(D159:D410)*100","=COUNTIF(J159:J410,""<=""&J410)/COUNT(J159:J410)*100","=PERCENTRANK.INC(D159:D410,D410)","=PERCENTRANK.INC(J159:J410,J410)","=(D410-XLOOKUP(EDATE(A410,-1),$A$2:$A$451,$D$2:$D$451,,-1))*100"
2026-08-06,4.25,4.4,4.69,5.22,6.00000000000005,4.283412080061772,67.99705875992002,4.536031746031747,44.00000000000004,-13.999999999999968,2.2421934987159045,-0.9200923519285895,98.80952380952381,17.063492063492063,0.984,0.167,20.999999999999996,=(D411-D410)*100,=STDEV.S(F391:F411),=G411*SQRT(252),=AVERAGE(D349:D411),=(D411-B411)*100,=(2*C411-B411-D411)*100,"=STANDARDIZE(D411,AVERAGE(D160:D411),STDEV.S(D160:D411))","=STANDARDIZE(J411,AVERAGE(J160:J411),STDEV.S(J160:J411))","=COUNTIF(D160:D411,""<=""&D411)/COUNT(D160:D411)*100","=COUNTIF(J160:J411,""<=""&J411)/COUNT(J160:J411)*100","=PERCENTRANK.INC(D160:D411,D411)","=PERCENTRANK.INC(J160:J411,J411)","=(D411-XLOOKUP(EDATE(A411,-1),$A$2:$A$451,$D$2:$D$451,,-1))*100"
2026-08-07,4.19,4.35,4.65,5.19,-4.0000000000000036,4.36599413214274,69.30800819530178,4.5398412698412685,46.0,-14.000000000000146,2.002965821483548,-0.7220299796667645,96.42857142857143,20.634920634920633,0.96,0.187,10.000000000000053,=(D412-D411)*100,=STDEV.S(F392:F412),=G412*SQRT(252),=AVERAGE(D350:D412),=(D412-B412)*100,=(2*C412-B412-D412)*100,"=STANDARDIZE(D412,AVERAGE(D161:D412),STDEV.S(D161:D412))","=STANDARDIZE(J412,AVERAGE(J161:J412),STDEV.S(J161:J412))","=COUNTIF(D161:D412,""<=""&D412)/COUNT(D161:D412)*100","=COUNTIF(J161:J412,""<=""&J412)/COUNT(J161:J412)*100","=PERCENTRANK.INC(D161:D412,D412)","=PERCENTRANK.INC(J161:J412,J412)","=(D412-XLOOKUP(EDATE(A412,-1),$A$2:$A$451,$D$2:$D$451,,-1))*100"
2026-08-10,4.25,4.41,4.72,5.25,6.99999999999994,4.581536444302962,72.7296363252286,4.545238095238095,46.99999999999997,-14.999999999999947,2.3385581206681967,-0.6213449393604493,99.60317460317461,22.61904761904762,0.996,0.207,16.000000000000014,=(D413-D412)*100,=STDEV.S(F393:F413),=G413*SQRT(252),=AVERAGE(D351:D413),=(D413-B413)*100,=(2*C413-B413-D413)*100,"=STANDARDIZE(D413,AVERAGE(D162:D413),STDEV.S(D162:D413))","=STANDARDIZE(J413,AVERAGE(J162:J413),STDEV.S(J162:J413))","=COUNTIF(D162:D413,""<=""&D413)/COUNT(D162:D413)*100","=COUNTIF(J162:J413,""<=""&J413)/COUNT(J162:J413)*100","=PERCENTRANK.INC(D162:D413,D413)","=PERCENTRANK.INC(J162:J413,J413)","=(D413-XLOOKUP(EDATE(A413,-1),$A$2:$A$451,$D$2:$D$451,,-1))*100"
2026-08-11,4.22,4.39,4.7,5.24,-1.9999999999999574,4.455066671512229,70.72199092220185,4.549682539682539,48.00000000000004,-14.000000000000057,2.2022634701207853,-0.5221503390930254,98.80952380952381,24.206349206349206,0.984,0.235,14.000000000000057,=(D414-D413)*100,=STDEV.S(F394:F414),=G414*SQRT(252),=AVERAGE(D352:D414),=(D414-B414)*100,=(2*C414-B414-D414)*100,"=STANDARDIZE(D414,AVERAGE(D163:D414),STDEV.S(D163:D414))","=STANDARDIZE(J414,AVERAGE(J163:J414),STDEV.S(J163:J414))","=COUNTIF(D163:D414,""<=""&D414)/COUNT(D163:D414)*100","=COUNTIF(J163:J414,""<=""&J414)/COUNT(J163:J414)*100","=PERCENTRANK.INC(D163:D414,D414)","=PERCENTRANK.INC(J163:J414,J414)","=(D414-XLOOKUP(EDATE(A414,-1),$A$2:$A$451,$D$2:$D$451,,-1))*100"
2026-08-12,4.2,4.38,4.68,5.24,-2.000000000000046,4.377431297222697,69.48956756233274,4.553174603174604,47.99999999999996,-12.00000000000001,2.0717340416369647,-0.5207584741432641,97.22222222222221,24.6031746031746,0.968,0.227,12.00000000000001,=(D415-D414)*100,=STDEV.S(F395:F415),=G415*SQRT(252),=AVERAGE(D353:D415),=(D415-B415)*100,=(2*C415-B415-D415)*100,"=STANDARDIZE(D415,AVERAGE(D164:D415),STDEV.S(D164:D415))","=STANDARDIZE(J415,AVERAGE(J164:J415),STDEV.S(J164:J415))","=COUNTIF(D164:D415,""<=""&D415)/COUNT(D164:D415)*100","=COUNTIF(J164:J415,""<=""&J415)/COUNT(J164:J415)*100","=PERCENTRANK.INC(D164:D415,D415)","=PERCENTRANK.INC(J164:J415,J415)","=(D415-XLOOKUP(EDATE(A415,-1),$A$2:$A$451,$D$2:$D$451,,-1))*100"
2026-08-13,4.15,4.32,4.63,5.21,-4.999999999999982,4.477456761111049,71.07742257566744,4.555873015873016,47.99999999999996,-13.999999999999968,1.794804106535597,-0.5193686317987222,94.44444444444444,25.0,0.932,0.227,0.9999999999999787,=(D416-D415)*100,=STDEV.S(F396:F416),=G416*SQRT(252),=AVERAGE(D354:D416),=(D416-B416)*100,=(2*C416-B416-D416)*100,"=STANDARDIZE(D416,AVERAGE(D165:D416),STDEV.S(D165:D416))","=STANDARDIZE(J416,AVERAGE(J165:J416),STDEV.S(J165:J416))","=COUNTIF(D165:D416,""<=""&D416)/COUNT(D165:D416)*100","=COUNTIF(J165:J416,""<=""&J416)/COUNT(J165:J416)*100","=PERCENTRANK.INC(D165:D416,D416)","=PERCENTRANK.INC(J165:J416,J416)","=(D416-XLOOKUP(EDATE(A416,-1),$A$2:$A$451,$D$2:$D$451,,-1))*100"
2026-08-14,4.17,4.36,4.68,5.25,4.999999999999982,4.57841727695333,72.68012107860027,4.55920634920635,50.99999999999998,-12.9999999999999,2.026264640633278,-0.22406165726181806,97.22222222222221,37.698412698412696,0.964,0.33,9.999999999999964,=(D417-D416)*100,=STDEV.S(F397:F417),=G417*SQRT(252),=AVERAGE(D355:D417),=(D417-B417)*100,=(2*C417-B417-D417)*100,"=STANDARDIZE(D417,AVERAGE(D166:D417),STDEV.S(D166:D417))","=STANDARDIZE(J417,AVERAGE(J166:J417),STDEV.S(J166:J417))","=COUNTIF(D166:D417,""<=""&D417)/COUNT(D166:D417)*100","=COUNTIF(J166:J417,""<=""&J417)/COUNT(J166:J417)*100","=PERCENTRANK.INC(D166:D417,D417)","=PERCENTRANK.INC(J166:J417,J417)","=(D417-XLOOKUP(EDATE(A417,-1),$A$2:$A$451,$D$2:$D$451,,-1))*100"
2026-08-17,4.19,4.38,4.72,5.31,4.0000000000000036,4.6002070346784105,73.02602275901374,4.5612698412698425,52.999999999999936,-15.000000000000036,2.1985062659924877,-0.02714257196087366,99.60317460317461,43.65079365079365,0.992,0.434,16.999999999999993,=(D418-D417)*100,=STDEV.S(F398:F418),=G418*SQRT(252),=AVERAGE(D356:D418),=(D418-B418)*100,=(2*C418-B418-D418)*100,"=STANDARDIZE(D418,AVERAGE(D167:D418),STDEV.S(D167:D418))","=STANDARDIZE(J418,AVERAGE(J167:J418),STDEV.S(J167:J418))","=COUNTIF(D167:D418,""<=""&D418)/COUNT(D167:D418)*100","=COUNTIF(J167:J418,""<=""&J418)/COUNT(J167:J418)*100","=PERCENTRANK.INC(D167:D418,D418)","=PERCENTRANK.INC(J167:J418,J418)","=(D418-XLOOKUP(EDATE(A418,-1),$A$2:$A$451,$D$2:$D$451,,-1))*100"
2026-08-18,4.19,4.37,4.71,5.28,-0.9999999999999787,4.51241673185276,71.63239490621541,4.562857142857143,51.99999999999996,-16.000000000000014,2.1204590887049264,-0.12369579887450227,98.80952380952381,43.65079365079365,0.984,0.378,16.000000000000014,=(D419-D418)*100,=STDEV.S(F399:F419),=G419*SQRT(252),=AVERAGE(D357:D419),=(D419-B419)*100,=(2*C419-B419-D419)*100,"=STANDARDIZE(D419,AVERAGE(D168:D419),STDEV.S(D168:D419))","=STANDARDIZE(J419,AVERAGE(J168:J419),STDEV.S(J168:J419))","=COUNTIF(D168:D419,""<=""&D419)/COUNT(D168:D419)*100","=COUNTIF(J168:J419,""<=""&J419)/COUNT(J168:J419)*100","=PERCENTRANK.INC(D168:D419,D419)","=PERCENTRANK.INC(J168:J419,J419)","=(D419-XLOOKUP(EDATE(A419,-1),$A$2:$A$451,$D$2:$D$451,,-1))*100"
2026-08-19,4.19,4.35,4.65,5.19,-5.999999999999961,4.6894004084185585,74.44192367208137,4.562539682539683,46.0,-14.000000000000146,1.8031923680631914,-0.7049379017848785,94.04761904761905,21.03174603174603,0.932,0.187,10.000000000000053,=(D420-D419)*100,=STDEV.S(F400:F420),=G420*SQRT(252),=AVERAGE(D358:D420),=(D420-B420)*100,=(2*C420-B420-D420)*100,"=STANDARDIZE(D420,AVERAGE(D169:D420),STDEV.S(D169:D420))","=STANDARDIZE(J420,AVERAGE(J169:J420),STDEV.S(J169:J420))","=COUNTIF(D169:D420,""<=""&D420)/COUNT(D169:D420)*100","=COUNTIF(J169:J420,""<=""&J420)/COUNT(J169:J420)*100","=PERCENTRANK.INC(D169:D420,D420)","=PERCENTRANK.INC(J169:J420,J420)","=(D420-XLOOKUP(EDATE(A420,-1),$A$2:$A$451,$D$2:$D$451,,-1))*100"
2026-08-20,4.19,4.39,4.69,5.23,4.0000000000000036,4.6894004084185585,74.44192367208137,4.564444444444444,50.0,-10.000000000000142,1.9791395841815678,-0.3116078320055292,97.22222222222221,33.730158730158735,0.964,0.298,9.000000000000075,=(D421-D420)*100,=STDEV.S(F401:F421),=G421*SQRT(252),=AVERAGE(D359:D421),=(D421-B421)*100,=(2*C421-B421-D421)*100,"=STANDARDIZE(D421,AVERAGE(D170:D421),STDEV.S(D170:D421))","=STANDARDIZE(J421,AVERAGE(J170:J421),STDEV.S(J170:J421))","=COUNTIF(D170:D421,""<=""&D421)/COUNT(D170:D421)*100","=COUNTIF(J170:J421,""<=""&J421)/COUNT(J170:J421)*100","=PERCENTRANK.INC(D170:D421,D421)","=PERCENTRANK.INC(J170:J421,J421)","=(D421-XLOOKUP(EDATE(A421,-1),$A$2:$A$451,$D$2:$D$451,,-1))*100"
2026-08-21,4.24,4.43,4.74,5.27,4.999999999999982,4.735881272643073,75.1797845168499,4.567142857142858,50.0,-12.0000000000001,2.194988860947062,-0.30962993361016017,99.60317460317461,34.12698412698413,0.996,0.298,11.000000000000032,=(D422-D421)*100,=STDEV.S(F402:F422),=G422*SQRT(252),=AVERAGE(D360:D422),=(D422-B422)*100,=(2*C422-B422-D422)*100,"=STANDARDIZE(D422,AVERAGE(D171:D422),STDEV.S(D171:D422))","=STANDARDIZE(J422,AVERAGE(J171:J422),STDEV.S(J171:J422))","=COUNTIF(D171:D422,""<=""&D422)/COUNT(D171:D422)*100","=COUNTIF(J171:J422,""<=""&J422)/COUNT(J171:J422)*100","=PERCENTRANK.INC(D171:D422,D422)","=PERCENTRANK.INC(J171:J422,J422)","=(D422-XLOOKUP(EDATE(A422,-1),$A$2:$A$451,$D$2:$D$451,,-1))*100"
2026-08-24,4.24,4.41,4.7,5.23,-4.0000000000000036,4.800793585191828,76.21023553303054,4.569365079365078,46.0,-12.00000000000001,1.976635583311892,-0.696133043466527,97.61904761904762,21.428571428571427,0.968,0.187,0.9999999999999787,=(D423-D422)*100,=STDEV.S(F403:F423),=G423*SQRT(252),=AVERAGE(D361:D423),=(D423-B423)*100,=(2*C423-B423-D423)*100,"=STANDARDIZE(D423,AVERAGE(D172:D423),STDEV.S(D172:D423))","=STANDARDIZE(J423,AVERAGE(J172:J423),STDEV.S(J172:J423))","=COUNTIF(D172:D423,""<=""&D423)/COUNT(D172:D423)*100","=COUNTIF(J172:J423,""<=""&J423)/COUNT(J172:J423)*100","=PERCENTRANK.INC(D172:D423,D423)","=PERCENTRANK.INC(J172:J423,J423)","=(D423-XLOOKUP(EDATE(A423,-1),$A$2:$A$451,$D$2:$D$451,,-1))*100"
2026-08-25,4.17,4.35,4.64,5.17,-6.00000000000005,4.903837175887779,77.84600182411423,4.571587301587301,46.99999999999997,-11.000000000000032,1.6714838406708132,-0.5954416324071016,91.66666666666666,23.809523809523807,0.916,0.215,-5.000000000000071,=(D424-D423)*100,=STDEV.S(F404:F424),=G424*SQRT(252),=AVERAGE(D362:D424),=(D424-B424)*100,=(2*C424-B424-D424)*100,"=STANDARDIZE(D424,AVERAGE(D173:D424),STDEV.S(D173:D424))","=STANDARDIZE(J424,AVERAGE(J173:J424),STDEV.S(J173:J424))","=COUNTIF(D173:D424,""<=""&D424)/COUNT(D173:D424)*100","=COUNTIF(J173:J424,""<=""&J424)/COUNT(J173:J424)*100","=PERCENTRANK.INC(D173:D424,D424)","=PERCENTRANK.INC(J173:J424,J424)","=(D424-XLOOKUP(EDATE(A424,-1),$A$2:$A$451,$D$2:$D$451,,-1))*100"
2026-08-26,4.19,4.37,4.66,5.18,2.000000000000046,4.836370146140199,76.77499592966447,4.5744444444444445,46.99999999999997,-11.000000000000032,1.7492385603992973,-0.5910416097232518,92.85714285714286,24.206349206349206,0.928,0.215,-3.000000000000025,=(D425-D424)*100,=STDEV.S(F405:F425),=G425*SQRT(252),=AVERAGE(D363:D425),=(D425-B425)*100,=(2*C425-B425-D425)*100,"=STANDARDIZE(D425,AVERAGE(D174:D425),STDEV.S(D174:D425))","=STANDARDIZE(J425,AVERAGE(J174:J425),STDEV.S(J174:J425))","=COUNTIF(D174:D425,""<=""&D425)/COUNT(D174:D425)*100","=COUNTIF(J174:J425,""<=""&J425)/COUNT(J174:J425)*100","=PERCENTRANK.INC(D174:D425,D425)","=PERCENTRANK.INC(J174:J425,J425)","=(D425-XLOOKUP(EDATE(A425,-1),$A$2:$A$451,$D$2:$D$451,,-1))*100"
2026-08-27,4.2,4.38,4.67,5.19,0.9999999999999787,4.658325879540847,73.94863081896786,4.577936507936508,46.99999999999997,-11.000000000000032,1.778266759195245,-0.587582908650518,94.04761904761905,24.6031746031746,0.928,0.215,1.9999999999999574,=(D426-D425)*100,=STDEV.S(F406:F426),=G426*SQRT(252),=AVERAGE(D364:D426),=(D426-B426)*100,=(2*C426-B426-D426)*100,"=STANDARDIZE(D426,AVERAGE(D175:D426),STDEV.S(D175:D426))","=STANDARDIZE(J426,AVERAGE(J175:J426),STDEV.S(J175:J426))","=COUNTIF(D175:D426,""<=""&D426)/COUNT(D175:D426)*100","=COUNTIF(J175:J426,""<=""&J426)/COUNT(J175:J426)*100","=PERCENTRANK.INC(D175:D426,D426)","=PERCENTRANK.INC(J175:J426,J426)","=(D426-XLOOKUP(EDATE(A426,-1),$A$2:$A$451,$D$2:$D$451,,-1))*100"
2026-08-28,4.34,4.48,4.73,5.22,6.00000000000005,4.836370146140205,76.77499592966457,4.582380952380953,39.00000000000006,-10.999999999999943,2.0371433776646195,-1.3555472070086272,99.20634920634922,11.507936507936508,0.992,0.107,12.00000000000001,=(D427-D426)*100,=STDEV.S(F407:F427),=G427*SQRT(252),=AVERAGE(D365:D427),=(D427-B427)*100,=(2*C427-B427-D427)*100,"=STANDARDIZE(D427,AVERAGE(D176:D427),STDEV.S(D176:D427))","=STANDARDIZE(J427,AVERAGE(J176:J427),STDEV.S(J176:J427))","=COUNTIF(D176:D427,""<=""&D427)/COUNT(D176:D427)*100","=COUNTIF(J176:J427,""<=""&J427)/COUNT(J176:J427)*100","=PERCENTRANK.INC(D176:D427,D427)","=PERCENTRANK.INC(J176:J427,J427)","=(D427-XLOOKUP(EDATE(A427,-1),$A$2:$A$451,$D$2:$D$451,,-1))*100"
2026-08-31,4.34,4.49,4.75,5.25,1.9999999999999574,4.604345773288537,73.09172319763712,4.5868253968253985,41.000000000000014,-10.999999999999943,2.103194223313467,-1.1517600146040374,100.0,15.079365079365079,0.996,0.135,0.0,=(D428-D427)*100,=STDEV.S(F408:F428),=G428*SQRT(252),=AVERAGE(D366:D428),=(D428-B428)*100,=(2*C428-B428-D428)*100,"=STANDARDIZE(D428,AVERAGE(D177:D428),STDEV.S(D177:D428))","=STANDARDIZE(J428,AVERAGE(J177:J428),STDEV.S(J177:J428))","=COUNTIF(D177:D428,""<=""&D428)/COUNT(D177:D428)*100","=COUNTIF(J177:J428,""<=""&J428)/COUNT(J177:J428)*100","=PERCENTRANK.INC(D177:D428,D428)","=PERCENTRANK.INC(J177:J428,J428)","=(D428-XLOOKUP(EDATE(A428,-1),$A$2:$A$451,$D$2:$D$451,,-1))*100"
2026-09-01,4.39,4.55,4.79,5.27,4.0000000000000036,4.533998550633081,71.97499565821457,4.5920634920634935,40.000000000000036,-8.000000000000007,2.2565322296354937,-1.238757538155827,100.0,13.492063492063492,1.0,0.119,4.0000000000000036,=(D429-D428)*100,=STDEV.S(F409:F429),=G429*SQRT(252),=AVERAGE(D367:D429),=(D429-B429)*100,=(2*C429-B429-D429)*100,"=STANDARDIZE(D429,AVERAGE(D178:D429),STDEV.S(D178:D429))","=STANDARDIZE(J429,AVERAGE(J178:J429),STDEV.S(J178:J429))","=COUNTIF(D178:D429,""<=""&D429)/COUNT(D178:D429)*100","=COUNTIF(J178:J429,""<=""&J429)/COUNT(J178:J429)*100","=PERCENTRANK.INC(D178:D429,D429)","=PERCENTRANK.INC(J178:J429,J429)","=(D429-XLOOKUP(EDATE(A429,-1),$A$2:$A$451,$D$2:$D$451,,-1))*100"
2026-09-02,4.39,4.54,4.79,5.27,0.0,4.206004777752421,66.7682559304944,4.596825396825398,40.000000000000036,-9.999999999999964,2.2244129673464386,-1.22872469855391,100.0,13.88888888888889,0.996,0.119,4.0000000000000036,=(D430-D429)*100,=STDEV.S(F410:F430),=G430*SQRT(252),=AVERAGE(D368:D430),=(D430-B430)*100,=(2*C430-B430-D430)*100,"=STANDARDIZE(D430,AVERAGE(D179:D430),STDEV.S(D179:D430))","=STANDARDIZE(J430,AVERAGE(J179:J430),STDEV.S(J179:J430))","=COUNTIF(D179:D430,""<=""&D430)/COUNT(D179:D430)*100","=COUNTIF(J179:J430,""<=""&J430)/COUNT(J179:J430)*100","=PERCENTRANK.INC(D179:D430,D430)","=PERCENTRANK.INC(J179:J430,J430)","=(D430-XLOOKUP(EDATE(A430,-1),$A$2:$A$451,$D$2:$D$451,,-1))*100"
2026-09-03,4.34,4.52,4.77,5.25,-2.000000000000046,4.246567241117623,67.41216507426536,4.601587301587303,42.99999999999997,-7.000000000000028,2.105184454279033,-0.9301297927146231,99.20634920634922,18.650793650793652,0.992,0.175,6.99999999999994,=(D431-D430)*100,=STDEV.S(F411:F431),=G431*SQRT(252),=AVERAGE(D369:D431),=(D431-B431)*100,=(2*C431-B431-D431)*100,"=STANDARDIZE(D431,AVERAGE(D180:D431),STDEV.S(D180:D431))","=STANDARDIZE(J431,AVERAGE(J180:J431),STDEV.S(J180:J431))","=COUNTIF(D180:D431,""<=""&D431)/COUNT(D180:D431)*100","=COUNTIF(J180:J431,""<=""&J431)/COUNT(J180:J431)*100","=PERCENTRANK.INC(D180:D431,D431)","=PERCENTRANK.INC(J180:J431,J431)","=(D431-XLOOKUP(EDATE(A431,-1),$A$2:$A$451,$D$2:$D$451,,-1))*100"
2026-09-04,4.37,4.54,4.78,5.24,1.0000000000000675,4.069046922455287,64.59411737921648,4.6052380952380965,41.000000000000014,-7.000000000000028,2.1217221866872187,-1.115249441356211,99.20634920634922,16.26984126984127,0.992,0.143,15.000000000000036,=(D432-D431)*100,=STDEV.S(F412:F432),=G432*SQRT(252),=AVERAGE(D370:D432),=(D432-B432)*100,=(2*C432-B432-D432)*100,"=STANDARDIZE(D432,AVERAGE(D181:D432),STDEV.S(D181:D432))","=STANDARDIZE(J432,AVERAGE(J181:J432),STDEV.S(J181:J432))","=COUNTIF(D181:D432,""<=""&D432)/COUNT(D181:D432)*100","=COUNTIF(J181:J432,""<=""&J432)/COUNT(J181:J432)*100","=PERCENTRANK.INC(D181:D432,D432)","=PERCENTRANK.INC(J181:J432,J432)","=(D432-XLOOKUP(EDATE(A432,-1),$A$2:$A$451,$D$2:$D$451,,-1))*100"
2026-09-08,4.39,4.57,4.8,5.25,1.9999999999999574,3.9514915809458198,62.72798418568857,4.609047619047619,41.000000000000014,-4.999999999999893,2.1809974684990476,-1.106619242252137,100.0,16.666666666666664,1.0,0.143,14.999999999999947,=(D433-D432)*100,=STDEV.S(F413:F433),=G433*SQRT(252),=AVERAGE(D371:D433),=(D433-B433)*100,=(2*C433-B433-D433)*100,"=STANDARDIZE(D433,AVERAGE(D182:D433),STDEV.S(D182:D433))","=STANDARDIZE(J433,AVERAGE(J182:J433),STDEV.S(J182:J433))","=COUNTIF(D182:D433,""<=""&D433)/COUNT(D182:D433)*100","=COUNTIF(J182:J433,""<=""&J433)/COUNT(J182:J433)*100","=PERCENTRANK.INC(D182:D433,D433)","=PERCENTRANK.INC(J182:J433,J433)","=(D433-XLOOKUP(EDATE(A433,-1),$A$2:$A$451,$D$2:$D$451,,-1))*100"
2026-09-09,4.43,4.61,4.83,5.28,3.000000000000025,3.7231579018226966,59.10329940028734,4.613809523809524,40.000000000000036,-3.9999999999999147,2.2816295449491326,-1.1936358557656188,100.0,14.285714285714285,1.0,0.119,17.99999999999997,=(D434-D433)*100,=STDEV.S(F414:F434),=G434*SQRT(252),=AVERAGE(D372:D434),=(D434-B434)*100,=(2*C434-B434-D434)*100,"=STANDARDIZE(D434,AVERAGE(D183:D434),STDEV.S(D183:D434))","=STANDARDIZE(J434,AVERAGE(J183:J434),STDEV.S(J183:J434))","=COUNTIF(D183:D434,""<=""&D434)/COUNT(D183:D434)*100","=COUNTIF(J183:J434,""<=""&J434)/COUNT(J183:J434)*100","=PERCENTRANK.INC(D183:D434,D434)","=PERCENTRANK.INC(J183:J434,J434)","=(D434-XLOOKUP(EDATE(A434,-1),$A$2:$A$451,$D$2:$D$451,,-1))*100"
2026-09-10,4.56,4.75,4.95,5.37,12.00000000000001,4.434174642693362,70.39034024637196,4.620158730158729,39.00000000000006,-0.9999999999999787,2.7602037806014756,-1.279789658584022,100.0,11.904761904761903,1.0,0.107,23.000000000000043,=(D435-D434)*100,=STDEV.S(F415:F435),=G435*SQRT(252),=AVERAGE(D373:D435),=(D435-B435)*100,=(2*C435-B435-D435)*100,"=STANDARDIZE(D435,AVERAGE(D184:D435),STDEV.S(D184:D435))","=STANDARDIZE(J435,AVERAGE(J184:J435),STDEV.S(J184:J435))","=COUNTIF(D184:D435,""<=""&D435)/COUNT(D184:D435)*100","=COUNTIF(J184:J435,""<=""&J435)/COUNT(J184:J435)*100","=PERCENTRANK.INC(D184:D435,D435)","=PERCENTRANK.INC(J184:J435,J435)","=(D435-XLOOKUP(EDATE(A435,-1),$A$2:$A$451,$D$2:$D$451,,-1))*100"
2026-09-11,4.63,4.78,4.96,5.35,0.9999999999999787,4.37416658728647,69.43774189876862,4.628253968253967,33.00000000000001,-2.999999999999936,2.751882687295402,-1.8369671486987056,100.0,3.968253968253968,1.0,0.035,25.99999999999998,=(D436-D435)*100,=STDEV.S(F416:F436),=G436*SQRT(252),=AVERAGE(D374:D436),=(D436-B436)*100,=(2*C436-B436-D436)*100,"=STANDARDIZE(D436,AVERAGE(D185:D436),STDEV.S(D185:D436))","=STANDARDIZE(J436,AVERAGE(J185:J436),STDEV.S(J185:J436))","=COUNTIF(D185:D436,""<=""&D436)/COUNT(D185:D436)*100","=COUNTIF(J185:J436,""<=""&J436)/COUNT(J185:J436)*100","=PERCENTRANK.INC(D185:D436,D436)","=PERCENTRANK.INC(J185:J436,J436)","=(D436-XLOOKUP(EDATE(A436,-1),$A$2:$A$451,$D$2:$D$451,,-1))*100"
2026-09-14,4.65,4.8,4.97,5.34,0.9999999999999787,4.1288762451324565,65.54387843269585,4.636031746031744,31.99999999999994,-2.000000000000046,2.7448214454132565,-1.9118027873187402,100.0,3.968253968253968,1.0,0.035,29.000000000000004,=(D437-D436)*100,=STDEV.S(F417:F437),=G437*SQRT(252),=AVERAGE(D375:D437),=(D437-B437)*100,=(2*C437-B437-D437)*100,"=STANDARDIZE(D437,AVERAGE(D186:D437),STDEV.S(D186:D437))","=STANDARDIZE(J437,AVERAGE(J186:J437),STDEV.S(J186:J437))","=COUNTIF(D186:D437,""<=""&D437)/COUNT(D186:D437)*100","=COUNTIF(J186:J437,""<=""&J437)/COUNT(J186:J437)*100","=PERCENTRANK.INC(D186:D437,D437)","=PERCENTRANK.INC(J186:J437,J437)","=(D437-XLOOKUP(EDATE(A437,-1),$A$2:$A$451,$D$2:$D$451,,-1))*100"
2026-09-15,4.67,4.83,5.0,5.36,3.000000000000025,4.069632017996813,64.60340548299303,4.644444444444443,33.00000000000001,-0.9999999999999787,2.8198661651564905,-1.7993996197072593,100.0,4.761904761904762,1.0,0.039,32.00000000000003,=(D438-D437)*100,=STDEV.S(F418:F438),=G438*SQRT(252),=AVERAGE(D376:D438),=(D438-B438)*100,=(2*C438-B438-D438)*100,"=STANDARDIZE(D438,AVERAGE(D187:D438),STDEV.S(D187:D438))","=STANDARDIZE(J438,AVERAGE(J187:J438),STDEV.S(J187:J438))","=COUNTIF(D187:D438,""<=""&D438)/COUNT(D187:D438)*100","=COUNTIF(J187:J438,""<=""&J438)/COUNT(J187:J438)*100","=PERCENTRANK.INC(D187:D438,D438)","=PERCENTRANK.INC(J187:J438,J438)","=(D438-XLOOKUP(EDATE(A438,-1),$A$2:$A$451,$D$2:$D$451,,-1))*100"
2026-09-16,4.74,4.86,5.01,5.35,0.9999999999999787,4.0308335425342365,63.98749877905851,4.653650793650792,26.999999999999957,-2.999999999999936,2.807873333889583,-2.3311981852166106,100.0,1.1904761904761905,1.0,0.0,33.00000000000001,=(D439-D438)*100,=STDEV.S(F419:F439),=G439*SQRT(252),=AVERAGE(D377:D439),=(D439-B439)*100,=(2*C439-B439-D439)*100,"=STANDARDIZE(D439,AVERAGE(D188:D439),STDEV.S(D188:D439))","=STANDARDIZE(J439,AVERAGE(J188:J439),STDEV.S(J188:J439))","=COUNTIF(D188:D439,""<=""&D439)/COUNT(D188:D439)*100","=COUNTIF(J188:J439,""<=""&J439)/COUNT(J188:J439)*100","=PERCENTRANK.INC(D188:D439,D439)","=PERCENTRANK.INC(J188:J439,J439)","=(D439-XLOOKUP(EDATE(A439,-1),$A$2:$A$451,$D$2:$D$451,,-1))*100"
2026-09-17,4.67,4.78,4.94,5.29,-6.99999999999994,4.403461841605557,69.9027896439048,4.660793650793649,27.000000000000046,-4.999999999999982,2.479279592603525,-2.2976991628995633,98.01587301587301,1.5873015873015872,0.98,0.011,22.000000000000064,=(D440-D439)*100,=STDEV.S(F420:F440),=G440*SQRT(252),=AVERAGE(D378:D440),=(D440-B440)*100,=(2*C440-B440-D440)*100,"=STANDARDIZE(D440,AVERAGE(D189:D440),STDEV.S(D189:D440))","=STANDARDIZE(J440,AVERAGE(J189:J440),STDEV.S(J189:J440))","=COUNTIF(D189:D440,""<=""&D440)/COUNT(D189:D440)*100","=COUNTIF(J189:J440,""<=""&J440)/COUNT(J189:J440)*100","=PERCENTRANK.INC(D189:D440,D440)","=PERCENTRANK.INC(J189:J440,J440)","=(D440-XLOOKUP(EDATE(A440,-1),$A$2:$A$451,$D$2:$D$451,,-1))*100"
2026-09-18,4.76,4.86,5.01,5.34,6.99999999999994,4.267819784654188,67.74953874381731,4.669523809523808,25.0,-4.999999999999893,2.7174968980207885,-2.4424570622821995,100.0,0.3968253968253968,0.996,0.0,29.999999999999982,=(D441-D440)*100,=STDEV.S(F421:F441),=G441*SQRT(252),=AVERAGE(D379:D441),=(D441-B441)*100,=(2*C441-B441-D441)*100,"=STANDARDIZE(D441,AVERAGE(D190:D441),STDEV.S(D190:D441))","=STANDARDIZE(J441,AVERAGE(J190:J441),STDEV.S(J190:J441))","=COUNTIF(D190:D441,""<=""&D441)/COUNT(D190:D441)*100","=COUNTIF(J190:J441,""<=""&J441)/COUNT(J190:J441)*100","=PERCENTRANK.INC(D190:D441,D441)","=PERCENTRANK.INC(J190:J441,J441)","=(D441-XLOOKUP(EDATE(A441,-1),$A$2:$A$451,$D$2:$D$451,,-1))*100"
2026-09-21,4.76,4.83,4.96,5.29,-4.999999999999982,4.4737328613011424,71.01830749884144,4.676666666666666,20.000000000000018,-5.999999999999961,2.4760057030486444,-2.83952139533179,98.4126984126984,0.3968253968253968,0.98,0.0,21.999999999999975,=(D442-D441)*100,=STDEV.S(F422:F442),=G442*SQRT(252),=AVERAGE(D380:D442),=(D442-B442)*100,=(2*C442-B442-D442)*100,"=STANDARDIZE(D442,AVERAGE(D191:D442),STDEV.S(D191:D442))","=STANDARDIZE(J442,AVERAGE(J191:J442),STDEV.S(J191:J442))","=COUNTIF(D191:D442,""<=""&D442)/COUNT(D191:D442)*100","=COUNTIF(J191:J442,""<=""&J442)/COUNT(J191:J442)*100","=PERCENTRANK.INC(D191:D442,D442)","=PERCENTRANK.INC(J191:J442,J442)","=(D442-XLOOKUP(EDATE(A442,-1),$A$2:$A$451,$D$2:$D$451,,-1))*100"
2026-09-22,4.71,4.83,4.96,5.29,0.0,4.3985928485845385,69.82549677589125,4.683968253968253,25.0,-0.9999999999999787,2.437292777701884,-2.3541883771085,98.4126984126984,1.1904761904761905,0.976,0.003,21.999999999999975,=(D443-D442)*100,=STDEV.S(F423:F443),=G443*SQRT(252),=AVERAGE(D381:D443),=(D443-B443)*100,=(2*C443-B443-D443)*100,"=STANDARDIZE(D443,AVERAGE(D192:D443),STDEV.S(D192:D443))","=STANDARDIZE(J443,AVERAGE(J192:J443),STDEV.S(J192:J443))","=COUNTIF(D192:D443,""<=""&D443)/COUNT(D192:D443)*100","=COUNTIF(J192:J443,""<=""&J443)/COUNT(J192:J443)*100","=PERCENTRANK.INC(D192:D443,D443)","=PERCENTRANK.INC(J192:J443,J443)","=(D443-XLOOKUP(EDATE(A443,-1),$A$2:$A$451,$D$2:$D$451,,-1))*100"
2026-09-23,4.85,4.99,5.11,5.4,15.000000000000036,5.191109616220706,82.40631043797563,4.695079365079365,26.000000000000068,2.000000000000046,2.9677775958354156,-2.2329845970291675,100.0,1.5873015873015872,1.0,0.011,37.000000000000014,=(D444-D443)*100,=STDEV.S(F424:F444),=G444*SQRT(252),=AVERAGE(D382:D444),=(D444-B444)*100,=(2*C444-B444-D444)*100,"=STANDARDIZE(D444,AVERAGE(D193:D444),STDEV.S(D193:D444))","=STANDARDIZE(J444,AVERAGE(J193:J444),STDEV.S(J193:J444))","=COUNTIF(D193:D444,""<=""&D444)/COUNT(D193:D444)*100","=COUNTIF(J193:J444,""<=""&J444)/COUNT(J193:J444)*100","=PERCENTRANK.INC(D193:D444,D444)","=PERCENTRANK.INC(J193:J444,J444)","=(D444-XLOOKUP(EDATE(A444,-1),$A$2:$A$451,$D$2:$D$451,,-1))*100"
2026-09-24,4.87,5.03,5.18,5.47,6.99999999999994,4.9655959216535965,78.82639151959192,4.707460317460316,30.99999999999996,1.0000000000000675,3.1637444950447113,-1.7743870432185014,100.0,6.349206349206349,1.0,0.047,47.99999999999996,=(D445-D444)*100,=STDEV.S(F425:F445),=G445*SQRT(252),=AVERAGE(D383:D445),=(D445-B445)*100,=(2*C445-B445-D445)*100,"=STANDARDIZE(D445,AVERAGE(D194:D445),STDEV.S(D194:D445))","=STANDARDIZE(J445,AVERAGE(J194:J445),STDEV.S(J194:J445))","=COUNTIF(D194:D445,""<=""&D445)/COUNT(D194:D445)*100","=COUNTIF(J194:J445,""<=""&J445)/COUNT(J194:J445)*100","=PERCENTRANK.INC(D194:D445,D445)","=PERCENTRANK.INC(J194:J445,J445)","=(D445-XLOOKUP(EDATE(A445,-1),$A$2:$A$451,$D$2:$D$451,,-1))*100"
2026-09-25,4.81,4.98,5.17,5.49,-0.9999999999999787,5.025648501153142,79.77969666525433,4.72,36.00000000000003,-1.9999999999998685,3.0557744464140417,-1.3261747028636994,99.60317460317461,12.698412698412698,0.996,0.111,53.00000000000003,=(D446-D445)*100,=STDEV.S(F426:F446),=G446*SQRT(252),=AVERAGE(D384:D446),=(D446-B446)*100,=(2*C446-B446-D446)*100,"=STANDARDIZE(D446,AVERAGE(D195:D446),STDEV.S(D195:D446))","=STANDARDIZE(J446,AVERAGE(J195:J446),STDEV.S(J195:J446))","=COUNTIF(D195:D446,""<=""&D446)/COUNT(D195:D446)*100","=COUNTIF(J195:J446,""<=""&J446)/COUNT(J195:J446)*100","=PERCENTRANK.INC(D195:D446,D446)","=PERCENTRANK.INC(J195:J446,J446)","=(D446-XLOOKUP(EDATE(A446,-1),$A$2:$A$451,$D$2:$D$451,,-1))*100"
2026-09-28,4.92,5.06,5.24,5.56,7.000000000000028,5.110213861893227,81.1221301495467,4.733650793650793,32.00000000000003,-4.000000000000092,3.23675439644357,-1.6576697694923228,100.0,7.142857142857142,1.0,0.067,50.99999999999998,=(D447-D446)*100,=STDEV.S(F427:F447),=G447*SQRT(252),=AVERAGE(D385:D447),=(D447-B447)*100,=(2*C447-B447-D447)*100,"=STANDARDIZE(D447,AVERAGE(D196:D447),STDEV.S(D196:D447))","=STANDARDIZE(J447,AVERAGE(J196:J447),STDEV.S(J196:J447))","=COUNTIF(D196:D447,""<=""&D447)/COUNT(D196:D447)*100","=COUNTIF(J196:J447,""<=""&J447)/COUNT(J196:J447)*100","=PERCENTRANK.INC(D196:D447,D447)","=PERCENTRANK.INC(J196:J447,J447)","=(D447-XLOOKUP(EDATE(A447,-1),$A$2:$A$451,$D$2:$D$451,,-1))*100"
2026-09-29,4.89,5.06,5.26,5.59,1.9999999999999574,5.055878238437385,80.25957886757188,4.746666666666666,37.000000000000014,-3.000000000000025,3.228231494702096,-1.2147683933146591,100.0,14.285714285714285,1.0,0.131,52.999999999999936,=(D448-D447)*100,=STDEV.S(F428:F448),=G448*SQRT(252),=AVERAGE(D386:D448),=(D448-B448)*100,=(2*C448-B448-D448)*100,"=STANDARDIZE(D448,AVERAGE(D197:D448),STDEV.S(D197:D448))","=STANDARDIZE(J448,AVERAGE(J197:J448),STDEV.S(J197:J448))","=COUNTIF(D197:D448,""<=""&D448)/COUNT(D197:D448)*100","=COUNTIF(J197:J448,""<=""&J448)/COUNT(J197:J448)*100","=PERCENTRANK.INC(D197:D448,D448)","=PERCENTRANK.INC(J197:J448,J448)","=(D448-XLOOKUP(EDATE(A448,-1),$A$2:$A$451,$D$2:$D$451,,-1))*100"
2026-09-30,4.88,5.09,5.29,5.64,3.000000000000025,5.055407288947431,80.25210277618892,4.7595238095238095,41.000000000000014,0.9999999999999787,3.2523556662886772,-0.8625493118841496,100.0,23.015873015873016,1.0,0.203,55.99999999999996,=(D449-D448)*100,=STDEV.S(F429:F449),=G449*SQRT(252),=AVERAGE(D387:D449),=(D449-B449)*100,=(2*C449-B449-D449)*100,"=STANDARDIZE(D449,AVERAGE(D198:D449),STDEV.S(D198:D449))","=STANDARDIZE(J449,AVERAGE(J198:J449),STDEV.S(J198:J449))","=COUNTIF(D198:D449,""<=""&D449)/COUNT(D198:D449)*100","=COUNTIF(J198:J449,""<=""&J449)/COUNT(J198:J449)*100","=PERCENTRANK.INC(D198:D449,D449)","=PERCENTRANK.INC(J198:J449,J449)","=(D449-XLOOKUP(EDATE(A449,-1),$A$2:$A$451,$D$2:$D$451,,-1))*100"
2026-10-01,4.78,5.01,5.24,5.61,-4.999999999999982,5.303637565725186,84.19263625757296,4.771428571428571,46.0,-8.881784197001252e-14,3.0078991203882413,-0.428381343196668,99.20634920634922,30.952380952380953,0.988,0.278,45.000000000000014,=(D450-D449)*100,=STDEV.S(F430:F450),=G450*SQRT(252),=AVERAGE(D388:D450),=(D450-B450)*100,=(2*C450-B450-D450)*100,"=STANDARDIZE(D450,AVERAGE(D199:D450),STDEV.S(D199:D450))","=STANDARDIZE(J450,AVERAGE(J199:J450),STDEV.S(J199:J450))","=COUNTIF(D199:D450,""<=""&D450)/COUNT(D199:D450)*100","=COUNTIF(J199:J450,""<=""&J450)/COUNT(J199:J450)*100","=PERCENTRANK.INC(D199:D450,D450)","=PERCENTRANK.INC(J199:J450,J450)","=(D450-XLOOKUP(EDATE(A450,-1),$A$2:$A$451,$D$2:$D$451,,-1))*100"
2026-10-02,4.83,5.06,5.28,5.63,4.0000000000000036,5.294651389216601,84.04998512789868,4.784126984126985,45.000000000000014,0.9999999999998899,3.075234405274332,-0.5109000465103897,99.60317460317461,28.174603174603174,0.996,0.266,49.00000000000002,=(D451-D450)*100,=STDEV.S(F431:F451),=G451*SQRT(252),=AVERAGE(D389:D451),=(D451-B451)*100,=(2*C451-B451-D451)*100,"=STANDARDIZE(D451,AVERAGE(D200:D451),STDEV.S(D200:D451))","=STANDARDIZE(J451,AVERAGE(J200:J451),STDEV.S(J200:J451))","=COUNTIF(D200:D451,""<=""&D451)/COUNT(D200:D451)*100","=COUNTIF(J200:J451,""<=""&J451)/COUNT(J200:J451)*100","=PERCENTRANK.INC(D200:D451,D451)","=PERCENTRANK.INC(J200:J451,J451)","=(D451-XLOOKUP(EDATE(A451,-1),$A$2:$A$451,$D$2:$D$451,,-1))*100"
