cik,company,form,filed,accession,url,order,category,heading,text
906553,Boyd Gaming Corporation,10-K,2026-02-20,0001437749-26-004908,https://www.sec.gov/Archives/edgar/data/906553/000143774926004908/bgc20251121_10k.htm,1,Risks Related to our Business,Our business is particularly sensitive to reductions in discretionary consumer spending due to inflation and downturns in the economy.,"Consumer demand for entertainment and other amenities at our casino hotel properties is particularly sensitive to downturns in the economy and the corresponding impact on discretionary spending on leisure activities. Changes in discretionary consumer spending or consumer preferences brought about by factors such as inflation, rising interest rates, perceived or actual general economic conditions, effects of declines in consumer confidence in the economy, including any future housing, employment and credit crisis, the impact of high energy and food costs, the increased cost of travel, the potential for bank failures, decreased disposable consumer income and wealth, or fears of war and future acts of terrorism could further reduce customer demand for the amenities that we offer, thus imposing practical limits on pricing and negatively impacting our results of operations and financial condition.
In 2008, we experienced a profound reduction in consumer demand as a result of the economic recession in the U.S. economy, and we are now experiencing the impacts of inflation and other economic factors, which are significantly impacting customer visitations and business revenue. Consumer spending habits changed significantly due to the recession in 2008, and we expect that consumer behavior due to inflation and other economic factors may be similarly altered for an extended period of time. Because our business model relies on consumer expenditures on entertainment, luxury and other discretionary items, an ongoing economic downturn could materially adversely affect our operating results and financial condition."
906553,Boyd Gaming Corporation,10-K,2026-02-20,0001437749-26-004908,https://www.sec.gov/Archives/edgar/data/906553/000143774926004908/bgc20251121_10k.htm,2,Risks Related to our Business,"Failure to maintain the integrity of our information technology systems, protect our internal information, or comply with applicable privacy and data security regulations could adversely affect us.","We rely extensively on our computer systems to process customer transactions, manage customer and employee data, and communicate with third-party vendors and other third parties, and we may also access the internet to use our computer systems. Our operations require that we collect and store customer and employee data, including credit card numbers and other personal information, for various business purposes, including marketing and promotional purposes. Breaches of our security measures or information technology systems or the accidental loss, inadvertent disclosure or unapproved dissemination of proprietary information or sensitive personal information or confidential data about us, or our customers, or our employees, including the potential loss or disclosure of such information as a result of hacking or other cyber-attack, computer virus, fraudulent use by customers, employees or employees of third party vendors, trickery or other forms of deception or unauthorized use, or due to system failure, could expose us, our customers, our employees or other individuals affected to a risk of loss or misuse of this information, result in litigation and potential liability for us, damage our casino or brand names and reputations or otherwise harm our business, financial condition, and results of operations. We rely on proprietary and commercially available systems, software, tools and monitoring to provide security for processing, transmitting, and storing customer information, such as payment card, employee information and other confidential or proprietary information. Our data security measures are reviewed and evaluated regularly; however, they might not protect us against increasingly sophisticated and aggressive threats, and disruptions in our computer systems can occur notwithstanding the data security measures and disaster recovery plans that we have in place. Further, our systems are not fully redundant, and our disaster recovery planning cannot account for all possible scenarios. The cost and operational consequences of implementing further data security measures could be significant.
Any loss, disclosure of, misappropriation of, or access to customers’ or other personal, proprietary information or any other breach of our information security could result in extensive legal proceedings or legal claims, including regulatory investigations and actions, or liability for failure to comply with state or federal privacy and information security laws, including for failure to protect personal information or for misusing personal information, which could disrupt our operations, cause extensive damage to our reputation, and expose us to legal claims from customers, financial institutions, regulators, payment card associations, employees, and other persons, any of which could have an adverse effect on our financial condition, results of operations, and cash flow.
Additionally, the collection of customer and employee personal information imposes various privacy compliance-related obligations on our business and increases the risks associated with a breach or failure of the integrity of our information technology systems. The collection and use of personal data are governed by privacy laws and regulations enacted by the various states, the United States federal government, and various foreign jurisdictions. Privacy laws and regulations continue to evolve and on occasion may be inconsistent between jurisdictions. For example, the California Consumer Privacy Act of 2018 (as amended by the California Privacy Rights Act of 2020, collectively, the ""CCPA""), provides to California consumers certain access, deletion and opt-out rights related to their personal information, imposes civil penalties for violations and affords, in certain cases, a private right of action for data breaches. Compliance with the CCPA may require us to incur significant costs and expenses. Similar laws have been passed or proposed in other states and at a federal level, reflecting a trend toward more stringent privacy legislation in the United States. In addition to fines and penalties that may be imposed for failure to comply with state law, some states provide for private rights of action to customers for misuse of or unauthorized access to personal information.
Compliance with privacy laws and regulations may increase our operating costs and/or adversely impact our ability to market our products, properties, and services to our customers. In addition, non-compliance with applicable privacy laws and regulations by us (or in some circumstances non-compliance by third-party service providers engaged by us) may also result in damage to our reputation, vulnerabilities that could be exploited to breach our systems and/or subject us to fines, payment of damages, lawsuits or restrictions on our use or transfer of personal information."
906553,Boyd Gaming Corporation,10-K,2026-02-20,0001437749-26-004908,https://www.sec.gov/Archives/edgar/data/906553/000143774926004908/bgc20251121_10k.htm,3,Risks Related to our Business,"Our technology infrastructure is critical to the performance of our digital gaming operations, and any system failures, errors, defects, or disruptions could adversely affect our operations.","Our technology infrastructure is critical to the performance of our digital gaming operations and to user satisfaction, and we rely significantly on our computer systems and software to receive and properly process internal and external data. Our systems may not be adequate to avoid performance delays or outages that could be harmful to our online business. In addition, while we believe we have taken appropriate steps to protect our systems, we cannot guarantee that the measures we take to prevent cyberattacks and to protect our systems will be sufficient to ensure uninterrupted operation of our digital platform and provide absolute security. We may be subject to website disruptions, outages, and other performance problems due to a variety of factors, including infrastructure changes, human or software errors and capacity constraints. Disruptions from unauthorized access to, fraudulent manipulation of, or tampering with our computer systems and technological infrastructure, or those of third parties that provide support to our operations, could result in a wide range of negative outcomes, each of which could materially affect the operation of our online business and our financial condition, results of operations and prospects.
Additionally, our computer systems and software may contain faults, errors, bugs, flaws or corrupted data, and these defects may affect our online offerings or cause systemic shutdowns. These types of issues could disrupt our operations or render a product unavailable. Inaccessibility or intermittent problems with our products could make users less likely to return to our digital platform as often, if at all, or to recommend our offerings to other potential users.
If our systems are damaged, breached, attacked, interrupted, or otherwise cease to function properly, we may be required to make significant investments to repair or replace them and may experience loss or corruption of critical data as well as suffer interruptions in our business operations in the interim."
906553,Boyd Gaming Corporation,10-K,2026-02-20,0001437749-26-004908,https://www.sec.gov/Archives/edgar/data/906553/000143774926004908/bgc20251121_10k.htm,4,Risks Related to our Business,"Intense competition exists in the gaming industry, and we expect competition to continue to intensify.","The gaming industry is highly competitive for both customers and employees, including those at the management level. We compete with numerous gaming entertainment properties. We also compete with other non-gaming resorts and vacation destinations and with various other casino and entertainment businesses, including online gaming websites and mobile applications, and could compete with any new forms of gaming that may be legalized in the future. For example, there has been recent expansion of sports betting in various states with legislation allowing for sports betting in casinos and/or online. Expansion of traditional and online gaming in jurisdictions where we do not operate could create additional competition. The casino entertainment business is characterized by competitors that vary considerably in their size, type of facilities, number of operations, brand identities, marketing and growth strategies, financial strength and capabilities, amenities, management talent and geographic diversity. We face competition from nearby markets in addition to direct competition within our market areas.
With fewer new markets opening for development, competition in existing markets has also intensified in recent years. We and our competitors have invested in expanding existing facilities, developing new facilities, and acquiring established facilities in existing markets. This expansion of existing casino entertainment properties, the increase in the number of properties and the aggressive marketing strategies of many of our competitors have increased competition in many markets in which we compete, and we expect this to continue. Additionally, competition may intensify if our competitors commit additional resources to aggressive pricing and promotional activities to attract customers.
We also compete with legalized gaming from casinos located on Native American tribal lands. Expansion of Native American gaming in areas located near our properties, or in areas in or near those from which we draw our customers, could have an adverse effect on our operating results.
In addition, we also compete to some extent with other forms of gaming on both a local and national level, including state-sponsored lotteries, charitable gaming, video gaming terminals at bars, restaurants, taverns and truck stops, on-and off-track wagering, and other forms of entertainment, including motion pictures, sporting events and other recreational activities. These secondary competitors could reduce the number of visitors to our facilities or the amount they are willing to wager, which could have a material adverse effect on our ability to generate revenue or maintain our profitability and cash flows.
If our competitors operate more successfully than we do, if they attract customers away from us as a result of aggressive pricing and promotion, if they are more successful than us in attracting and retaining employees, if their properties are enhanced or expanded, if they operate in jurisdictions that give them operating advantages due to differences or changes in gaming regulations or taxes, or if additional hotels and casinos are established in and around the locations in which we conduct business, we may lose market share or the ability to attract or retain employees. In particular, the expansion of casino gaming in or near any geographic area from which we attract or expect to attract a significant number of our customers could have a significant adverse effect on our business, financial condition and results of operations.
In addition, increased competition may require us to make substantial capital expenditures to maintain and enhance the competitive positions of our properties, including updating slot machines to reflect changing technology, refurbishing public service areas periodically, replacing obsolete equipment on an ongoing basis and making other expenditures to increase the attractiveness and add to the appeal of our facilities. There can be no assurance that we will have sufficient funds to undertake these expenditures or that we will be able to obtain sufficient financing to fund such expenditures. If we are unable to make such expenditures, our competitive position could be materially adversely affected."
906553,Boyd Gaming Corporation,10-K,2026-02-20,0001437749-26-004908,https://www.sec.gov/Archives/edgar/data/906553/000143774926004908/bgc20251121_10k.htm,5,Risks Related to our Business,"We may incur impairments to goodwill, indefinite-lived intangible assets, or long-lived assets.","In accordance with the authoritative accounting guidance for goodwill and other intangible assets, we test our goodwill and indefinite-lived intangible assets for impairment annually or if a triggering event occurs. We also test our long-lived assets for impairment if a triggering event occurs. We perform our annual impairment testing for goodwill and indefinite-lived intangible assets as of October 1. Impairment charges of $128.4 million, $10.5 million and $107.8 million were recorded as a result of our 2025, 2024 and 2023 impairment tests and triggering event reviews, respectively.
If our estimates of projected cash flows related to our assets are not achieved, we may be subject to future impairment charges, which could have a material adverse impact on our consolidated financial statements."
906553,Boyd Gaming Corporation,10-K,2026-02-20,0001437749-26-004908,https://www.sec.gov/Archives/edgar/data/906553/000143774926004908/bgc20251121_10k.htm,6,Risks Related to the Regulation of our Industry,"We are subject to extensive governmental regulation, including federal, state and local laws affecting business in general, which may harm our business.","Our ownership, management and operation of gaming facilities are subject to extensive laws, regulations and ordinances, which are administered by various federal, state and local government entities and agencies. We are subject to regulations that apply specifically to the gaming industry, horse racetracks and casinos, including regulation with respect to gambling, live racing, and approval standards applicable to our directors, officers, key employees, joint venture partners and certain shareholders. We are also subject to regulations applicable to businesses generally, including regulation with respect to alcoholic beverages, smoking, currency transactions, taxation, zoning and building codes, anti-money laundering and marketing and advertising. A more detailed description of the governmental gaming regulations to which we are subject is filed as Exhibit 99.1 herewith. If significant additional or differing gaming regulations are adopted in a jurisdiction in which we operate, such regulations could impose restrictions or costs that could have an adverse effect on us. From time to time, various proposals are introduced in the legislatures of some of the jurisdictions in which we have existing or planned operations that, if enacted, could adversely affect the tax, regulatory, operational or other aspects of the gaming industry and our company. Additionally, some regulatory authorities have adopted laws and policies regarding climate considerations, emissions, and water usage. Such requirements could result in increased costs related to regulatory compliance, including potential additional capital expenditures.
We can give no assurance that any additional licenses, permits and approvals that may be required will be granted or that existing ones will be renewed. Renewal is subject to, among other things, continued satisfaction of suitability requirements. Any failure to renew or maintain our licenses or to receive new licenses when necessary could have a material adverse effect on us."
906553,Boyd Gaming Corporation,10-K,2026-02-20,0001437749-26-004908,https://www.sec.gov/Archives/edgar/data/906553/000143774926004908/bgc20251121_10k.htm,7,Risks Related to the Regulation of our Industry,"We are subject to extensive taxation policies, which may harm our business.","From time-to-time, federal, state, and local legislators and officials have proposed changes in tax laws, or in the administration of such laws, affecting the gaming industry. For example, the federal government has considered a federal tax on casino revenues. In addition, worsening economic conditions could intensify the efforts of state and local governments to raise revenues through increases in gaming taxes, property taxes and/or by authorizing additional gaming properties each subject to payment of a new license fee. It is not possible to determine with certainty the likelihood of changes in the applicability or administration of such laws. Such changes, if adopted, could have a material adverse effect on our financial condition, results of operations, and cash flows.
In addition, gaming companies are often subject to significant revenue-based taxes and fees, in addition to normal federal, state and local corporate income taxes. Such taxes and fees are subject to increase at any time and increases may be retroactive to prior years. A material increase in state and local taxes and fees could cause our business, financial condition and results of operations to be adversely affected."
906553,Boyd Gaming Corporation,10-K,2026-02-20,0001437749-26-004908,https://www.sec.gov/Archives/edgar/data/906553/000143774926004908/bgc20251121_10k.htm,8,Risks Related to our Properties,"We own real property and are subject to extensive environmental regulation, which creates uncertainty regarding future environmental expenditures and liabilities and could affect our ability to develop, sell or rent our property or to borrow money using such property as collateral.","We are subject to various federal, state and local environmental laws, ordinances and regulations, including those governing discharges into air and water, the generation, handling and disposal of petroleum products, hazardous substances and wastes, and the health and safety of our employees. For example, our horse racing operations are subject to oversight by the Environmental Protection Agency (""EPA""), which includes regulations governing concentrated animal feeding operations and the related processing of animal wastewater. Permits may be required for us to conduct business on our properties, and these permits are subject to renewal, modification and, potentially, revocation.
In addition, under environmental laws, ordinances and regulations, a current or previous owner or operator of property may be liable for the costs of investigation and removal or remediation of some kinds of hazardous substances or petroleum products on, under, or in its property, without regard to whether the owner or operator knew of, or caused, the presence of the contaminants, and regardless of whether the practices that resulted in the contamination were legal at the time they occurred. Additionally, as an owner or operator, we could also be held responsible to a government entity or third parties for property damage, personal injury and investigation and cleanup costs incurred by them in connection with any contamination. The costs of investigation, remediation or removal of those substances may be substantial, and the presence of those substances, or the failure to remediate a property properly, may impair our ability to use our property.
The presence of, or failure to remediate properly, such substances may adversely affect the ability to sell or rent the property or to borrow funds using the property as collateral. Additionally, the owner of a site may be subject to claims by third parties based on damages and costs resulting from environmental contamination emanating from a site.
Future developments regarding environmental matters could lead to material costs of environmental compliance for us, and such costs could have a material adverse effect on our business and financial condition, operating results and cash flows."
906553,Boyd Gaming Corporation,10-K,2026-02-20,0001437749-26-004908,https://www.sec.gov/Archives/edgar/data/906553/000143774926004908/bgc20251121_10k.htm,9,Risks Related to our Properties,Our operations could be impacted by extreme weather conditions.,"Certain of our properties are located in areas that may be subject to extreme weather conditions, including, but not limited to, hurricanes, floods, tornadoes, wildfires, and winter storms. Extreme weather conditions may interrupt our operations, damage our properties and reduce the number of customers who visit our facilities in the affected areas.
Our properties in Illinois, Indiana, Iowa, Kansas, Louisiana, Missouri, Ohio and Pennsylvania are at risk of experiencing snowstorms, tornadoes and flooding.
Snowstorms and other adverse weather conditions have interrupted our operations, damaged our properties and reduced the number of customers who visit our facilities in an affected area. Likewise, some of our properties have been forced to close for extended periods due to floods and hurricanes, and certain of our properties are in areas that have been identified by the director of the Federal Emergency Management Agency (""FEMA"") as a special flood hazard area. If there is a prolonged disruption at any of our properties due to natural disasters or other catastrophic weather events, our business, results of operations and financial condition could be materially adversely affected. In addition, the operations of critical suppliers could be negatively impacted by severe weather conditions, which could adversely affect our business.
There can be no assurance that we will be able to fully collect under our insurance coverage on any claims resulting from extreme weather conditions. If any of our properties are damaged or if our operations are disrupted because of extreme weather, or if extreme weather adversely impacts general economic or other conditions in the areas in which our properties are located or from which we draw our patrons, our business, financial condition and results of operations could be materially adversely affected."
906553,Boyd Gaming Corporation,10-K,2026-02-20,0001437749-26-004908,https://www.sec.gov/Archives/edgar/data/906553/000143774926004908/bgc20251121_10k.htm,10,Risks Related to our Properties,"We draw a significant percentage of our customers from certain geographic regions. Events adversely impacting the economy of these regions, including public health outbreaks and man-made or natural disasters, may adversely impact our business.","The California, Fremont and Main Street Station draw a substantial portion of their customers from the Hawaiian market, with such customers historically comprising approximately half of the room nights sold at each property. Decreases in discretionary consumer spending, as well as an increase in fuel costs or transportation prices, a decrease in airplane seat availability, or a deterioration of relations with tour and travel agents, particularly as they affect travel between the Hawaiian market and our facilities, could adversely affect our business, financial condition and results of operations."
906553,Boyd Gaming Corporation,10-K,2026-02-20,0001437749-26-004908,https://www.sec.gov/Archives/edgar/data/906553/000143774926004908/bgc20251121_10k.htm,11,Risks Related to our Properties,"Our facilities, including our riverboats and dockside facilities, are subject to risks relating to mechanical failure and regulatory compliance.","Generally, all of our facilities are subject to the risk that operations could be halted for a temporary or extended period of time due to casualty, forces of nature, mechanical failure, or extended or extraordinary maintenance, among other causes.
We currently conduct our Par-A-Dice, Blue Chip, Sam's Town Shreveport, Amelia Belle and Belterra Resort gaming operations on riverboats. Each of our riverboats must comply with the United States Coast Guard (""USCG"") requirements as to boat design, on-board facilities, equipment, personnel and safety. Each riverboat must hold a Certificate of Inspection for stabilization and flotation and may also be subject to local zoning codes. The USCG requirements establish design standards, set limits on the operation of the vessels and require individual licensing of all personnel involved in the operation of the vessels. Loss of a vessel's Certificate of Inspection would preclude its use as a casino."
906553,Boyd Gaming Corporation,10-K,2026-02-20,0001437749-26-004908,https://www.sec.gov/Archives/edgar/data/906553/000143774926004908/bgc20251121_10k.htm,12,Risks Related to our Properties,"Some of our hotels and casinos are located on leased property. If we default on one or more leases, the applicable lessors could terminate the affected leases, and we could lose possession of the affected hotel and/or casino.","We lease certain property on which our hotels and gaming facilities are located. As a lessee, we have the right to use the leased land, including the structures on such land; however, we do not retain fee ownership in the property. Accordingly, we have no interest in the land or improvements thereon at the expiration of the lease. Moreover, since we do not completely control the land underlying such property, a landowner could take certain actions to disrupt our rights in the land leased under a long-term lease. While such interruption is unlikely, such events are beyond our control. If the entity owning any property chose to disrupt our use either permanently or for a significant period of time, then the value of our assets could be impaired and our business, financial condition and results of operations could be adversely affected. If we were to default on any one or more of these leases, the applicable lessors could terminate the affected leases, and we could lose possession of the affected property, including the underlying land, hotels and casinos. This could have a material adverse effect on our business, financial condition and results of operations. In addition, if some of our leased facilities are unprofitable, we could remain obligated for lease payments and other obligations under the leases even if we withdrew from those locations."
906553,Boyd Gaming Corporation,10-K,2026-02-20,0001437749-26-004908,https://www.sec.gov/Archives/edgar/data/906553/000143774926004908/bgc20251121_10k.htm,13,Risks Related to our Indebtedness,"We have incurred a significant amount of indebtedness in the past and may incur significant indebtedness in the future, which could adversely affect our business and financial condition.","In the past, we have incurred significant indebtedness to fund the growth and development of our business. We and our subsidiaries had approximately $2.1 billion of long-term debt on a consolidated basis as of December 31, 2025, which approximately $0.2 billion was outstanding under the Credit Facility (as defined below in ""Management's Discussion and Analysis of Financial Condition and Results of Operations - Liquidity and Capital Resources - Indebtedness""), and excluded approximately $12.7 million in aggregate outstanding letters of credit. In addition, an aggregate amount of approximately $1,276.6 million was available for borrowing under the Revolving Credit Facility (as defined below in ""Management's Discussion and Analysis of Financial Condition and Results of Operations - Liquidity and Capital Resources - Indebtedness"") as of December 31, 2025.
We and our subsidiaries may incur substantial additional indebtedness in the future, including under our Credit Facility or in connection with expansion, development, investment or other strategic initiatives. Our future ability to satisfy any debt obligations is subject, to some extent, to financial, market, competitive, legislative, regulatory, and other factors that are beyond our control. If new debt is added to our consolidated debt levels, the risks associated with our indebtedness could increase, and substantial debt obligations could have negative consequences to our business, including increasing our vulnerability to adverse economic or industry conditions and requiring us to dedicate a significant portion of our cash flows to debt service rather than to operating or growth initiatives.
The terms of our Credit Facility and other debt instruments do not fully prohibit us or our subsidiaries from incurring additional indebtedness, and borrowings under the Credit Facility could be effectively senior to other indebtedness to the extent of the value of the collateral securing such borrowings.
Note 7, Long-Term Debt, included in the notes to our audited consolidated financial statements presented in Part II, Item 8, contains further disclosure regarding our current outstanding debt. In addition, Note 16, Subsequent Events, includes further disclosure regarding our Amended and Restated Credit Agreement entered into on January 21, 2026."
906553,Boyd Gaming Corporation,10-K,2026-02-20,0001437749-26-004908,https://www.sec.gov/Archives/edgar/data/906553/000143774926004908/bgc20251121_10k.htm,14,Risks Related to our Indebtedness,"The restrictive covenants in our Credit Facility and other debt instruments may limit our operational and financial flexibility, and failure to comply with these covenants could adversely impact our business.","Our current debt instruments contain, and any future debt instruments are likely to contain, a number of restrictive covenants that impose significant operating and financial restrictions on us. These covenants restrict our ability to, among other things: incur additional debt, including providing guarantees or credit support; incur liens securing indebtedness or other obligations; make certain investments; dispose of assets; make certain acquisitions; pay dividends or make distributions and make other restricted payments; enter into sale and leaseback transactions; engage in new businesses; and enter into transactions with our stockholders and our affiliates.
In addition, our Credit Facility contains certain financial covenants, including, without limitation, covenants requiring us to maintain: (i) a minimum consolidated interest coverage ratio on a quarterly basis of 2.50 to 1.00, and (ii) a maximum Consolidated Total Net Leverage Ratio (""CTNL Ratio"") on a quarterly basis. The CTNL Ratio is calculated as Consolidated Net Indebtedness to twelve-month trailing Consolidated EBITDA, as defined by the Credit Agreement and must be no higher than 4.50 to 1.00. Our Credit Facility also imposes limitations on the incurrence of indebtedness and liens, transfers, sales and other dispositions, and restrictions on investments, dividends and certain other payments.
Failure to comply with these covenants could result in an event of default, which, if not cured or waived, could result in the acceleration of our indebtedness and have a significant adverse effect on our business, results of operations and financial condition."
906553,Boyd Gaming Corporation,10-K,2026-02-20,0001437749-26-004908,https://www.sec.gov/Archives/edgar/data/906553/000143774926004908/bgc20251121_10k.htm,15,Risks Related to our Indebtedness,We require a significant amount of cash to service our debt. Our ability to generate cash depends on many factors beyond our control.,"Our ability to make payments, refinance, or otherwise service our indebtedness and to fund planned capital expenditures and expansion efforts depends on our ability to generate cash. This, to a certain extent, is subject to general economic, financial, competitive, legislative, regulatory and other factors that are beyond our control, including interest rates.
Our business may not generate sufficient cash flows from operations, and future borrowings may not be available to us under the Credit Facility in amounts sufficient for us to retire our current indebtedness as such indebtedness matures and to fund our other liquidity needs. If our cash flows from operations are insufficient, or if access to capital under our Credit Facility or other financing sources is limited, we may be required to refinance all or a portion of our indebtedness as it matures or seek alternative sources of liquidity. There can be no assurance that refinancing or other financing will be available on commercially reasonable terms, or at all. In such circumstances, we may be required to adjust our operating plans, including by reducing or delaying capital expenditures, disposing of assets, or pursuing alternative financing arrangements. In addition, certain state laws contain restrictions on the ability of companies engaged in the gaming business to undertake certain financing transactions. Such restrictions may prevent us from obtaining the necessary capital to meet our current repayment obligations."
906553,Boyd Gaming Corporation,10-K,2026-02-20,0001437749-26-004908,https://www.sec.gov/Archives/edgar/data/906553/000143774926004908/bgc20251121_10k.htm,16,Risks Related to our Indebtedness,"Current and future economic, capital and credit market conditions could adversely affect our ability to service our indebtedness and other financial commitments or make planned expenditures.","Our ability to make payments on our indebtedness and other financial commitments, including the rent payments under our leases, and to fund planned or committed capital expenditures and other investments depends on our ability to generate cash flow, borrow under the Credit Facility or incur new indebtedness. Capital market volatility and prevailing high interest rates increases our cost of capital. Additionally, borrowings under certain of our facilities are at variable rates of interest and expose us to interest rate volatility. If interest rates increase, our debt service obligations on certain of our variable rate indebtedness will increase even though the amount borrowed remains the same. Our ability to timely refinance and replace our indebtedness on attractive terms or at all will be significantly influenced by the economic and capital market conditions at the time of such refinancing. If we are unable to refinance our indebtedness on a timely basis or if attractive financing terms are not available to us, we might be forced to seek alternate forms of financing, dispose of certain assets or minimize capital expenditures and other investments. There is no assurance that any of these alternatives would be available to us, if at all, on satisfactory terms."
906553,Boyd Gaming Corporation,10-K,2026-02-20,0001437749-26-004908,https://www.sec.gov/Archives/edgar/data/906553/000143774926004908/bgc20251121_10k.htm,17,Risks Related to our Indebtedness,"We are required to pay a substantial amount of rent pursuant to our Master Lease agreements with GLPI, which impacts free cash flow and could limit our ability to invest in our operations or seek additional development or strategic opportunities.","We lease the real estate of Ameristar Kansas City, Ameristar St. Charles, Belterra Resort and Belterra Park (each an ""OpCo,"" and collectively the ""OpCos"") from GLPI, pursuant to two triple net REIT Master Leases (the ""Master Leases""). Current annual rent under the Master Leases is $113.8 million, with rental increases over time. The Master Leases also include substantial additional obligations that may require future uses of free cash flow, including obligations to maintain and repair the properties and minimum annual capital investment requirements. The Master Leases also provide that we assume the risk of loss with respect to any casualty or condemnation event, and we may be required to repair or rebuild the facility in such event.
These obligations, should the circumstances arise, could significantly impact free cash flow and adversely impact our ability to invest in our operations or seek additional development or strategic opportunities. For example, our obligations under the Master Leases may limit our ability to:
•
prepay or repay our long-term debt or to obtain additional indebtedness;
•
fund working capital, capital expenditures and other general corporate activities; and
Any of the above listed factors could have a material adverse effect on our business, financial condition and results of operations."
906553,Boyd Gaming Corporation,10-K,2026-02-20,0001437749-26-004908,https://www.sec.gov/Archives/edgar/data/906553/000143774926004908/bgc20251121_10k.htm,18,Risks Related to our Equity Ownership,Certain of our stockholders own large interests in our capital stock and may significantly influence our affairs.,"Marianne Boyd Johnson, our Chairman, together with her immediate family, beneficially owned approximately 30% of the Company's outstanding shares of common stock as of December 31, 2025. As such, the Boyd family could significantly influence our affairs, including electing the members of our Board of Directors and, except as otherwise provided by law, approving or disapproving other matters submitted to a vote of our stockholders, including a merger, consolidation, or sale of assets."
94845,Levi Strauss & Co.,10-K,2026-01-28,0000094845-26-000008,https://www.sec.gov/Archives/edgar/data/94845/000009484526000008/lvis-20251130.htm,1,Risks Relating to Macroeconomic Conditions and Our Industry,"Global economic conditions have had, and will likely continue to have, an adverse effect on our business, operating results and financial condition.","Global economic conditions have impacted, and will likely continue to impact, businesses around the world, including ours. Macroeconomic pressures, including inflation, container shipping disruptions, fluctuations in foreign currency exchange rates, changes in trade policies, and competition for and price volatility of resources created a complex and challenging environment for us in fiscal year 2025 and may continue to impact us in the future. We continue to pursue ways to mitigate these pressures; however, if we are unable to fully mitigate the pressures, our revenue, operating margins and net income will be impacted in fiscal year 2026.
In addition, the following factors attributable to uncertain or deteriorating economic and financial market conditions could have a material adverse effect on our business, operating results and financial condition:
•Our sales are impacted by discretionary spending by consumers. Declines in consumer spending have resulted and in the future may result in reduced demand for our products, increased inventories, reduced orders from retailers for our products, order cancellations, lower revenues, higher discounts, pricing pressure and lower gross margins.
•We may be unable to access financing in the credit and capital markets at reasonable rates.
•We conduct transactions in various currencies, which creates exposure to fluctuations in foreign currency exchange rates relative to the U.S. Dollar. Volatility in the markets and exchange rates for foreign currencies and contracts in foreign currencies has had and may in the future have a significant impact on our reported operating results and financial condition.
•Continued volatility in the availability and prices for commodities and raw materials we use in our products and in our supply chain (such as cotton) could have a material adverse effect on our costs, gross margins and profitability.
•The current domestic and international political environment, including volatile trade relations, conflicts in multiple locations, and the related disruption to shipping lanes and civil unrest have resulted in uncertainty surrounding the future state of the global economy. There is uncertainty with respect to potential further changes in trade policy and regulations, sanctions and export controls, which increase volatility in the global economy and foreign currency exchange rates. This environment has affected and may continue to affect production and distribution lead times, increasing our costs and potentially affecting our ability to meet customer demand. If these disruptions persist, they may require us to modify our current sourcing practices, which may impact our product costs, and, if not mitigated, could have a material adverse effect on our business and results of operations.
•Trade policies and regulations, such as new, increased, or continuing uncertainty concerning tariffs or other trade restrictions may also increase the costs for imported materials and finished goods. Any resulting increase in prices we charge for our goods could negatively impact demand for our products, our sales and results of operations. Further, increases in consumer expenses more generally, may reduce discretionary spending and heighten price sensitivity, which could similarly negatively impact the demand for our products, our sales, and results of operations.
•If retailers of our products experience declining revenues or have trouble obtaining financing in the capital and credit markets to purchase our products, this could result in reduced orders for our products, order cancellations, late retailer payments, extended payment terms, higher accounts receivable, reduced cash flows, greater expense associated with collection efforts and increased bad debt expense. In addition, if retailers of our products experience severe financial difficulty, some may become insolvent and cease business operations, which could negatively impact our sales and results of operations. If contract manufacturers of our products or other participants in our supply chain experience difficulty obtaining financing in the capital and credit markets to purchase raw materials or to finance capital
equipment and other general working capital needs, it may result in delays or non-delivery of shipments of our products.
In uncertain economic environments, we cannot predict whether or when such circumstances may improve or worsen, or what impact, if any, such circumstances could have on our business, results of operations, cash flows and financial position."
94845,Levi Strauss & Co.,10-K,2026-01-28,0000094845-26-000008,https://www.sec.gov/Archives/edgar/data/94845/000009484526000008/lvis-20251130.htm,2,Risks Relating to Macroeconomic Conditions and Our Industry,"We are a global company with significant revenues and earnings generated internationally, which exposes us to the impact of foreign currency fluctuations, as well as political and economic risks.","A significant portion of our revenues and earnings are generated internationally. In addition, a substantial amount of our products comes from sources outside the country of distribution. As a result, we are both directly and indirectly (through our suppliers) subject to the risks of doing business outside the United States, including:
•currency fluctuations, which have impacted our results of operations significantly in prior years;
•political, economic and social instability;
•changes in trade and tax policies, laws and regulations;
•inflationary pressures;
•regulatory restrictions on our ability to operate in our preferred manner;
•rapidly changing regulatory restrictions and requirements, including in the areas of data privacy and security, artificial intelligence, sustainability and responses to climate change, which could result in regulatory uncertainty as well as potential significant increases in compliance costs; and
•less protective foreign laws relating to intellectual property.
Global conditions and events, such as the ongoing wars in multiple locations across the globe, as well as economic sanctions and other measures imposed in response thereto, have caused and continue to cause disruption, instability and volatility in global markets.
The functional currency for most of our foreign operations is the applicable local currency. As a result, fluctuations in foreign currency exchange rates affect the results of our operations and the value of our foreign assets and liabilities, including debt, which in turn may adversely affect results of operations and cash flows and the comparability of period-to-period results of operations. Changes in foreign currency exchange rates also affect the relative prices at which we and competitors sell products in the same market. Foreign governmental policies and actions regarding currency valuation could result in actions by the United States and other countries to offset the effects of such fluctuations. The unpredictability and volatility of foreign currency exchange rates have adversely impacted our businesses and financial results in the past and ongoing or unusual volatility may continue to adversely impact us.
Furthermore, due to our global operations, we are subject to numerous domestic and foreign laws and regulations affecting our business, such as those related to labor, employment, worker health and safety, antitrust and competition, environmental protection, consumer protection, privacy, and anti-corruption, including but not limited to the Foreign Corrupt Practices Act (the “FCPA”) and the U.K. Bribery Act. We have put into place policies and procedures for our employees, contractors, and agents aimed at ensuring legal and regulatory compliance. Violations of these regulations could subject us to criminal or civil enforcement actions, any of which could have an adverse effect on our business."
94845,Levi Strauss & Co.,10-K,2026-01-28,0000094845-26-000008,https://www.sec.gov/Archives/edgar/data/94845/000009484526000008/lvis-20251130.htm,3,Risks Relating to Macroeconomic Conditions and Our Industry,We may be adversely affected by the financial health of our customers.,"We extend credit to our customers based on an assessment of a customer’s financial condition, generally without requiring collateral. We also offer certain customers the opportunity to place orders ahead of delivery, which have in the past and may in the future be canceled upon certain conditions, and the risk of cancellation may increase when dealing with financially unstable retailers or retailers struggling with economic uncertainty. In the past, some customers have experienced financial difficulties up to and including bankruptcies, which have had an adverse effect on our sales, our ability to collect on receivables and our financial condition. When the retail economy weakens or as consumer behavior shifts, retailers may be more cautious with orders. A slowing or changing economy in our key markets could adversely affect the financial health of our customers, which in turn could have an adverse effect on our results of operations and financial condition. In addition, product sales are dependent in part on high quality merchandising and an appealing retail environment to attract consumers, which requires continuing investments by retailers. Retailers that experience financial difficulties may fail to make such investments or delay them, resulting in lower sales and orders for our products. The ongoing financial uncertainty, particularly for retailers, could also have an effect on our sales, our ability to collect on receivables and our financial condition."
94845,Levi Strauss & Co.,10-K,2026-01-28,0000094845-26-000008,https://www.sec.gov/Archives/edgar/data/94845/000009484526000008/lvis-20251130.htm,4,Risks Relating to Macroeconomic Conditions and Our Industry,Extreme weather conditions and natural disasters could negatively impact our operating results and financial condition.,"Extreme weather conditions in the areas in which our retail stores, suppliers, manufacturers, customers, distribution centers, offices, headquarters, and vendors are located could adversely affect our operating results and financial condition. Moreover, natural disasters such as earthquakes, hurricanes, wildfires and tsunamis, whether occurring in the United States or abroad, and their related consequences and effects, including energy shortages and public health issues, have in the past temporarily disrupted, and could in the future disrupt, our operations, the shipping channels we use, the operations of and the shipping channels used by our vendors, manufacturers and other suppliers of raw materials and other goods. Such events have in the past resulted in, and in the future could result in, economic instability that may negatively impact our operating results and financial condition, including due to resulting increases in costs. In particular, if a natural disaster or severe weather event were to occur in an area in which we or our suppliers, manufacturers, customers, distribution centers or vendors are located, our business could be negatively affected. The impact would depend, in part, on the safety and availability of the relevant personnel and facilities, as well as the proper functioning of our or third parties’ disaster relief operations, including computer, network, telecommunication and other systems and operations. In addition, a natural disaster or severe weather event could negatively impact retail traffic to our stores or stores that carry our products or wholesale or DTC fulfillment and could have an adverse impact on consumer spending, any of which could in turn result in negative point-of-sale trends for our merchandise. Natural disasters or severe weather events in regions that produce key raw materials or other inputs for our products, may drive up the prices of those raw materials or constrain the availability of raw materials, adversely affecting our cost of goods. Further, climate change may increase both the frequency and severity of extreme weather conditions and natural disasters, which may affect our business operations, either in a particular region or globally, and the shipping channels we use, as well as the activities of and the shipping channels used by our third-party vendors and other suppliers, manufacturers, and customers. We could incur significant capital expenditures and other costs to improve the climate-related resiliency of our infrastructure and otherwise prepare for, respond to and mitigate the effects of climate change or regulatory mandates related thereto. In addition, the physical changes prompted by climate change could result in changes in consumer preferences, production capabilities, the productivity of our contract manufacturers, higher insurance premiums and deductibles and the availability of raw materials and costs, which could in turn affect our business, operating results, and financial condition.
If we were to experience a local or regional disaster, including near our California global headquarters, or other business continuity event or concurrent events, we could experience operational challenges, depending upon how a local or regional event may affect our human capital across our operations or regarding particular aspects of our operations, such as key executive officers or personnel. Further, if we are unable to find alternative suppliers or shipping channels, replace capacity at key manufacturing or distribution locations or quickly repair damage to our information technology systems and networks, including the Internet and third-party services, or supply systems, we could be late in delivering, or be unable to deliver, products to our customers. These events could result in reputational damage, lost sales, cancellation charges or markdowns, all of which could have an adverse effect on our business, results of operations and financial condition."
94845,Levi Strauss & Co.,10-K,2026-01-28,0000094845-26-000008,https://www.sec.gov/Archives/edgar/data/94845/000009484526000008/lvis-20251130.htm,5,Risks Relating to Macroeconomic Conditions and Our Industry,"Public health crises and a future outbreak of a highly infectious or contagious disease, pandemic or epidemic have had and could in the future have an adverse effect on our business and results of operations.","Pandemics, such as COVID-19, pose a risk to our business and financial performance, including our ability to execute our near-term and long-term business strategies and initiatives in the expected time frame. The extent of the impact of a pandemic or other health crisis on our business will depend on several factors, including the duration, spread and severity of the pandemic or health crisis, which are uncertain and cannot be predicted, and on the requirements to take action to help limit the spread of the illness and the availability, widespread distribution and acceptance of vaccines and treatments for the pandemic.
A significant outbreak or resurgence of global or regional health events, and attendant responses by governments, private sector actors and individual consumers, could contribute to a recession, depression, or global economic downturn, reduce store
traffic and consumer spending, result in temporary or permanent closures of retail locations, offices, distribution centers and factories, and could negatively impact the flow of goods. As with the COVID-19 pandemic, such events could cause health officials to impose guidance, mandates, or recommendations which may result in temporary closures and limited working hours of retail locations, restrictions on physical store capacity, minimum physical distancing requirements, and other workforce disruptions. In addition, a global or regional health event could adversely impact our supply chain if the factories that manufacture our products, the distribution centers where we manage our inventory, or the operations of our logistics and other service providers are disrupted, temporarily closed, or experience worker shortages. A global pandemic could also negatively impact our brand by reducing consumer willingness to visit stores, malls, and lifestyle centers, and employee willingness to staff our stores and return to office, and may also cause long-term changes to logistics and supply chain, healthcare costs, workforce productivity, and consumer shopping behavior, preferences, and demand for our products, all of which may have a material adverse effect on our business."
94845,Levi Strauss & Co.,10-K,2026-01-28,0000094845-26-000008,https://www.sec.gov/Archives/edgar/data/94845/000009484526000008/lvis-20251130.htm,6,Risks Relating to Our Business and Operations,Our success depends on our ability to maintain the value and reputation of our brands.,"Our success depends in large part on the value, overall health and reputation of our brands, which are integral to our business and the implementation of our “Brand Led” strategy for expanding our business. Maintaining, promoting and positioning our brands will depend largely on the success of our marketing, design and merchandising efforts and our ability to provide consistent, high-quality products supported by engaging marketing campaigns and adapting to rapidly changing media environments, including our increasing reliance on social media and digital dissemination of advertising campaigns. Our brands and reputation could be adversely affected if we fail to achieve these objectives, if we fail to deliver high-quality products acceptable to our customers and consumers or if we face or mishandle a product recall.
Our brand value also depends on our ability to maintain a positive consumer perception of our brands, corporate integrity and culture. Negative claims or publicity involving us or our products, our cobranding or collaboration partners, the production methods, materials or locations of any of our suppliers or contract manufacturers, consumer data or any of our key employees, endorsers or suppliers could seriously damage our reputation, sales and brand image, regardless of whether such claims or publicity are accurate. Social media, which accelerates and potentially amplifies the scope of negative claims or publicity, can increase the challenges of responding to negative claims or publicity. In addition, the Company, the Levi Strauss Foundation, our senior executives and the descendants of the family of our founder, Levi Strauss, may from time to time take positions or actions (including internal programs) or make statements on or charitable donations to social issues, including donations to the Levi Strauss Foundation (which is not one of our consolidated entities), that may be unpopular with some consumers or customers, which may result in adverse publicity or impact our ability to attract or retain such consumers or customers, and which could adversely impact our results in certain locations. In addition, actions taken or statements made by recipients of such charitable donations could also seriously harm our brand image with consumers. Any harm to our brands and reputation could adversely affect our business and financial condition. Additionally, people or groups who oppose these positions or statements may cause disruptions to our business operations. Adverse publicity, regardless of its accuracy, could undermine consumer confidence in our brands and reduce long-term demand for our products.
The appeal of our brands may also depend on the success of our corporate sustainability initiatives, which require company-wide coordination and alignment on managing related risks and costs and may ultimately not be successful. Risks related to our corporate sustainability initiatives include increased public focus, including by governmental and nongovernmental organizations, on these and other environmental sustainability matters, including packaging and waste, animal welfare and land use. Moreover, because of the increased focus from our stakeholders, including consumers, employees and investors, and more recently regulatory organizations, on corporate sustainability practices, there is an increased risk of negative public reaction to, public backlash against and increased pressure on disclosure related to our initiatives, products or practices related to corporate sustainability or social issues that could have an adverse impact on our image, reputation, business operations and financial results. Risks also include increased pressure and regulatory requirements to expand our disclosures in these areas, make commitments, set targets or establish additional goals and take actions to meet them, which could expose us to business, legal, market, reputational, operational and execution costs or risks. The metrics we disclose, such as emissions and water usage, whether they be based on the standards we set for ourselves or those set by others, may influence our reputation and the value of our brand. In addition, as we work to align with the recommendations and requirements of various ratings and disclosure organizations and new and evolving regulations, we will likely expand our disclosures in these areas and, as a result, we may face increased scrutiny related to our sustainability activities. Our failure to achieve progress on our metrics on a timely basis, or at all, could adversely affect our business, financial performance and growth. We could damage our reputation and the value of our brand if we fail to act responsibly in the areas in which we report. Any harm to our reputation resulting from setting these metrics, expanding our disclosure or our failure or perceived failure to meet such metrics or disclosures could adversely affect our business, financial performance and growth."
94845,Levi Strauss & Co.,10-K,2026-01-28,0000094845-26-000008,https://www.sec.gov/Archives/edgar/data/94845/000009484526000008/lvis-20251130.htm,7,Risks Relating to Our Business and Operations,"We rely on third parties to drive traffic to our platform, and these providers may change their algorithms or pricing, or may be subject to new laws and regulations, in ways that could negatively affect our business, financial condition, cash flows, and results of operations.","Our success depends on our ability to attract customers cost effectively. With respect to our marketing channels, we rely heavily on relationships with providers of online services, search engines, social media and other websites and e-commerce businesses to provide content, advertising banners and other links that direct customers to our websites. We also use social media, including Facebook, Instagram, YouTube and others, as well as affiliate marketing, email, SMS, and direct mail, as part of our multi-channel approach to marketing and we expect that our use of social media for marketing purposes will increase over time. We rely on these relationships to provide significant traffic to our website and as important marketing channels and sources of information regarding potential customers. If digital platforms change or penalize us with their algorithms, terms of service, display and featuring of search results, or if competition increases for advertisements, we may be unable to cost-effectively attract customers. Our relationships with digital platforms are not covered by long-term contractual agreements and do not require any specific performance commitments. In addition, many of the platforms and agencies with whom we have advertising arrangements provide advertising services to other companies, including retailers with whom we compete. As competition for online advertising has increased, the cost for some of these services has also increased. A significant increase in the cost of the marketing providers upon which we rely could adversely impact our ability to attract customers cost effectively and harm our business, financial condition, results of operations and prospects. In addition, laws and regulations governing the use of these platforms and other digital marketing channels are rapidly evolving. It may become more difficult for us or our partners to comply with such laws, and future data privacy laws and regulations or industry standards, as well as related enforcement, may restrict or limit our ability to use some or all of the marketing strategies on which we currently rely. The failure by us, our employees or third parties acting at our direction to abide by applicable laws and regulations in the use of these platforms could adversely impact our reputation or subject us to fines or other penalties."
94845,Levi Strauss & Co.,10-K,2026-01-28,0000094845-26-000008,https://www.sec.gov/Archives/edgar/data/94845/000009484526000008/lvis-20251130.htm,8,Risks Relating to Our Business and Operations,"Failure to continue to obtain or maintain high-quality endorsers of our products, or actions taken by our endorsers, could harm our business.","We establish relationships with artists, designers, musicians, athletes and other public figures to develop, evaluate and promote our products. If we are unable to recruit endorsers with consumer appeal or endorsers were to stop using our products contrary to their endorsement agreements, our business could be adversely affected. In addition, actions taken, allegations of wrongdoing or statements made by our endorsers, associated with our products or brand or otherwise, that harm the reputations of those endorsers or our decisions to cease collaborating with certain endorsers in light of actions taken, allegations of wrongdoing or statements made by them, could also seriously harm our brand image with consumers and, as a result, could have an adverse effect on our business."
94845,Levi Strauss & Co.,10-K,2026-01-28,0000094845-26-000008,https://www.sec.gov/Archives/edgar/data/94845/000009484526000008/lvis-20251130.htm,9,Risks Relating to Our Business and Operations,The success of our business depends upon our ability to forecast and respond timely to consumer demand and market conditions and offer on-trend and new and updated products at attractive price points.,"The global apparel industry is characterized by ever-changing fashion trends and consumer preferences, including the increasing shift to digital brand engagement and social media communication, and by the rapid replication of new products by competitors. The apparel industry is also impacted by changing consumer preferences regarding spending categories generally, including shifts away from traditional consumer spending and towards ""experiential"" spending and sustainable products. As a result, our success depends in large part on our ability to efficiently and effectively develop, market and deliver innovative and stylish products at a pace, intensity and price competitive with other brands in the markets in which we sell our products while reducing costs associated with the related processes. In addition, we must create products at a range of price points that appeal to the consumers of both our wholesale customers and our dedicated retail stores and e-commerce sites situated in each of our diverse geographic regions. Our development and production cycles take place prior to full visibility into all of these factors for the coming seasons. Failure on our part to forecast and respond timely to consumer demand and market conditions and to regularly and rapidly develop innovative and stylish products and update core products could limit sales growth, adversely affect retail and consumer acceptance of our products and negatively impact the consumer traffic in our dedicated retail stores. Moreover, our newer products may not produce as high a gross margin as our traditional products and thus may have an adverse effect on our overall margins and profitability.
In addition, if we fail to accurately forecast consumer demand, we may experience excess inventory levels, which may result in inventory write-downs and the sale of excess inventory at discounted prices. This could have an adverse effect on the image and reputation of our brands and could adversely affect our gross margins. For example, if sales do not meet expectations because of unexpected effects on inventory supply and consumer demand, too much inventory may cause excessive markdowns and, therefore, lower-than-planned margins. Conversely, if we underestimate consumer demand for our products, we may
experience inventory shortages, which could delay shipments to customers, negatively impact retailer and consumer relationships and diminish brand reputation and loyalty.
Port congestion, inventory delays, labor shortages, and storage and process capacity pressures have impacted our ability to service consumer and wholesale customer demand and could impact it again in the future. Uneven flow of receipts and shipments has caused and may continue to cause capacity pressures within our distribution centers and result in higher costs and limit our ability to fulfill our consumers’ and wholesale customers’ demand on a timely basis or at all. In the event these supply chain disruptions reoccur, our business, operating results and financial condition may be adversely affected."
94845,Levi Strauss & Co.,10-K,2026-01-28,0000094845-26-000008,https://www.sec.gov/Archives/edgar/data/94845/000009484526000008/lvis-20251130.htm,10,Risks Relating to Our Business and Operations,We depend on a group of key wholesale customers for a significant portion of our revenues. A significant adverse change in a customer relationship or in a customer’s performance or financial position could harm our business and financial condition.,"Sales to our top ten wholesale customers accounted for 24%, 25% and 27% of our total net revenues in fiscal years 2025, 2024 and 2023, respectively. No single customer represented 10% or more of our net revenues in any of these years. While we have long-standing relationships with our wholesale customers, we do not have long-term contracts with them. As a result, purchases generally occur on an order-by-order basis, and the relationship, as well as particular orders, can generally be terminated by either party at any time. If any major wholesale customer decreases or ceases its purchases from us, cancels its orders, delays or defaults on its payment obligations to us, reduces the floor space, assortments, fixtures or advertising for our products or changes its manner of doing business with us for any reason, such as due to store closures, decreased foot traffic, inflationary pressures or recession, such actions are expected to adversely affect our business and financial condition. In addition, competition between our wholesale customers may impact the prices at which they sell our products, thereby impacting the prices at which they are willing to buy products from us. Furthermore, certain of our major wholesale customers may seek to distribute our products globally in a manner or at prices that are different from our regular or promotional guidelines or impact the positioning that we seek to promote in our other channels of distribution.
A decline in the performance or financial condition of a major wholesale customer—including bankruptcy or liquidation—could result in the adverse impact on revenues and cause us to limit or discontinue business with that customer, require us to assume more credit risk relating to our receivables from that customer or limit our ability to collect amounts related to previous purchases by that customer. Permanent store closures and other developments in these proceedings have adversely affected our sales to these customers. The foregoing may have an adverse effect on our business and financial condition."
94845,Levi Strauss & Co.,10-K,2026-01-28,0000094845-26-000008,https://www.sec.gov/Archives/edgar/data/94845/000009484526000008/lvis-20251130.htm,11,Risks Relating to Our Business and Operations,"Our efforts to expand our retail business may not be successful, which could impact our operating results.","We may not be able to implement important strategic initiatives in accordance with our expectations or that generate expected returns, which may result in an adverse impact on our business and financial results. One of our key strategic priorities is our “DTC First” strategy, which includes our plan to become a leading world-class omni-channel retailer by expanding our consumer reach in brand-dedicated stores globally, including making selective investments in company-operated stores and e-commerce sites, and other brand-dedicated store models. In many locations, we face major, established retail competitors that may be able to better attract consumers and execute their retail strategies. In addition, a retail operating model involves substantial ongoing investments in property, equipment, information systems, inventory and personnel. Due to the high fixed-cost structure associated with these investments, a decline in sales or the closure of or poor performance of stores, including as a result of general declines in the macroeconomic environment, could result in significant costs and impacts to our margins and impairment charges. Our ability to grow our retail channel also depends on the availability and cost of real estate that meets our criteria for foot traffic, square footage, demographics and other factors. Failure to identify and secure adequate new locations, or failure to effectively manage the profitability of the fleet of stores, could have an adverse effect on our results of operations. Our DTC First strategy depends on our ability to successfully drive expansion of our gross margins, manage and leverage our cost structure and drive return on our investments. If we cannot effectively execute our strategy while managing costs effectively, our business could be negatively impacted and we may not achieve our expected results of operations.
In addition, our investments in consumer, digital, and omni-channel shopping initiatives may not deliver the results we anticipate. These initiatives involve significant investments in IT systems, data science and artificial intelligence initiatives, and significant operational changes. Our competitors are also investing in omni-channel initiatives, some of which may be more successful than our initiatives. If the implementation of our consumer, digital and omni-channel initiatives is not successful, or we do not realize the return on our investments in these initiatives that we anticipate, our operating results would be adversely affected.
Additionally, prioritizing these efforts over other organizational needs or misallocating resources could adversely impact our business and operating results."
94845,Levi Strauss & Co.,10-K,2026-01-28,0000094845-26-000008,https://www.sec.gov/Archives/edgar/data/94845/000009484526000008/lvis-20251130.htm,12,Risks Relating to Our Business and Operations,"If the technology-based systems that give our consumers the ability to shop or interact with us online do not function effectively, our operating results, as well as our ability to grow our digital commerce business globally or to retain our customer base, could be materially adversely affected.","Many of our consumers shop with us through our digital platforms or through third party digital marketplaces on which we operate. Consumer expectations and related competitive pressures have increased and are expected to continue to increase relative to various aspects of our e-commerce business, including speed of product delivery, shipping charges, return privileges and other evolving expectations. Increasingly, consumers are using mobile-based devices and applications to shop online with us and with our competitors, and to do comparison shopping, as well as to engage with us and our competitors through digital services and experiences that are offered on mobile platforms. We are increasingly using social media and proprietary mobile applications to interact with our consumers and as a means to enhance their shopping experience. In addition, customers are increasingly using AI shopping assistant tools to help find products, compare prices and make purchase decisions. Use of these AI tools could transform commerce, including in ways that we fail to anticipate, and affect our ability to efficiently attract potential customers to our digital platforms and retain our customer base. Any failure on our part or on the part of our third-party providers to provide attractive, effective, reliable, secure, user-friendly digital commerce platforms that offer a wide assortment of merchandise with rapid delivery options and that continually meet the changing expectations of online shoppers or any failure to provide attractive digital experiences to our customers could place us at a competitive disadvantage, result in the loss of digital commerce and other sales, harm our reputation with consumers, have an adverse impact on the growth of our digital commerce business globally and have an adverse impact on our business and results of operations. In addition, as use of our digital platforms continues to grow, we will need an increasing amount of technical infrastructure to continue to satisfy our consumers’ needs. If we fail to continue to effectively scale and adapt our digital platforms to accommodate increased consumer demand, our business may be subject to interruptions, delays or failures and consumer demand for our products and digital experiences could decline. Risks specific to our digital commerce business also include diversion of sales from our and our retailers’ brick and mortar stores, difficulty in recreating the in-store experience through direct channels and liability for online content and data, including liability resulting from failure to comply with certain online platform legal or regulatory requirements. Our failure to successfully respond to these risks could adversely affect sales in our digital commerce business, as well as damage our reputation and brands. We are also subject to a variety of laws and regulations that govern the operations and features of our platforms. These include, but are not limited to, laws and regulations imposing specific requirements on consumer opt-outs, notices and mandates for verification of age of minors. The costs of monitoring and responding to such regulations and the consequences of non-compliance could have an adverse effect on our operations or financial condition."
94845,Levi Strauss & Co.,10-K,2026-01-28,0000094845-26-000008,https://www.sec.gov/Archives/edgar/data/94845/000009484526000008/lvis-20251130.htm,13,Risks Relating to Our Business and Operations,We may be unable to maintain or increase our sales through our third-party distribution channels.,"In addition to our brand-dedicated company-operated retail stores and e-commerce sites, our third-party distribution channels include department stores, specialty retailers, mass channel retailers, franchised or other brand-dedicated stores, and shop-in-shops.
We may be unable to maintain or increase sales of our products through these distribution channels for several reasons, including the following:
•the retailers in these channels maintain—and seek to grow—substantial private-label and exclusive offerings as they strive to differentiate the brands and products they offer from those of their competitors;
•the retailers change their apparel strategies in a way that shifts focus away from our typical consumer or that otherwise results in a reduction of sales of our products generally, such as a reduction of fixture spaces devoted to our products or a shift to other brands;
•other channels, including vertically-integrated specialty stores and e-commerce sites, account for a substantial portion of jeanswear and casual wear sales. In some of our mature markets, these stores and sites have placed competitive pressure on our primary distribution channels, and many of these stores and sites are now looking to our developing markets to grow their business; and
•shrinking points of distribution, including fewer doors at our customer locations, store closures and decreased foot traffic due to, among other things, or bankruptcy or financial difficulties of a customer.
Further success by retailer private-labels, vertically-integrated specialty stores and e-commerce sites may continue to adversely affect the sales of our products across all channels, as well as the profitability of our brand-dedicated stores. Additionally, our ability to secure or maintain retail floor space, product display prominence, market share and sales in these channels depends on our ability to offer differentiated products, to increase retailer profitability on our products and the strength of our brands, and such efforts could have an adverse impact on our margins.
In addition, the retail industry in the United States has experienced substantial consolidation over the last decade, and further consolidation may occur. Consolidation in the retail industry has typically resulted in store closures, centralized purchasing decisions and increased emphasis by retailers on inventory management and productivity, which could result in
fewer stores carrying our products or reduced demand by retailers for our products. In addition, we and other suppliers may experience increased customer leverage over us and greater exposure to credit risk as a result of industry consolidation. Furthermore, consolidation may be partly due to consumers continuing to transition away from traditional wholesale retailers to large online retailers, which in turn exposes our products to increased competition and pricing pressure. Any of the foregoing results can impact, and have adversely impacted in the past, our net revenues, margins and ability to operate efficiently."
94845,Levi Strauss & Co.,10-K,2026-01-28,0000094845-26-000008,https://www.sec.gov/Archives/edgar/data/94845/000009484526000008/lvis-20251130.htm,14,Risks Relating to Our Business and Operations,"If we encounter problems with distribution and the operation of company-owned or third-party distribution facilities, our ability to deliver our products to market could be adversely affected.","We rely on both company-owned and third-party distribution facilities to warehouse and ship products to our wholesale customers, retail stores and e-commerce consumers throughout the world. As part of our continued pursuit for improved organizational agility and marketplace responsiveness, we have consolidated the number of distribution facilities we rely upon and continue to look for opportunities for further consolidation in certain regions. These actions may make our operations more vulnerable to interruptions in the event of work stoppages or disruption, labor disputes, such as labor strikes or boycotts, worker shortages, port congestion, pandemics, macroeconomic conditions, geopolitical conflict, the impacts of climate change, earthquakes, floods, fires or other natural disasters affecting these distribution centers or shipping channels. Labor laws in the various jurisdictions where our distribution network operates and inflation impacts on labor costs impact our costs of distribution and increase regulatory complexity for us and the third-parties with whom we partner. In addition, distribution capacity is dependent on proper operating technology and the timely performance of services by third parties, including the transportation of products to and from their distribution facilities, which also may be adversely affected by similar events. Any failure by us or our third-party providers to adapt to these events or to otherwise respond adequately to our distribution needs could disrupt our business.
Our distribution system includes computer-controlled and automated equipment, which may be subject to a number of risks related to data and system security or computer viruses, the proper operation of software and hardware, power interruptions or other system failures. Moreover, some of our current distribution centers rely on aging technology, which in some cases is no longer supported and may inhibit our efficiency as well as increase the likelihood of system interruption or failure.
As part of our ongoing effort to optimize our logistics network, we are continuing to transition the operation of certain of our global distribution and fulfillment centers from owner-operated facilities to third-party logistics providers. This transition has caused, and may continue to cause, interruptions to our business systems and delays in order fulfillment as we transition our systems and technology and restructure our workforce arrangements. We have experienced and may continue at times to experience delays in the adoption or remediation of necessary technology, shortages of labor and capacity constraints and shortfalls. Our lack of system redundancies and inability to efficiently move inventory demands from one distribution center to another, together with our reliance on third-party logistics providers to satisfy a significant percentage of our global distribution and fulfillment needs means we are subject to concentration risks. Any further disruptions, delays, or performance issues at company-owned or third-party distribution facilities could materially affect our ability to timely fulfill orders and manage inventory. If we continue to encounter such problems with our distribution system, our ability to meet customer and consumer expectations, manage inventory, complete sales and achieve operating efficiencies could be further adversely affected."
94845,Levi Strauss & Co.,10-K,2026-01-28,0000094845-26-000008,https://www.sec.gov/Archives/edgar/data/94845/000009484526000008/lvis-20251130.htm,15,Risks Relating to Our Business and Operations,Unexpected obstacles in new markets and in our existing markets may limit our expansion opportunities and cause our business and growth to suffer.,"Our future growth depends in part on our continued expansion efforts in existing markets and in new markets where we may have limited familiarity and experience with regulatory environments and market practices. In particular, one of our key strategies is to further diversify our portfolio and grow market share across geographies, categories, genders and channels. We may not be able to expand or successfully operate in those markets, categories and channels as a result of unfamiliarity or other unexpected barriers to expansion or entry, such as new competitors, cultural and linguistic differences, differences in regulatory environments, labor practices and market practices, economic or governmental instability, difficulties in keeping abreast of market, business and technical developments and differences in consumer tastes and preferences. Our failure to develop our business in new markets or disappointing growth in existing markets that we may experience could harm our business and results of operations."
94845,Levi Strauss & Co.,10-K,2026-01-28,0000094845-26-000008,https://www.sec.gov/Archives/edgar/data/94845/000009484526000008/lvis-20251130.htm,16,Risks Relating to Our Business and Operations,"We may not be able to realize the potential financial or strategic benefits of the transactions we complete, or find suitable target businesses to acquire.","From time to time, we have acquired and may in the future acquire or invest in businesses or partnerships that we believe could complement our business or offer growth opportunities. We expect to make additional acquisitions and strategic investments in the future, but we may not find suitable acquisition or investment targets, or we may not be able to consummate desired acquisitions or investments due to among other things, financial constraints, unfavorable credit markets, commercially unacceptable terms, failure to obtain regulatory approvals, competitive bid dynamics or other risks, which could harm our operating results. Additionally, acquisitions may not be well received by the customers or employees of either company, and
this could hurt our brand and result in the loss of key employees. Acquisitions and strategic investments involve numerous risks, including the diversion of our management’s attention from other business concerns, the possibility that current operating and financial systems and controls may be inadequate to deal with our growth and the potential loss of key employees. We also may encounter difficulties in integrating any businesses we may acquire with our existing operations. The success of these transactions depends on our ability to successfully merge corporate cultures, operations, and financial systems; realize cost reduction synergies; and, as necessary, retain key personnel of acquired companies. In addition, acquisitions and investments may not perform as expected or cause us to assume unrecognized or underestimated liabilities. These activities are complex, costly and time-consuming and pose a number of risks. Any delays or issues encountered in these activities could have an adverse effect on the financial condition of the company.
We may in the future divest certain product lines that no longer fit our long-term strategies. As previously disclosed, we entered into a definitive agreement to sell our Dockers® business. On July 31, 2025, we sold the Dockers® intellectual property and operations in the U.S. and Canada. The sale of the Dockers® Andes, Malaysia and Turkey operations is expected to close on or around January 30, 2026 with the sale of the Europe and Mexico operations expected to close on or around February 27, 2026. Divestitures, including of the Dockers® business, may adversely impact our business, operating results and financial condition if we are unable to achieve the anticipated benefits or cost savings from such divestitures, or if we are unable to offset impacts from the loss of revenue associated with the divested product lines. Further, whether such divestitures are ultimately consummated or not, their pendency could have a number of negative effects on our current business, including increased costs and expenses and potentially disrupting our regular operations, increasing our near-term costs, diverting the attention of our workforce and management team and increasing undesired workforce turnover. It could also disrupt existing business relationships, make it harder to develop new business relationships, or otherwise negatively impact the way that we operate our business.
If we do not manage the foregoing risks, the transactions that we complete or are unable to complete may harm our brand and adversely affect our business, financial condition, and results of operations."
94845,Levi Strauss & Co.,10-K,2026-01-28,0000094845-26-000008,https://www.sec.gov/Archives/edgar/data/94845/000009484526000008/lvis-20251130.htm,17,Risks Relating to Our Business and Operations,We face risks arising from the restructuring of our operations and uncertainty with respect to our ability to achieve any anticipated cost savings associated with such restructuring.,"In the first quarter of fiscal year 2024, we began implementing a multi-year global productivity initiative and restructuring plan, “Project Fuel,” designed to accelerate the execution of our Brand Led and DTC First strategies while fueling long-term profitable growth, with a focus on optimizing our operating model and structure, how we go to market, redesigning business processes and identifying opportunities to reduce costs and simplify processes across our organization. This restructuring plan is substantially complete as of November 30, 2025, although certain aspects, including the transition of operations of certain of our global distribution and fulfillment centers to third-party logistics providers, remain ongoing.
We have in the past and may in the future undertake restructuring initiatives, which have resulted, and may continue to result, in the incurrence of significant additional costs, and our ability to achieve the anticipated cost savings and other benefits from these actions is subject to many estimates and assumptions, which are subject to uncertainties. Risks to successful and timely implementation of these restructuring initiatives include the incurrence of additional costs in the short-term, including workforce reduction costs, costs associated with transitioning functions and processes to new locations, charges for inventory and technology-related write-offs and charges relating to consolidation of excess facilities; failure to accurately assess market opportunities and the technology required to address such opportunities; failure to accurately predict the time and resources necessary to implement our restructuring plan and related go-to-market strategy; actual or perceived disruption to customers, suppliers, distribution networks and other important operational relationships and the inability to resolve potential issues in a timely manner; difficulties transitioning functions and processes to new locations; difficulties transitioning the operation of certain of our global distribution and fulfillment centers to third-party logistics providers including in start up delays and timely delivery of products of acceptable quality; and failure to maintain employee morale, damage to company culture and an increase in employment claims. Because of these and other factors, some of which may not be entirely within our control, we may not fully realize the purpose and anticipated operational benefits, efficiencies or cost savings of any productivity actions in the expected timelines, or at all, and, if we do not, our business and results of operations may be adversely affected. Additionally, prioritizing these efforts over other organizational needs or misallocating resources could adversely impact our business and operating results."
94845,Levi Strauss & Co.,10-K,2026-01-28,0000094845-26-000008,https://www.sec.gov/Archives/edgar/data/94845/000009484526000008/lvis-20251130.htm,18,Risks Relating to Our Business and Operations,Our business is affected by seasonality and other factors that result in fluctuations in our quarterly operating results.,"We experience moderate fluctuations in aggregate sales volume during the year. Historically, revenues in our fourth fiscal quarter have slightly exceeded those in our other three fiscal quarters. In addition, our customers and consumers may cancel orders, change delivery schedules, or change the mix of products ordered with minimal notice. As a result, we may not be able to accurately predict our quarterly sales. Accordingly, our results of operations are likely to fluctuate significantly from period to period. These factors, along with other factors that are beyond our control, such as social or political unrest, pandemics, general economic conditions, changes in consumer preferences, weather conditions, the effects of climate change, the
availability of import quotas, transportation disruptions and foreign currency exchange rate fluctuations, could adversely affect our business and cause our quarterly results of operations to fluctuate."
94845,Levi Strauss & Co.,10-K,2026-01-28,0000094845-26-000008,https://www.sec.gov/Archives/edgar/data/94845/000009484526000008/lvis-20251130.htm,19,Risks Relating to Our Business and Operations,"We rely significantly on information technology and data to operate our business, including our supply chain and retail operations, and any delay or problem with operating or upgrading that technology or data, or those third parties upon which we rely, could cause a disruption to our business and adversely affect our financial results.","We are heavily dependent on information technology systems and networks, including the Internet, third-party services and artificial intelligence, across our supply chain, including product design, production, forecasting, ordering, manufacturing, transportation, marketing, sales (including digital commerce), and distribution, as well as for processing financial information for external and internal reporting purposes, legal, tax and regulatory requirements, retail operations and other business activities. These information technology systems are critical to many of our operating activities and our business processes and may be negatively impacted worldwide by any security incident, service interruption or shutdown.
Over the last several years, we have been implementing and continue to implement modifications and upgrades to our systems, including making changes to legacy systems, replacing legacy systems with successor systems with new functionality, automating processes and acquiring new systems with new functionality. For example, over the next few years, we plan to continue the process of implementing a new ERP system across the company with implementation in the United States completed in 2023 and Europe scheduled to commence in fiscal year 2026. While we are investing significantly in developments to our technology and systems, there is a risk that our investments may ultimately not result in the rate of return we expect. Additionally, we are in the process of transitioning certain of our global distribution and fulfillment facilities to third-party providers. Our ability to effectively manage and maintain our inventory and to ship products to customers on a timely basis, either directly or through our third-party providers, depends significantly on the reliability of their and our technology systems, and we cannot assure that implementing these modifications and upgrades will in the future prevent or protect against all technological problems and security issues or bring about the desired efficiencies and synergies to our operations.
We also use information technology systems to process financial information and results of operations for internal reporting purposes and to comply with regulatory financial reporting, legal and tax requirements. If these systems suffer severe damage, disruption or shutdown and our incident response or business continuity plans, or those of our vendors, do not effectively resolve the issues in a timely manner, we could experience delays in reporting our financial results, which could result in lost revenues and profits, as well as reputational damage. Furthermore, we depend on information technology systems and personal information collection for digital marketing, digital commerce, consumer engagement and the marketing and use of our digital products and services. We also rely on our ability to engage in electronic communications throughout the world between and among our employees as well as with other third parties, including customers, suppliers, vendors and consumers. Any interruption in information technology systems may impede our ability to engage in the digital space and result in lost revenues, damage to our reputation and loss of users.
The failure of our information technology systems and networks to operate effectively or remain innovative, our inability to keep up with rapid technological change (including the successful utilization of data analytics, artificial intelligence and machine learning), third-party software-induced interruptions to our operations and problems with transitioning to upgraded or replacement systems could cause delays in product fulfillment and reduced efficiency of our operations, require significant capital investments, and may have an adverse effect on our reputation, results of operations and financial condition. In addition, the increased use of employee-owned devices for communications, as well as work-from-home arrangements, present additional operational risks to our information technology systems.
Our contracts may not contain limitations of liability, and even where they do, there can be no assurance that limitations of liability in our contracts are sufficient to protect us from liabilities, damages or claims related to our data privacy and security obligations or our use of third-party artificial intelligence. We cannot be sure that our insurance coverage will be adequate or sufficient to protect us from or to mitigate liabilities arising out of our privacy and security practices, that such coverage will continue to be available on commercially reasonable terms or at all or that such coverage will pay future claims. The successful assertion of one or more large claims against us that exceeds available insurance coverage or the occurrence of changes in our insurance policies, including premium increases or the imposition of large deductible or co-insurance requirements, could adversely affect our business, reputation, results of operations and financial condition."
94845,Levi Strauss & Co.,10-K,2026-01-28,0000094845-26-000008,https://www.sec.gov/Archives/edgar/data/94845/000009484526000008/lvis-20251130.htm,20,Risks Relating to Our Business and Operations,"We may be subject to security breaches or other confidential data theft from our systems, which can lead to adverse consequences, including but not limited to regulatory investigations or actions, litigation, fines and penalties, harm to our ability to effectively operate our business, claims that we breached our data privacy or security obligations, harm to our reputation and a loss of customers or sales.","In the ordinary course of our business, we may collect, store, use, transmit, disclose or otherwise process proprietary confidential and sensitive data, including personal information, intellectual property, and trade secrets, and we rely upon third parties (such as service providers) for data processing-related activities. We also rely on third parties for the operation of certain
of our e-commerce websites, and do not control these service providers. As a result, we and the third parties upon which we rely face a variety of evolving threats, including but not limited to ransomware attacks, security breaches, cyber-attacks or other malicious activities by hackers, criminal groups, nation-states and nation-state-sponsored organizations and social-activist organizations, computer viruses or other malicious codes, unauthorized access, phishing attacks, or unauthorized uses, any of which may be irreversible and result in operational problems and security incidents. Given the nature of information collected and processed, the retail industry in particular has been the target of many cyber-attacks, and it is possible that an individual or group could defeat our security measures, or those of a third-party service provider. We have been and will continue to be a target of cyber-attacks, including phishing, and other attempts to breach, or gain unauthorized access to, our systems because of the visibility of our brand, making the secure maintenance of proprietary, confidential and sensitive data critical to our business and reputation. In the future, we may see an increase in the number of such attacks as we have shifted to a hybrid working model under which some employees will continue working remotely and accessing our technology infrastructure remotely.
Our work to integrate, secure and enhance these systems and related processes in our global operations is ongoing and we will continue to invest in these efforts. We may expend significant resources or modify our business activities to try to protect against security incidents. We cannot provide assurance, however, that the measures we take to secure and enhance these systems will be sufficient to prevent security incidents, cyber-attacks, system failures or data or information loss. Cyber-attacks, malicious internet-based activity and online and offline fraud are prevalent and continue to increase in frequency and magnitude. The techniques used to obtain unauthorized, improper or illegal access to our systems, our data or our customers’ data, to disable or degrade service or to sabotage systems, including through the use of artificial intelligence, are constantly evolving, have become increasingly complex and sophisticated, may be difficult to detect quickly and often are not recognized until launched against a target, even if we take all reasonable precautions, including to the extent required by law. In addition to traditional computer “hackers,” threat actors, personnel (such as through theft or misuse), sophisticated nation-states and nation-state supported actors and social-activist organizations now engage in attacks. Furthermore, our efforts to address undesirable activity on our platforms may also increase the risk of retaliatory attack.
We have and may continue to be subject to a variety of evolving threats, including but not limited to social engineering, such as phishing, malicious code (such as viruses and worms), malware (including as a result of advanced persistent threat intrusions), denial-of-service attacks, credential stuffing, personnel misconduct or error, supply-chain attacks, software bugs, server malfunctions and large-scale, complex automated attacks that can evade detection for long periods of time. Future or past business transactions (such as acquisitions or integrations) could expose us to additional cybersecurity risks and vulnerabilities, as our systems could be negatively affected by vulnerabilities present in acquired or integrated entities’ systems and technologies. Ransomware attacks, including those perpetrated by organized criminal threat actors, nation-states and nation-state supported actors and social-activist organizations, are becoming increasingly prevalent and severe and can lead to significant interruptions in our operations, loss of data and income, reputational harm and diversion of funds. In addition, such incidents could result in unauthorized disclosure and misuse of material confidential information, including personal information. Extortion payments may alleviate the negative impact of a ransomware attack, but we may be unwilling or unable to make such payments due to, for example, applicable laws or regulations prohibiting such payments or beliefs that payment may not result in system restoration.
In addition to our own systems, we use third-party service providers to store, transmit and otherwise process information on our behalf, and our third-party service providers are subject to similar cybersecurity risks. Due to applicable laws and regulations or contractual obligations, we may be held responsible for any cybersecurity incident attributed to our service providers as they relate to the information we share with them or to which they are granted access. Although we generally contractually require these service providers to implement and maintain a standard of security (such as implementing reasonable measures) as well as incident response commitments, we cannot control third parties and cannot guarantee that a security breach will not occur in their systems or that we will receive timely information should an incident occur.
Our software or information technology systems, or that of third parties upon whom we rely to operate our business, may have material vulnerabilities and, despite our efforts to identify and remediate these vulnerabilities, our efforts may not be successful or we may experience delays in developing and deploying remedial measures designed to address any such identified vulnerabilities. Actual or perceived vulnerabilities or unauthorized access of our or our service providers’ information technology systems or networks may result in the loss of confidential business and financial data, misappropriation of our consumers’, users’ or employees’ personal information or a disruption of our business. Any of these outcomes could have a material adverse effect on our business, including unwanted media attention, impairment of our consumer and customer relationships, damage to our reputation, and the value of our brands, resulting in lost sales, fines, lawsuits (including class actions), government enforcement actions (for example, investigations, fines, penalties, audits and inspections) or significant legal and remediation expenses. We also may need to expend significant resources to protect against, respond to or redress problems caused by any unauthorized processing."
94845,Levi Strauss & Co.,10-K,2026-01-28,0000094845-26-000008,https://www.sec.gov/Archives/edgar/data/94845/000009484526000008/lvis-20251130.htm,21,Risks Relating to Our Business and Operations,"As we outsource functions, we become more dependent on the entities performing those functions. Disruptions or delays at our third-party service providers could adversely impact our operations.","As part of our long-term profitable growth strategy, we are continually looking for opportunities to provide essential business services in a more cost-effective manner. In some cases, this requires the outsourcing of functions or parts of functions that can be performed more effectively by external service providers. For example, we currently outsource a significant portion of our information technology, finance, customer relations and customer service functions to a third party. We are also in the process of transitioning the operation of certain of our global distribution and fulfillment centers to third-party logistics providers. While we believe we conduct appropriate diligence before entering into agreements with any outsourcing entity, the failure of one or more of such entities to meet our performance standards and expectations, including with respect to data security, compliance with data protection and privacy laws, use of artificial intelligence or related technologies, providing quality services on a timely basis or providing services at the prices we expect, may have an adverse effect on our results of operations or financial condition. We could face increased costs or disruption associated with finding replacement vendors or hiring new employees in order to return these services in-house, which may have a significant impact on our costs, as well as impact the timing of receipt of inventory for future seasons and the shipment of inventory to consumers and customers. Any failures of these vendors to properly deliver their services could similarly have a material effect on our business. We may outsource other functions in the future, which would increase our reliance on third parties."
94845,Levi Strauss & Co.,10-K,2026-01-28,0000094845-26-000008,https://www.sec.gov/Archives/edgar/data/94845/000009484526000008/lvis-20251130.htm,22,Risks Relating to Our Business and Operations,"We currently rely on contract manufacturing of our products. Our inability to secure production sources meeting our quality, cost, social and environmental risk mitigation and other requirements, or failures by our contract manufacturers to perform, could harm our sales, service levels and reputation.","In fiscal year 2025, we sourced nearly all of our products from independent contract manufacturers that purchase fabric and make our products and may also provide us with design and development services. As a result, we must locate and secure production capacity. We depend on contract manufacturers to maintain adequate financial resources, including access to sufficient credit, to secure a sufficient supply of raw materials, and maintain sufficient development and manufacturing capacity in an environment characterized by continuing cost pressure and demands for product innovation and speed-to-market. In addition, we currently do not have any material long-term contracts with any of our contract manufacturers. Under our current arrangements with our contract manufacturers, these manufacturers generally may unilaterally terminate their relationship with us at any time. While we work with numerous contract manufacturers globally, our production has become increasingly concentrated at the factory level within certain manufacturers. As a result, if any such factory experiences operational disruptions, shutdowns or delays, we could be adversely affected compared to our competitors to the extent a significant portion, or even all, of the product volume is contracted by us. In addition, consolidation among our contract manufacturers could further concentrate production or reduce available capacity. Reliance on a smaller number of factories or manufacturers exposes us to increased risk, and any difficulties or failures to perform by our contract manufacturers could cause delays in product shipments or otherwise adversely affect our results of operations.
If our contract manufacturers, or any raw material vendors or suppliers on which our contract manufacturers rely, suffer permanent or prolonged manufacturing or transportation disruptions, including due to macroeconomic conditions, regulatory restrictions, geopolitical conflict, public health conditions, natural disasters, shortages of single-source or other raw materials, or any other unforeseen events, our ability to source product on a timely basis could be adversely impacted, which could adversely affect our results of operations. Also, we have certain minimum inventory purchase commitments, including fabric commitments, with suppliers that secure a portion of material needs for future seasons. If we do not satisfy the minimum purchase commitments, due to conditions such as decreased demand, we may be charged for estimated adverse purchase commitments.
A contract manufacturer’s failure to ship products to us in a timely manner or to meet our quality standards, or interference with our ability to receive or process shipments due to factors such as port or transportation conditions, security incidents or storage and process capacity pressures, could cause us to miss the delivery date requirements of our customers. Failing to make timely deliveries may cause our customers to cancel orders, refuse to accept deliveries, impose non-compliance charges, demand reduced prices or reduce future orders, any of which could harm our sales and margins. If we need to replace any contract manufacturer, we may be unable to locate additional contract manufacturers on terms that are acceptable to us, or at all, or we may be unable to locate additional contract manufacturers with sufficient capacity to meet our requirements or to fill our orders in a timely manner.
We require contract manufacturers to make progress toward our sustainability goals and meet our standards and policies in terms of working conditions, environmental protection, raw materials, facility safety, security and other matters before we are willing to place business with them. As such, we may not be able to obtain the lowest-cost production. We also may need to move our production to the extent that we determine our contract manufacturers are not in compliance with our standards or applicable government standards, sanctions or other restrictions. We may also encounter delays in production and added costs as a result of the time it takes to train our contract manufacturers in our methods, products and quality control standards. In addition, the labor and business practices of apparel manufacturers and their suppliers, including raw material suppliers, have
received increased attention from the media, non-governmental organizations, consumers and governmental agencies in recent years. Any failure by our contract manufacturers or their suppliers to adhere to our code of conduct, labor or other laws, appropriate labor or business practices, safety, structural or environmental standards, and the potential litigation, negative publicity and political pressure relating to any of these events or perceived failures, could harm our reputation and business."
94845,Levi Strauss & Co.,10-K,2026-01-28,0000094845-26-000008,https://www.sec.gov/Archives/edgar/data/94845/000009484526000008/lvis-20251130.htm,23,Risks Relating to Our Business and Operations,"Our suppliers may be impacted by economic conditions and cycles and changing laws and regulatory requirements which could impact their ability to do business with us or cause us to terminate our relationship with them and require us to find replacements, which we may have difficulty doing.","Our suppliers are subject to the fluctuations in general economic cycles, and global economic conditions may impact their ability to operate their businesses. They may also be impacted by the increasing costs or availability of raw materials, including related to inflationary pressures, labor and distribution, resulting in demands for less attractive contract terms or an inability for them to meet our requirements or conduct their own businesses. The performance and financial condition of a supplier and our relationship with that supplier may cause us to absorb costs, to alter our business terms, to incur costs to mitigate risks against and face regulatory challenges, to cease doing business with a particular supplier, or to change our sourcing practices generally, which could in turn adversely affect our business and financial condition.
In addition, regulatory developments such as reporting requirements on the use of “conflict” minerals mined from the Democratic Republic of Congo and adjoining countries, or compliance with sanctions and customs trade orders issued by the U.S. government related to raw materials, goods, entities and individuals connected to a region of China, as well as retaliatory measures or restrictions on critical materials by certain governments, could affect the sourcing and availability of raw materials used by our suppliers in the manufacturing of our products, or distribution of products to the United States. We have been and may continue to be subject to costs associated with these regulations, including for the diligence pertaining to these matters and the cost of remediation and other changes to products, processes, or sources of supply as a consequence of such verification activities. The impact of such regulations may result in a more limited pool of acceptable suppliers, and we cannot be assured that we will be able to obtain products in sufficient quantities or at competitive prices. Also, because our supply chain is complex, we may face regulatory challenges in complying with applicable sanctions and trade regulations, which can conflict with laws of other countries. Such compliance or non-compliance can raise reputational challenges with our consumers and other stakeholders for various reasons, including the inability to sufficiently verify the origins for the material used in the products we sell."
94845,Levi Strauss & Co.,10-K,2026-01-28,0000094845-26-000008,https://www.sec.gov/Archives/edgar/data/94845/000009484526000008/lvis-20251130.htm,24,Risks Relating to Our Business and Operations,The global apparel industry is subject to intense competition and cost and pricing pressure.,"The apparel industry is characterized by low barriers to entry for both suppliers and marketers, global sourcing through suppliers located throughout the world, trade liberalization, continuing movement of product sourcing to lower cost countries, regular promotional activity, and the ongoing emergence of new competitors with widely varying strategies and resources. These factors have contributed, and we expect them to continue to contribute in the future, to intense pricing pressure and uncertainty throughout the supply chain. Macroeconomic pressures around the world such as tariffs, inflation and recession fears are creating a complex and challenging retail environment for us and our customers as consumers reduce discretionary spending. Pricing pressure has been further exacerbated by the variability and availability of raw materials, combined with labor and cost inflation and uncertainty throughout the supply chain. This pressure could have adverse effects on our business and financial condition, including:
•reduced gross margins across our product lines and distribution channels;
•increased retailer demands for allowances, incentives, and other forms of economic support;
•unfavorable consumer reactions to price increases; and
•increased pressure on us to reduce our production costs and operating expenses.
In addition, we compete with other companies in the apparel industry on the basis of investments in technology and adapting to changes in technology, including the successful use of data analytics, artificial intelligence and machine learning."
94845,Levi Strauss & Co.,10-K,2026-01-28,0000094845-26-000008,https://www.sec.gov/Archives/edgar/data/94845/000009484526000008/lvis-20251130.htm,25,Risks Relating to Our Business and Operations,Increases in the price or changes in the availability of raw materials could increase our cost of goods and negatively impact our financial results.,"The majority of our products are made of cotton, where the remaining balance are primarily made of synthetics, cotton/synthetic blends and viscose. The prices we pay our suppliers for our products are dependent in part on the market price for raw materials used to produce them, primarily cotton. The price and availability of cotton may fluctuate substantially, depending on a variety of factors, including demand, acreage devoted to cotton crops and crop yields, climate change, weather, supply conditions, transportation costs, energy prices, work stoppages, government regulation, sanctions and policy, economic climates, market speculation, compliance with our working condition, environmental protection, other standards and other unpredictable factors. For example, compliance with the sanctions and trade orders issued by the United States, Europe and other governments related to raw materials, entities and individuals who are connected to a region of China, as well as
retaliatory measures or restrictions of critical materials by certain governments, could affect the sourcing and availability of raw materials, including cotton, used by our suppliers in the manufacturing of certain of our products and the importation of products from China into the United States. Any and all of these factors may be exacerbated by global climate change. Cotton prices have fluctuated significantly over the past few years and we expect they will continue to experience variability and uncertainty. We do not currently hedge the price of cotton. In the event of a significant disruption or unavailability in the supply of the fabrics, synthetics or other raw materials used by our vendors in the manufacture of our products, our vendors might not be able to locate alternative suppliers of materials of comparable quality at an acceptable price. In addition, prices of purchased finished products also depend on wage rates and energy costs in the regions where our contract manufacturers are located, as well as freight costs from those regions that are in turn affected by crude oil prices. Increases in raw material costs, wage rates, energy costs and freight costs, unless sufficiently offset by our pricing actions, may cause a decrease in our profitability and negatively impact our sales volume. These factors may also have an adverse impact on our cash and working capital needs as well as those of our suppliers."
94845,Levi Strauss & Co.,10-K,2026-01-28,0000094845-26-000008,https://www.sec.gov/Archives/edgar/data/94845/000009484526000008/lvis-20251130.htm,26,Risks Relating to Our Business and Operations,"Our business is subject to risks associated with sourcing and manufacturing overseas, as well as risks associated with tariffs, transportation disruptions or a global trade war.","We import materials and finished garments into all of our operating regions. Our ability to import products in a timely and cost-effective manner may be affected by conditions at ports or issues that otherwise affect transportation and warehousing providers, such as port and shipping capacity, energy costs, labor disputes and work stoppages, political unrest, security incidents, severe weather or security requirements in the United States and other countries. These issues could delay importation of products or require us to locate alternative ports or warehousing providers to avoid disruption to our customers. These alternatives may not be available on short notice or could result in higher transportation costs, which could have an adverse impact on our business and financial condition, specifically our gross margin and overall profitability.
Substantially all of our import operations are subject to complex trade and customs laws, regulations and tax requirements. These laws, regulations, and requirements may include restrictions under applicable sanctions laws and export controls, as well as trade restrictions or tariffs set by governments through mutual agreements or unilateral actions. In addition, the countries in which our products are manufactured or imported may from time to time impose additional duties, tariffs or other trade restrictions on our imports or adversely modify existing restrictions. For example, the U.S. government recently imposed broad “reciprocal” tariffs of 10% or more on goods imported from most U.S. trading partners into the United States, resulting in increased costs of imported materials and inputs from many countries. Adverse changes in import costs and restrictions, including tariffs, or the failure by us or our suppliers to comply with trade regulations or similar laws, could harm our business. In this regard, the current and anticipated future trade policies in the United States and elsewhere have introduced greater uncertainty with respect to future tax and trade regulations. If additional tariffs or trade restrictions are implemented by the United States or other countries, such as retaliatory tariffs, the cost of our products manufactured globally and imported into the United States or other countries could increase, which in turn could adversely affect the demand for these products and have an adverse effect on our business and results of operations."
94845,Levi Strauss & Co.,10-K,2026-01-28,0000094845-26-000008,https://www.sec.gov/Archives/edgar/data/94845/000009484526000008/lvis-20251130.htm,27,Risks Relating to Our Business and Operations,"The loss of high-quality employees, including members of our executive management team and other key employees, or the failure to attract and retain key personnel or maintain our workplace culture could harm our business.","Our future success depends, in part, on the continued service of our high-quality employees, including our executive management team and other key employees, and the loss of the services of any key individual, or any negative perception with respect to these individuals, or our workplace culture or values, could harm our business. Our future success also depends, in part, on our ability to recruit, retain and motivate our employees sufficiently, both to maintain our current business and to execute our strategic initiatives. Competition for experienced and well-qualified employees in our industry is particularly intense in many of the places where we do business, and we may not be successful in attracting and retaining such personnel. Changes to our current and future office environments, adoption of new work models and our business requirements or expectations about when or how often employees work either on-site or remotely may not meet the expectations of our employees. As certain jobs and employers increasingly operate remotely, traditional geographic competition for talent may change in ways that cannot be fully predicted at this time. If our employment proposition is not perceived as favorable compared to other companies’ policies, it could negatively impact our ability to attract, hire and retain our employees. Moreover, shifts in U.S. immigration policy could negatively impact our ability to attract, hire and retain highly skilled employees who are from outside the United States. We believe that our corporate culture has been a key driver of our success. Any failure to preserve and evolve our culture could negatively affect our future success, including our ability to retain and recruit employees.
During the course of fiscal year 2025, we made changes in personnel, including some of our senior leaders. While we have confidence in our team, the uncertainty inherent in leadership transitions and restructuring may be difficult to manage and can disrupt our business. The failure to successfully transition and assimilate key employees generally could adversely affect
our results of operations. To the extent we do not effectively hire, onboard, retain and motivate key employees, our business can be harmed."
94845,Levi Strauss & Co.,10-K,2026-01-28,0000094845-26-000008,https://www.sec.gov/Archives/edgar/data/94845/000009484526000008/lvis-20251130.htm,28,Risks Relating to Our Business and Operations,"Certain employees in our production and distribution facilities are covered by collective bargaining agreements, and any material job actions could negatively affect our results of operations.","In North America, certain of our and our vendors’ distribution employees are covered by various collective bargaining agreements. Outside North America, many of our and our vendors’ production and distribution employees are covered by either industry-sponsored or government-sponsored collective bargaining mechanisms. Any work stoppages or other job actions by these employees, including as a result of our efforts to transition certain distribution and fulfillment centers to third-party logistics providers, could harm our business and reputation.
Additionally, employees in various jurisdictions and countries in which we and our vendors operate are or may eventually become unionized, which could bring about changes to our culture and operating model, increased payroll costs and reduced flexibility under labor regulations, which in turn may negatively impact our business. Furthermore, we could be affected by conflicts between unions which claim representation of our employees that could generate additional payroll costs and labor conflicts. Our responses to any union organizing efforts could also impact how the company and brands are perceived by customers and employees."
94845,Levi Strauss & Co.,10-K,2026-01-28,0000094845-26-000008,https://www.sec.gov/Archives/edgar/data/94845/000009484526000008/lvis-20251130.htm,29,Risks Relating to Our Business and Operations,"We have substantial liabilities and cash requirements associated with our postretirement benefits, pension, and deferred compensation plans.","Our postretirement benefits, pension and deferred compensation plans result in substantial liabilities on our balance sheet. These plans and activities have generated, and will generate, substantial cash requirements for us, and these requirements may increase beyond our expectations in future years based on changing market conditions. The difference between plan obligations and assets, or the funded status of the plans, is a significant factor in determining the net periodic benefit costs of our pension plans and the ongoing funding requirements of those plans. Many variables, such as changes in interest rates, mortality rates, health care costs, investment returns or the market value of plan assets, can affect the funded status of our defined benefit pension and other postretirement, and postemployment benefit plans and cause volatility in the net periodic benefit cost and future funding requirements of the plans. Plan liabilities may impair our liquidity, have an unfavorable impact on our ability to obtain financing and place us at a competitive disadvantage compared to some of our competitors who do not have such liabilities and cash requirements. See Note 10 to our audited consolidated financial statements included in this report for more information regarding these obligations."
94845,Levi Strauss & Co.,10-K,2026-01-28,0000094845-26-000008,https://www.sec.gov/Archives/edgar/data/94845/000009484526000008/lvis-20251130.htm,30,Risks Relating to Our Business and Operations,"Our licensees and franchisees may not comply with our product quality, manufacturing standards, social, environmental, marketing and other requirements, which could negatively affect our reputation and business.","We license our trademarks to third parties for manufacturing, marketing and distribution of various products. While we enter into comprehensive agreements with our licensees covering product design, product quality, sourcing, manufacturing, marketing and other requirements, and while these agreements provide us with certain termination rights, our licensees may not comply fully with those agreements. Non-compliance could include marketing products under our brand names that do not meet our quality and other requirements or engaging in manufacturing practices that do not meet our sustainability standards and policies including our supplier code of conduct or applicable government restrictions and regulations. These activities could harm our brand equity, our reputation and our results of operations.
In addition, we enter into franchise agreements with unaffiliated franchisees to operate stores and, in certain circumstances, websites, in many countries around the world. Under these agreements, third parties operate, or will operate, stores and websites that sell apparel and related products under our brand names. While the agreements we have entered and plan to enter in the future provide us with certain termination rights, the value of our brands could be impaired to the extent that these third parties do not operate their businesses, including their stores or websites, in a manner consistent with our requirements regarding our brand identities and customer experience standards. Failure to protect the value of our brands, or any other harmful acts or omissions by a franchisee, could have an adverse effect on our brand equity, our reputation and our results of operations."
94845,Levi Strauss & Co.,10-K,2026-01-28,0000094845-26-000008,https://www.sec.gov/Archives/edgar/data/94845/000009484526000008/lvis-20251130.htm,31,Risks Relating to Our Business and Operations,"Our current and future products may experience quality problems from time to time that could result in negative publicity, litigation, product recalls and warranty claims, which could result in decreased revenues and harm to our brands.","There can be no assurance we will be able to detect, prevent or fix all defects that may affect our products. Inconsistency of legislation and regulations may also affect the costs of compliance with such laws and regulations. Such problems could hurt the image of our brands, which is critical to maintaining and expanding our business. Any negative publicity, product recalls or lawsuits filed against us related to the perceived quality or safety of our products could harm our brand, impact our results of operations and decrease demand for our products."
94845,Levi Strauss & Co.,10-K,2026-01-28,0000094845-26-000008,https://www.sec.gov/Archives/edgar/data/94845/000009484526000008/lvis-20251130.htm,32,"Risks Related to Legal, Regulatory and Compliance Issues and Changes","We are subject to a complex array of laws and regulations and litigation and other legal and regulatory proceedings, which could have an adverse effect on our business, financial condition, and results of operations.","As a multinational corporation with operations and distribution channels throughout the world, we are subject to and must comply with extensive laws and regulations in the United States and other jurisdictions in which we have operations and distribution channels. If we or our employees, agents, suppliers and other partners fail or are alleged to have failed to comply with any of these laws or regulations, we could be subjected to regulatory investigations or enforcement, lawsuits (including class actions), fines, sanctions or other penalties that could negatively affect our reputation, business, financial condition and results of operations. Furthermore, laws, regulations and policies and the interpretation of such, can conflict among jurisdictions and compliance in one jurisdiction may result in legal or reputational risks in another jurisdiction. We are or may become involved in various types of claims, lawsuits (including class actions), regulatory proceedings and government investigations relating to our business, our products and the actions of our employees and representatives, including contractual and employment relationships, product liability, use of artificial intelligence and other machine learning technologies, antitrust, privacy and data protection, trademark and other intellectual property rights and a variety of other matters. It is not possible to predict with certainty the outcome of any such legal or regulatory proceedings or investigations, and we could in the future incur judgments, fines or penalties, or enter settlements of lawsuits and claims that could have a material adverse effect on our business, financial condition and results of operations and negatively impact our reputation. The global nature of our business means legal and compliance risks, such as anti-bribery, anti-corruption, fraud, trade, environmental, competition, privacy, and other regulatory matters, will continue to exist and additional legal proceedings and other contingencies will arise from time to time, which could adversely affect us. In addition, the adoption of new laws or regulations, or changes in the interpretation of existing laws or regulations, including the evolving regulatory requirements affecting product circularity and sustainability standards or disclosures, may result in significant unanticipated legal and reputational risks. Any current or future legal or regulatory proceedings could divert management’s attention from our operations and result in substantial legal fees."
94845,Levi Strauss & Co.,10-K,2026-01-28,0000094845-26-000008,https://www.sec.gov/Archives/edgar/data/94845/000009484526000008/lvis-20251130.htm,33,"Risks Related to Legal, Regulatory and Compliance Issues and Changes","Changes to trade policy, including tariff and customs regulations, or failure to comply with such regulations may have an adverse effect on our reputation, business, financial condition and results of operations.","Changes in U.S. or international social, political, regulatory and economic conditions or in laws and policies governing trade, manufacturing, development and investment in the countries where we currently sell our products or conduct our business, could adversely affect our business, reputation, financial condition and results of operations. For example, we are required to observe certain laws relating to economic sanctions, including those implemented by the U.S. Department of the Treasury’s Office of Foreign Assets Control (OFAC) and other sanctions authorities. These requirements may prohibit or restrict activities relating to certain individuals, entities, countries or territories. Although we have implemented controls to promote compliance with economic sanctions, economic sanctions law may change rapidly, and it can be time-consuming for us to alter our business operations to adapt to or comply with any changes in these or other laws. Should our controls prove to be, or be found to have been, ineffective, we may be subject to regulatory or enforcement action that could adversely affect our reputation, financial condition, or business.
Changes or proposed changes in U.S. or other countries’ trade policies may result in restrictions and economic disincentives on international trade. Tariffs, economic sanctions and other changes in U.S. trade policy have in the past and could in the future trigger retaliatory actions by affected countries, and certain foreign governments have instituted or are considering imposing retaliatory measures on certain U.S. goods. Further, any emerging protectionist or nationalist trends (whether regulatory- or consumer-driven) either in the United States or in other countries could affect the trade environment. For example, the U.S. government recently imposed broad “reciprocal” tariffs of 10% or more on goods imported from most U.S. trading partners into the United States, which drew responses in the form of retaliatory tariffs from other countries. We, like other multinational corporations, conduct a significant amount of business that may be impacted by changes to the trade policies of the United States and foreign countries (including governmental action related to tariffs, international trade agreements, or economic sanctions). In the case of reciprocal and retaliatory tariffs, the imposition of such tariffs has adversely affected our costs of imported goods and materials. Any further such changes have the potential to adversely impact the U.S. economy or certain sectors thereof or the economy of other countries in which we conduct operations, our industry and the global demand for our products, and as a result, could have a material adverse effect on our business, financial condition and results of operations."
94845,Levi Strauss & Co.,10-K,2026-01-28,0000094845-26-000008,https://www.sec.gov/Archives/edgar/data/94845/000009484526000008/lvis-20251130.htm,34,"Risks Related to Legal, Regulatory and Compliance Issues and Changes",Failure to adequately protect or enforce our intellectual property rights or adequately ensure that we are not infringing the intellectual property rights of others could adversely affect our business.,"We may face significant expenses and liability in connection with the protection of our intellectual property rights, including outside the United States, and if we are unable to successfully protect our rights or resolve conflicts relating to infringement of intellectual property rights with others, our business or financial condition may be adversely affected.
Our competitive position largely depends upon our trademarks and other intellectual property rights, which we take steps to establish and protect both domestically and internationally. However, we may be unable to adequately protect or enforce our intellectual property rights or determine the extent of any unauthorized use by third parties, particularly in foreign countries where the laws do not protect proprietary rights as fully as in the United States. We periodically discover counterfeit reproductions of our products or products that otherwise infringe our intellectual property rights. Given that we place significant value on our trademarks, trade dress and the overall appearance and image of our products, if we are unsuccessful in enforcing or protecting our intellectual property rights, continued sales of these infringing products could adversely affect our sales and our brand and could result in a shift of consumer preference away from our brand and products. The actions we take to establish and protect our intellectual property rights are expensive, time-consuming and may not be adequate to prevent imitation of our products or other unauthorized uses of our intellectual property by others. Additionally, the laws and enforcement mechanisms to protect our intellectual property from unauthorized use in evolving technologies, like artificial intelligence, are developing and may be inadequate.
We also cannot assure that our rights in, or ownership of, our trademarks or other intellectual property rights would be upheld if challenged. Further, we cannot ensure that licensees will not take any actions that hurt the value of our intellectual property.
We also may be unable to prevent others from seeking to block sales of our products as purported violations of their proprietary rights.
We may be subject to liability or be prevented from using our trademarks or other intellectual property rights, which could have an adverse effect on our financial conditions and operations, if third parties successfully claim we infringe their intellectual property rights, including from the use of outputs generated using artificial intelligence technologies which may contain or be substantially similar to third-party content protected by intellectual property. Defending infringement claims could be expensive and time consuming and might result in our entering into costly license agreements or other settlement agreements. We also may be subject to significant damages or injunctions against development, manufacturing, use, importation or sale of certain products.
Although we take various actions to prevent the unauthorized use or disclosure of our confidential information and intellectual property rights, our controls and efforts to prevent unauthorized use or disclosure thereof might not always be effective. For example, confidential information related to business strategy, innovations, new technologies, mergers and acquisitions, unpublished financial results or personal data could be prematurely, inadvertently or improperly used or disclosed, including by an employee inputting confidential information into artificial intelligence or machine learning technologies, resulting in a loss of reputation, loss of intellectual property rights, a decline in our stock price or a negative impact on our market position, and could lead to damages, fines, penalties or injunctions."
94845,Levi Strauss & Co.,10-K,2026-01-28,0000094845-26-000008,https://www.sec.gov/Archives/edgar/data/94845/000009484526000008/lvis-20251130.htm,35,"Risks Related to Legal, Regulatory and Compliance Issues and Changes","New tax legislation, including legislation implementing changes in taxation of international business activities, could be enacted at any time and new interpretations or applied laws could increase our compliance, operating and other costs, all of which could adversely impact our financial position and results of operations.","We earn a substantial portion of our income in foreign countries and, as such, we are subject to the tax laws in the United States and in numerous foreign jurisdictions. Current economic and political conditions make tax laws and regulations, or their interpretation and application, in any jurisdiction subject to significant change.
Recent tax legislation and regulations, including provisions of the 2025 One Big Beautiful Bill Act (“OBBBA”) and potential increases in taxes, make significant changes to the U.S. tax regime and could materially impact how our earnings are taxed.
In addition, the Organization for Economic Cooperation and Development (“OECD”) reached agreement with over 140 countries to implement a minimum 15% tax rate on certain multinational enterprises, commonly referred to as the Pillar Two Inclusive Framework. Many jurisdictions continue to announce changes in their tax laws and regulations based on the Pillar Two Inclusive Framework. While we continue to evaluate the impact of these legislative changes as additional guidance becomes available, uncertainty remains regarding the timing and interpretation by tax authorities in affected jurisdictions. These legislative changes did not have a material impact in fiscal year 2025 but could have an adverse impact on our effective tax rate, tax liabilities, and cash tax in future years, beginning in 2026.
We utilize tax rulings and other agreements to obtain certainty in treatment of certain tax matters. These rulings and agreements expire from time to time and may be extended when certain conditions are met, or terminated if certain conditions are not met. We cannot guarantee that such rulings and agreements will be extended or all conditions will continue to be satisfied. Changes in these rulings and agreements or their termination may result in a loss of certainty in treatment, which may adversely impact our effective tax rate.
We are also subject to the examination of our tax returns by the Internal Revenue Service (“IRS”) and state and local taxing authorities in the United States and by taxing authorities in other jurisdictions. The laws and regulations related to tax matters are extremely complex, require significant judgment and are subject to varying interpretations and application. Although we believe our positions are reasonable, they are subject to challenge and the results of audits or related disputes could have an adverse effect on our financial statements for the period or periods for which the applicable final determinations are made. For example, we and our subsidiaries are also engaged in a number of intercompany transactions across multiple tax jurisdictions. Although we believe we have clearly reflected the economics of these transactions and the proper local transfer pricing documentation is in place, tax authorities may propose and sustain adjustments that could result in changes that may impact our mix of earnings in countries with differing statutory tax rates.
Additionally, we regularly assess the likelihood of an adverse outcome resulting from these examinations to determine the adequacy of our provision for income taxes. Although we believe our tax provisions are adequate, the final determination of tax audits and any related disputes could be materially different from our historical income tax provisions and accruals."
94845,Levi Strauss & Co.,10-K,2026-01-28,0000094845-26-000008,https://www.sec.gov/Archives/edgar/data/94845/000009484526000008/lvis-20251130.htm,36,"Risks Related to Legal, Regulatory and Compliance Issues and Changes","We are subject to stringent and changing obligations related to data privacy and security. Our actual or perceived failure to comply with such obligations could lead to regulatory investigations or actions, litigation, fines and penalties, disruptions of our business operations, reputational harm and other adverse business or financial consequences.","In addition to our own sensitive and proprietary business information, we handle transactional and personal information, including without limitation credit card information and personal information about our employees, customers, consumers and users of our digital experiences, which include online distribution channels and product engagement.
As a result of our data collection and processing activities, we must comply with increasingly complex and rigorous, and sometimes conflicting laws, regulatory standards, industry standards, external and internal privacy and security policies, contracts and other obligations that govern the processing of business and personal data, including personal health information of our employees. For example, the European Union’s General Data Protection Regulation (the “EU GDPR”), the United Kingdom’s GDPR (the “UK GDPR”), California’s Consumer Privacy Act of 2018, as amended by the California Privacy Rights Act of 2020 and its regulations (the “CCPA”) impose obligations on companies regarding the handling of personal data and provide certain individual privacy rights to persons whose data is stored or otherwise processed. Furthermore, other comprehensive privacy laws, such as China’s Personal Information Protection Law, Canada’s Personal Information Protection and Electronic Documents Act and India’s new Digital Personal Data Protection Act, as well as other states in the United States have enacted data privacy laws that have come into effect or will come into effect in the coming months and years, which are likely to continue to influence other jurisdictions, U.S. states or even the U.S. Congress to pass comparable legislation. Additionally, laws in certain jurisdictions require data localization and impose restrictions on the transfer of personal information across borders. For example, the EU GDPR and the UK GDPR generally restrict the transfer of personal information, including employee and consumer information, to countries outside of the EEA and the United Kingdom (respectively) without appropriate safeguards or other measures. If we cannot implement a valid compliance mechanism for cross-border privacy and security transfers, we may face increased exposure to legal or regulatory actions, substantial fines and injunctions against processing or transferring personal information from Europe or elsewhere.
In addition, privacy advocates and industry groups have proposed, and may propose in the future, standards with which we are legally or contractually bound to comply. For example, we are also subject to the Payment Card Industry Data Security Standard (“PCI DSS”). The PCI DSS requires companies to adopt certain measures to ensure the security of cardholder information, and noncompliance with PCI-DSS can result in penalties ranging from $5,000 to $100,000 per month by credit card companies, litigation, damage to our reputation and revenue losses. Furthermore, we are bound by contractual obligations related to privacy, data protection and data security, and our efforts to comply with such obligations may not be successful or may have other negative consequences.
We may publish privacy policies, marketing materials and other statements, such as compliance with certain certifications or self-regulatory principles, regarding data privacy and security. If these policies, materials or statements are found to be deficient, lacking in transparency, deceptive, unfair or misrepresentative of our practices, we may be subject to investigation, enforcement actions by regulators or other adverse consequences. In general, negative publicity we might receive regarding any actual or perceived violations of consumer privacy rights, including fines and enforcement actions against us or other similarly placed businesses, may also impair consumers’ trust in our privacy practices and make them reluctant to give their consent to share their data with us.
In addition, our use of online tracking technologies on our platform puts us and our advertising partners at risk of claims under the California Invasion of Privacy Act (“CIPA”) and similar surveillance laws and we have been and may continue to be subject to such claims. These cases typically concern allegations that the use of common third-party technology tools (such as online tracking technologies, cookies, and pixels) on a website constitute interceptions of confidential communications that allegedly constitute wiretapping, which can only be done with the consent of both parties to the communication. CIPA has been a subject of increasing litigation, particularly in the form of class actions. If such suits continue to be brought against us,
defending against them in court or in arbitration could substantially increase our legal costs, potential liability, and involve members of our legal teams to assist in defending these claims. Obligations related to data privacy and security are quickly changing, becoming increasingly stringent and creating regulatory uncertainty. Additionally, these obligations may be subject to differing applications and interpretations, which may be inconsistent or conflict among jurisdictions. Compliance with existing and forthcoming data privacy and security laws and regulations can be costly and time consuming, and may require changes to our information technologies, systems and practices and to those of any third parties that process personal information on our behalf and cause us to divert resources from other initiatives and projects to address these evolving compliance and operational requirements. If we or the third parties on which we rely fail, or are perceived to have failed, to address or comply with obligations related to data privacy and security, we could face significant consequences, including, but not limited to, proceedings against the company by governmental entities (for example, investigations, lawsuits (including class actions), fines, penalties, audits and inspections) or other entities or individuals, additional reporting requirements or oversight bans, damage to our reputation and credibility or inability to process data or operate in certain jurisdictions, any of which could have a negative impact on our business, operations, reputation, revenues and profits."
94845,Levi Strauss & Co.,10-K,2026-01-28,0000094845-26-000008,https://www.sec.gov/Archives/edgar/data/94845/000009484526000008/lvis-20251130.htm,37,"Risks Related to Legal, Regulatory and Compliance Issues and Changes","Use of artificial intelligence technologies by us and our service providers could subject us to stringent and changing obligations. Our actual or perceived failure to comply with such obligations could lead to regulatory investigations or actions, litigation, fines and penalties, disruptions of our business operations, reputational harm and other adverse business or financial consequences.","The use of rapidly evolving technologies such as artificial intelligence technologies, by us and our third-party service providers, while presenting significant benefits, can also present risks and challenges to our business. Using artificial intelligence and other machine learning technologies while the technology is still developing may expose us to liability, reputational harm, and threats of litigation, particularly if such technology produces errors or hallucinations, or results in content that is biased, harmful discriminatory, or that infringes the intellectual property or data privacy rights of third parties, or otherwise if such technology does not function as intended. Moreover, with the use of certain artificial intelligence and other machine learning technologies, including those licensed from third parties, there may be a lack of transparency of the sources of data used to train or develop such technologies or how inputs are converted to outputs, and we may not be able to fully validate this process and its accuracy.
Use of artificial intelligence and other machine learning technologies, by us or our service providers, in connection with the creation or development of intellectual property may present challenges in asserting ownership over the resulting output, which may not be eligible for copyright or patent protection under various laws (including those of the United States) without sufficient human authorship or inventorship, respectively. Further, there is a risk that the data inputted into such technologies may contain confidential information, including trade secrets, resulting in such information becoming accessible by third parties. The use of artificial intelligence, including potential inadvertent disclosure of confidential information or personal data, could also lead to legal and regulatory investigations and enforcement actions, or may give rise to specific obligations, including required notices, consents and opt-outs, under various data privacy, protection and cybersecurity laws and regulations in a number of jurisdictions.
The use of artificial intelligence or machine learning technologies by our third-party service providers in their business activities, whether or not known to use, could also expose us to risks. While we believe we conduct appropriate diligence prior to onboarding third-party service providers, the failure of one or more such service provider to meet our expectations, including by use of artificial intelligence tools in contravention of agreements with us, inputting our confidential or proprietary information into artificial intelligence tools, or roll-out of new artificial intelligence tools without approval, may have an adverse effect on our operations or financial condition, result in legal or regulatory violations, jeopardize our intellectual property rights or give rise to issues pertaining to data privacy and data protection.
The increasing adoption of artificial intelligence technologies has led data protection authorities around the world to consider and adopt new and evolving interpretations of data protection laws. Such laws and regulations focused on the use and provision of artificial intelligence technologies may impose certain obligations on us (e.g., obligations regarding processing of personal data, including required notices, consents and opt-outs) and could result in monetary penalties or other regulatory actions. Moreover, the costs of monitoring and responding to such regulations and the consequences of non-compliance could have an adverse effect on our operations or financial condition. The growing deployment and use of artificial intelligence and machine learning technologies will require that we develop and maintain controls to address the risks to our business and operations. Our failure, or perceived failure, to comply fully with developing interpretations of artificial intelligence or machine learning technologies laws and regulations, or meet evolving and varied stakeholder expectations and industry standards, or our inability to develop adequate controls to manage our use of artificial intelligence and machine learning technologies could harm our business, reputation, financial condition, and operating results."
94845,Levi Strauss & Co.,10-K,2026-01-28,0000094845-26-000008,https://www.sec.gov/Archives/edgar/data/94845/000009484526000008/lvis-20251130.htm,38,"Risks Related to Legal, Regulatory and Compliance Issues and Changes","Failure to comply with anti-bribery, anti-corruption and anti-money laundering laws could subject us to penalties and other adverse consequences.","We are subject to the FCPA, the U.K. Bribery Act and other anti-bribery, anti-corruption and anti-money laundering laws in various jurisdictions around the world. The FCPA, the U.K. Bribery Act and similar applicable laws generally prohibit companies, as well as their officers, directors, employees and third-party intermediaries, business partners and agents from making improper payments or providing other improper things of value to government officials or other persons. We and our third-party intermediaries may have direct or indirect interactions with officials and employees of government agencies or state owned or affiliated entities and other third parties where we may be held liable for corrupt or other illegal activities, even if we do not explicitly authorize them. While we have policies and procedures and internal controls to address compliance with such laws, we cannot provide assurance that all of our employees and third-party intermediaries, business partners and agents have not and will not take actions in violation of such policies and laws, for which we may be ultimately held responsible. In the event that we believe or have reason to believe that our directors, officers, employees or third-party intermediaries, agents or business partners have or may have violated such laws, we may be required to investigate or to have outside counsel investigate the relevant facts and circumstances. Detecting, investigating and resolving actual or alleged violations can be costly and require a significant diversion of time, resources and attention from senior management. Violations of the FCPA, the U.K. Bribery Act or other applicable anti-bribery, anti-corruption and anti-money laundering laws often result in whistleblower complaints, adverse media coverage, investigations, loss of export privileges and criminal or civil sanctions, penalties and fines, any of which could adversely affect our business and financial condition."
94845,Levi Strauss & Co.,10-K,2026-01-28,0000094845-26-000008,https://www.sec.gov/Archives/edgar/data/94845/000009484526000008/lvis-20251130.htm,39,"Risks Relating to Securities, Investment and Liquidity","If one or more of our counterparty financial institutions default on their obligations to us, we may incur significant losses or our financial liquidity could be adversely impacted.","As part of our hedging activities, we enter into transactions involving derivative financial instruments, which may include forward contracts, commodity futures contracts, option contracts, collars and swaps, with various financial institutions. In addition, we have significant amounts of cash, cash equivalents and other investments on deposit or in accounts with banks or other financial institutions in the United States and abroad. We are also a party to a Second Amended and Restated Credit Agreement (as amended to date, the “Credit Agreement”) with several financial institutions that provides us with a senior secured revolving credit facility (the “Credit Facility”) under which we had $875.4 million of borrowing capacity as of November 30, 2025. We may rely on that borrowing capacity to fund our operations. As a result, we are exposed to the risk of default by, or failure of, counterparty financial institutions. This risk may be heightened during economic downturns and periods of uncertainty in the financial markets, including as a result of macroeconomic and geopolitical conditions. If one of our counterparties were to become insolvent or file for bankruptcy, our ability to borrow funds or recover losses incurred as a result of a default or our assets that are deposited or held in accounts with such counterparty may be limited by the counterparty’s liquidity or the applicable laws governing the insolvency or bankruptcy proceedings. In the event of default or failure of one or more of our counterparties, we could incur significant losses or our financial liquidity could be adversely impacted, which could negatively impact our results of operations and financial condition."
94845,Levi Strauss & Co.,10-K,2026-01-28,0000094845-26-000008,https://www.sec.gov/Archives/edgar/data/94845/000009484526000008/lvis-20251130.htm,40,"Risks Relating to Securities, Investment and Liquidity",We have debt and interest payment requirements at a level that may restrict our future operations.,"As of November 30, 2025, we had $1.0 billion of unsecured debt. Additionally, we had $875.4 million of borrowing capacity under the Credit Facility. The Credit Facility is secured by domestic and Canadian inventories, accounts receivable, and other assets, such as the Levi’s® trademarks in the U.S. Our debt requires us to dedicate a substantial portion of any cash flow from operations to the payment of interest and principal due under our debt, which reduces funds available for other business purposes and results in us having lower net income (or greater net loss) than we otherwise would have had. This dedicated use of cash could impact our ability to successfully compete by, for example:
•increasing our vulnerability to general adverse economic and industry conditions, including store closures, decreased foot traffic and recession or inflationary pressures;
•limiting our flexibility in planning for or reacting to changes in our business and industry;
•placing us at a competitive disadvantage compared to some of our competitors that have less debt; and
•limiting our ability to obtain additional financing in the future, if required to fund working capital and capital expenditures and for other general corporate purposes.
A substantial portion of our debt is Euro-denominated senior notes. In addition, borrowings under our Credit Facility bear interest at variable rates and a portion of those borrowings may be in Canadian Dollars. As a result, increases in market interest rates and changes in foreign exchange rates could require a greater portion of our cash flow to be used to pay interest, which could further hinder our operations. Increases in market interest rates may also affect the trading price of our debt securities that
bear interest at a fixed rate. Our ability to satisfy our obligations and to reduce our total debt depends on our future operating performance and on economic, financial, competitive and other factors, many of which are beyond our control."
94845,Levi Strauss & Co.,10-K,2026-01-28,0000094845-26-000008,https://www.sec.gov/Archives/edgar/data/94845/000009484526000008/lvis-20251130.htm,41,"Risks Relating to Securities, Investment and Liquidity","Our ability to pay dividends, repurchase stock and make acquisitions is dependent on a variety of factors, including restrictions in our Credit Facility that may limit our activities.","We need liquidity sufficient to fund payments of dividends, repurchases of stock and to make acquisitions. Future activities will depend upon our earnings, economic conditions, liquidity and capital requirements and other factors, including our debt leverage. Even if we have sufficient resources to pay dividends and to repurchase shares of our common stock, our board of directors may determine to use such resources to fund other company initiatives. Accordingly, we cannot make any assurance that future dividends will be paid, or future repurchases will be made, at levels comparable to our historical practices, if at all.
Additionally, our Credit Facility contains restrictions, including covenants limiting our ability to incur additional debt, grant liens, make acquisitions and other investments, prepay specified debt, consolidate, merge or acquire other businesses or engage in other fundamental changes, sell assets, pay dividends and other distributions, repurchase our stock, enter into transactions with affiliates, enter into capital leases or certain leases not in the ordinary course of business, enter into certain derivatives, grant negative pledges on our assets, make loans or other investments, guarantee third-party obligations, engage in sale leasebacks and make changes in our corporate structure. These restrictions, in combination with our leveraged condition, may make it more difficult for us to successfully execute our business strategy, grow our business or compete with companies not similarly restricted."
94845,Levi Strauss & Co.,10-K,2026-01-28,0000094845-26-000008,https://www.sec.gov/Archives/edgar/data/94845/000009484526000008/lvis-20251130.htm,42,"Risks Relating to Securities, Investment and Liquidity","If our foreign subsidiaries are unable to distribute cash to us when needed, we may be unable to satisfy our obligations under our debt securities, which could force us to sell assets or use cash that we were planning to use elsewhere in our business.","We conduct our international operations through foreign subsidiaries and we only receive the cash that remains after our foreign subsidiaries satisfy their obligations. We may depend upon funds from our foreign subsidiaries for a portion of the funds necessary to meet our debt service obligations. Any agreements our foreign subsidiaries enter into with other parties, as well as applicable laws and regulations that may subject repatriation payments to taxation or limit the right and ability of non-U.S. subsidiaries and affiliates to pay dividends and remit cash to affiliated companies, may restrict the ability of our foreign subsidiaries to pay dividends or make other distributions to us. If those subsidiaries are unable to transfer the amount of cash that we need, we may be unable to make payments on our debt obligations, which could force us to sell assets or use cash that we were planning on using elsewhere in our business, which could hinder our operations."
94845,Levi Strauss & Co.,10-K,2026-01-28,0000094845-26-000008,https://www.sec.gov/Archives/edgar/data/94845/000009484526000008/lvis-20251130.htm,43,"Risks Relating to Securities, Investment and Liquidity","Changes in our credit ratings or macroeconomic conditions may affect our liquidity, increasing borrowing costs and limiting our financing options.","As of November 30, 2025, our long-term debt was rated BB+ by S&P Global Ratings, Ba1 by Moody’s Investors Service, Inc and BBB- by Fitch Ratings, Inc. If our credit ratings are lowered, borrowing costs for future long-term debt or short-term credit facilities may increase and our financing options, including our access to the unsecured credit market, could be limited. In addition, macroeconomic conditions such as increased volatility or disruption in the credit markets could adversely affect our ability to obtain financing or refinance existing debt on terms that would be acceptable to us."
94845,Levi Strauss & Co.,10-K,2026-01-28,0000094845-26-000008,https://www.sec.gov/Archives/edgar/data/94845/000009484526000008/lvis-20251130.htm,44,Risks Relating to Ownership of Our Class A Common Stock,The market price of our Class A common stock may be volatile or may decline steeply or suddenly regardless of our operating performance and we may not be able to meet investor or analyst expectations. You may lose all or part of your investment.,"The trading prices of our Class A common stock may differ and fluctuate from time to time in response to numerous factors, some of which are beyond our control. These factors may include, among others, overall performance of the equity markets and the economy as a whole, actual or anticipated fluctuations in our revenues or other operating results or those of our competitors, our ability to meet our published guidance and securities analyst expectations, recommendations by securities analysts or announcements by us or our competitors of significant products or features, innovations, acquisitions, strategic partnerships, joint ventures, capital commitments, divestitures or other dispositions. In the past, stockholders have filed securities class action litigation following periods of market volatility. If we were to become involved in securities litigation, it could subject us to substantial costs, divert resources and the attention of management from our business and seriously harm our business."
94845,Levi Strauss & Co.,10-K,2026-01-28,0000094845-26-000008,https://www.sec.gov/Archives/edgar/data/94845/000009484526000008/lvis-20251130.htm,45,Risks Relating to Ownership of Our Class A Common Stock,Future sales of our Class A common stock by existing stockholders could cause our stock price to decline.,"If our existing stockholders, including employees, who obtain equity, sell or indicate an intention to sell, substantial amounts of our Class A common stock in the public market, the trading price of our Class A common stock could decline. As of January 23, 2026, we had outstanding a total of 103,742,231 shares of Class A common stock and 286,725,056 shares of Class B common stock. Of these shares, only the shares of Class A common stock are currently freely tradable without restrictions or further registration under the Securities Act of 1933, as amended (the ""Securities Act""), except for any shares held by persons who are our “affiliates” as defined in Rule 144 under the Securities Act, which may be sold in compliance with Rule 144 under the Securities Act.
Sales of a substantial number of such shares, or the perception that such sales may occur, could cause our stock price to decline or make it more difficult for the holders of our Class A common stock to sell at a time and price that they deem appropriate.
A majority of holders of our Class B common stock have contractual rights, subject to certain conditions, to require us to file registration statements for the public resale of the shares of Class A common stock issuable upon conversion of their Class B common stock, or to include such shares in registration statements that we may file."
94845,Levi Strauss & Co.,10-K,2026-01-28,0000094845-26-000008,https://www.sec.gov/Archives/edgar/data/94845/000009484526000008/lvis-20251130.htm,46,Risks Relating to Ownership of Our Class A Common Stock,"The dual class structure of our common stock concentrates voting control with descendants of the family of Levi Strauss, who have the ability to control the outcome of matters submitted for stockholder approval, which will limit your ability to influence corporate matters and may depress the trading price of our Class A common stock.","Our Class B common stock, which is entitled to ten votes per share, is primarily owned by descendants of the family of our founder, Levi Strauss, and their relatives and trusts established for their behalf. Collectively, these persons have the ability to control the outcome of stockholder votes, including the election of our board of directors and the approval or rejection of a merger, change of control or other significant corporate transaction. In addition, so long as any shares of Class B common stock remain outstanding, the approval of the holders of a majority of our then-outstanding Class B common stock (or, in certain cases, a majority of our then-outstanding Class A common stock and Class B common stock, voting together as a single class) will be required in order for us to take certain actions.
This control may adversely affect the market price of our Class A common stock. In addition, certain index providers have announced restrictions on including companies with multiple-class share structures in certain of their indexes. S&P Dow Jones and FTSE Russell have announced changes to their eligibility criteria for inclusion of shares of public companies on certain indices, including the S&P 500. These changes exclude companies with multiple classes of shares of common stock from being added to such indices. In addition, several stockholder advisory firms have announced their opposition to the use of multiple class structures. As a result, the dual class structure of our common stock may prevent the inclusion of our Class A common stock in such indices and may cause stockholder advisory firms to publish negative commentary about our corporate governance practices or otherwise seek to cause us to change our capital structure. Any such exclusion from indices could result in a less active trading market for our Class A common stock. Any actions or publications by stockholder advisory firms critical of our corporate governance practices or capital structure could also adversely affect the value of our Class A common stock.
We believe having a long-term-focused, committed and engaged stockholder base provides us with an important strategic advantage, particularly in our business, where our more than 170-year history contributes to the iconic reputations of our brands. However, the interests of these stockholders may not always be aligned with each other or with the interests of our other stockholders. By exercising their control, these stockholders could cause our company to take actions that are at odds with the investment goals or interests of institutional, short-term or other non-controlling investors, or that have a negative effect on our stock price. Further, because these stockholders control the majority of our Class B common stock, we might be a less attractive takeover target, which could adversely affect the market price of our Class A common stock."
94845,Levi Strauss & Co.,10-K,2026-01-28,0000094845-26-000008,https://www.sec.gov/Archives/edgar/data/94845/000009484526000008/lvis-20251130.htm,47,Risks Relating to Ownership of Our Class A Common Stock,Future securities issuances could result in significant dilution to our stockholders and impair the market price of our Class A common stock.,"Future issuances of our Class A common stock or the conversion of a substantial number of shares of our Class B common stock, or the perception that these issuances or conversions may occur, could depress the market price of our Class A common stock and result in dilution to existing holders of our Class A common stock. Also, to the extent stock-based awards are issued or become vested, there will be further dilution. The amount of dilution could be substantial depending upon the size of the issuances or exercises. Furthermore, we may issue additional equity securities that could have rights senior to those of our Class A common stock. As a result, purchasers of Class A common stock bear the risk that future issuances of debt or equity securities may reduce the value of such shares and further dilute their ownership interest."
94845,Levi Strauss & Co.,10-K,2026-01-28,0000094845-26-000008,https://www.sec.gov/Archives/edgar/data/94845/000009484526000008/lvis-20251130.htm,48,Risks Relating to Ownership of Our Class A Common Stock,"Delaware law and provisions in our amended and restated certificate of incorporation and amended and restated bylaws could make a merger, tender offer or proxy contest difficult, thereby depressing the trading price of our Class A common stock.","Our amended and restated certificate of incorporation and amended and restated bylaws contain provisions that could depress the trading price of our Class A common stock by acting to discourage, delay or prevent a change of control of our company or changes in our management that our stockholders may deem advantageous. In particular, our amended and restated certificate of incorporation and amended and restated bylaws:
•establish a classified board of directors so that not all members are elected at one time;
•permit our board of directors to establish the number of directors and fill any vacancies and newly-created directorships;
•authorize the issuance of “blank check” preferred stock that our board of directors could use to implement a stockholder rights plan;
•provide that our board of directors is expressly authorized to make, alter or repeal our bylaws;
•restrict the forum for certain litigation against us to Delaware or to Federal court;
•reflect the dual class structure of our common stock; and
•establish advance notice requirements for nominations for election to our board of directors or for proposing matters that can be acted upon by stockholders.
Any provision of our amended and restated certificate of incorporation, our amended and restated bylaws or Delaware law that has the effect of delaying or deterring a change of control could limit the opportunity for our stockholders to receive a premium for their shares of Class A common stock and could also affect the price that some investors are willing to pay for our Class A common stock."
899045,Lamar Media Corp.,10-K,2026-02-20,0001090425-26-000008,https://www.sec.gov/Archives/edgar/data/1090425/000109042526000008/lamr-20251231.htm,1,Risks Related to Our Capital Structure,"The Company’s substantial debt may adversely affect its business, financial condition and financial results.","The Company has borrowed substantially in the past and will continue to borrow in the future. At December 31, 2025, Lamar Advertising Company’s wholly owned subsidiary, Lamar Media, had approximately $3.42 billion of total debt outstanding, net of deferred financing costs, consisting of approximately $688.6 million in bank debt outstanding under Lamar Media’s senior credit facility, $2.48 billion in various series of senior notes, $249.6 million under the Accounts Receivable Securitization Program and $0.8 million in other seller notes. Despite the level of debt presently outstanding, the terms of the indentures governing Lamar Media’s notes and the terms of the senior credit facility and Accounts Receivable Securitization Program allow Lamar Media to incur substantially more debt, including approximately $742.2 million available for borrowing under the revolving credit facility as of December 31, 2025.
The Company’s substantial debt and its use of cash flow from operations to make principal and interest payments on its debt may, among other things:
•make it more difficult for the Company to comply with the financial covenants in its senior credit facility and in its Accounts Receivable Securitization Program, which could result in a default and an acceleration of all amounts outstanding under the facility or under the Accounts Receivable Securitization Program;
•limit the cash flow available to fund the Company’s working capital, capital expenditures, acquisitions or other general corporate requirements;
•limit the Company’s ability to obtain additional financing to fund future dividend distributions, working capital, capital expenditures or other general corporate requirements;
•place the Company at a competitive disadvantage relative to those of its competitors that have less debt;
•force the Company to seek and obtain alternate or additional sources of funding, which may be unavailable, or may be on less favorable terms, or may require the Company to obtain the consent of lenders under its senior credit facility or the holders of its other debt;
•limit the Company’s flexibility in planning for, or reacting to, changes in its business and industry; and
•increase the Company’s vulnerability to general adverse economic and industry conditions.
Lamar Media has variable rate debt outstanding under the senior credit facility and its Accounts Receivable Securitization Program. Increases in the interest rates applicable to these borrowings have resulted in increased interest expense, which has impacted the Company's net income. Interest rates may continue to increase as a result of macroeconomic factors outside of our control. The Company may take actions in the future to mitigate its interest rate exposure, however, it cannot guarantee that the actions that it takes to mitigate these risks will be effective. Additionally, to the extent we refinance existing debt obligations or seek to enter into new debt financing arrangements in the current interest rate environment, we expect that such arrangements would be subject to higher interest rates than our existing debt obligations, which would further increase our interest expense.
Any of these problems could adversely affect the Company’s business, financial condition and financial results."
899045,Lamar Media Corp.,10-K,2026-02-20,0001090425-26-000008,https://www.sec.gov/Archives/edgar/data/1090425/000109042526000008/lamr-20251231.htm,2,Risks Related to Our Capital Structure,The Company may be unable to generate sufficient cash flow to satisfy its significant debt service obligations.,"The Company’s ability to generate cash flow from operations to make principal and interest payments on its debt will depend on its future performance, which will be affected by a range of economic, competitive and business factors. The Company cannot control many of these factors, including general economic conditions, its customers’ allocation of advertising expenditures among available media and the amount spent on advertising in general, and its business would be negatively impacted if the general economy were to deteriorate in the future. If its operations do not generate sufficient cash flow from operations to satisfy its debt service obligations, the Company may need to borrow additional funds to make these payments or undertake alternative financing plans, such as refinancing or restructuring its debt, or reducing or delaying capital investments and acquisitions. The Company cannot guarantee that such additional funds or alternative financing will be available on favorable terms, if at all. The Company’s inability to generate sufficient cash flow from operations or obtain additional funds or alternative financing on acceptable terms could have a material adverse effect on our business, financial condition and results of operations."
899045,Lamar Media Corp.,10-K,2026-02-20,0001090425-26-000008,https://www.sec.gov/Archives/edgar/data/1090425/000109042526000008/lamr-20251231.htm,3,Risks Related to Our Capital Structure,"Restrictions in the Company’s and Lamar Media’s debt agreements reduce operating flexibility and contain covenants and restrictions that create the potential for defaults, which could adversely affect the Company’s business, financial condition and financial results.","The terms of Lamar Media’s senior credit facility and the indentures relating to Lamar Media’s outstanding notes restrict the ability of the Company and Lamar Media to, among other things:
•incur or repay debt;
•dispose of assets;
•create liens;
•make investments;
•enter into affiliate transactions; and
•pay dividends and make inter-company distributions.
At December 31, 2025, the terms of Lamar Media’s senior credit facility and of its Accounts Receivable Securitization Program also restrict the Company from exceeding a specified secured debt ratio. Lamar Media is also subject to certain other financial covenants relating to the incurrence of additional debt. Please see “Management’s Discussion and Analysis of Financial Condition and Results of Operations — Liquidity and Capital Resources” for a description of the specific financial ratio requirements under the senior credit facility.
The Company’s ability to comply with the financial covenants in the senior credit facility, Accounts Receivable Securitization Program and the indentures governing Lamar Media’s outstanding notes (and to comply with similar covenants in any future agreements) depends on its operating performance, which in turn depends significantly on prevailing economic, financial and business conditions and other factors that are beyond the Company’s control. Therefore, despite its best efforts and execution of its strategic plan, the Company may be unable to comply with these financial covenants in the future.
The Company is currently in compliance with all financial covenants. However, if in the future there are economic declines the Company can give no assurance that these declines will not negatively impact the Company’s financial results and, in turn, its ability to meet these financial covenant requirements. If Lamar Media fails to comply with its financial covenants, Lamar Media could be in default under the senior credit facility and the Accounts Receivable Securitization Program (which could result in an event of default under the indentures governing its outstanding notes). In the event of such a default under the senior credit facility, the lenders under the senior credit facility could accelerate all of the debt outstanding, could elect to institute foreclosure proceedings against Lamar Media’s assets, and the Company could be forced into bankruptcy or liquidation. Any of these events could adversely affect Lamar Media’s business, financial condition and financial results. In the event of such a default under the Accounts Receivable Securitization Program, the lenders under the Accounts Receivable Securitization Program could accelerate all of the debt outstanding, could elect to institute foreclosure proceedings against the assets of the Special Purpose Subsidiaries (as defined herein), and the Special Purpose Subsidiaries could be forced into bankruptcy or liquidation. Any of these events could adversely affect the Company’s business, financial condition and financial results.
In addition, these restrictions reduce the Company’s operating flexibility and could prevent the Company from exploiting investment, acquisition, marketing, or other time-sensitive business opportunities."
899045,Lamar Media Corp.,10-K,2026-02-20,0001090425-26-000008,https://www.sec.gov/Archives/edgar/data/1090425/000109042526000008/lamr-20251231.htm,4,Risks Related to Our Capital Structure,The Company is controlled by significant stockholders who have the power to determine the outcome of all matters submitted to the stockholders for approval and whose interest in the Company may be different than yours.,"As of December 31, 2025, members of the Reilly family, including Kevin P. Reilly, Jr., the Company’s Executive Chairman, and Sean Reilly, the Company’s President and Chief Executive Officer, and their affiliates owned in the aggregate approximately 15% of the Company’s outstanding common stock, assuming the conversion of all Class B common stock to Class A common stock. As of that date, their combined holdings represented approximately 63% of the voting power of Lamar Advertising’s outstanding capital stock, which would give the Reilly family and their affiliates the power to:
•elect the Company’s entire Board of Directors;
•control the Company’s management and policies; and
•determine the outcome of any corporate transaction or other matter requiring stockholder approval, including charter amendments, mergers, consolidations, financings and asset sales.
The Reilly family may have interests that are different than yours in making these decisions."
899045,Lamar Media Corp.,10-K,2026-02-20,0001090425-26-000008,https://www.sec.gov/Archives/edgar/data/1090425/000109042526000008/lamr-20251231.htm,5,Risks Related to Our Capital Structure,Our UPREIT structure may result in potential conflicts of interest.,"We are structured as an “UPREIT,” which stands for “umbrella partnership real estate investment trust.” While limited partners of Lamar Advertising Limited Partnership (“Lamar LP”) do not generally have any right to participate in or exercise management power over the business and affairs of Lamar LP, they do have the right to vote on certain amendments to the partnership agreement of Lamar LP, as well as on certain other matters. Persons holding such voting rights may exercise them in a manner that conflicts with the interests of our stockholders.
The partnership agreement of Lamar LP provides that, for so long as we own a controlling interest in Lamar LP, any conflict that cannot be resolved in a manner not adverse to either our stockholders or the limited partners shall be resolved by the general partner in favor of our stockholders. Circumstances may arise in the future when the interests of limited partners in Lamar LP may conflict with the interests of our stockholders."
899045,Lamar Media Corp.,10-K,2026-02-20,0001090425-26-000008,https://www.sec.gov/Archives/edgar/data/1090425/000109042526000008/lamr-20251231.htm,6,Risks Related to Our Business,"The Company’s growth through acquisitions may be difficult, which could adversely affect our future financial performance. In addition, if we are unable to successfully integrate any completed acquisitions, our financial performance would also be adversely affected.","The Company has historically grown through acquisitions. During the year ended December 31, 2025, we completed acquisitions for a total cash purchase price of approximately $191.1 million. Additionally, Lamar LP issued 1,187,500 Common Units to the owners of Verde Outdoor as the consideration in connection with an acquisition, whereby the assets of Verde Outdoor were contributed to Lamar LP.
The future success of our acquisition strategy could be adversely affected by many factors, including the following:
•the pool of suitable acquisition candidates is dwindling, and we may have a more difficult time negotiating acquisitions on favorable terms;
•we may face increased competition for acquisition candidates from other outdoor advertising companies and private equity funds (particularly funds that are focused on investing in media and/or infrastructure), some of which may have greater financial resources than we do, which may result in higher prices for those businesses and assets;
•we may not have access to the capital needed to finance potential acquisitions and may be unable to obtain any required consents from our current lenders to obtain alternate financing;
•compliance with REIT requirements may hinder our ability to make certain investments and may limit our acquisition opportunities;
•we may be unable to integrate acquired businesses and assets effectively with our existing operations and systems as a result of unforeseen difficulties that could divert significant time, attention and effort from management that could otherwise be directed at developing existing business;
•we may be unable to retain key personnel of acquired businesses;
•we may not realize the benefits and cost savings anticipated in our acquisitions; and
•as the industry consolidates further, larger mergers and acquisitions may face substantial scrutiny under antitrust laws.
These obstacles to our opportunistic acquisition strategy may have an adverse effect on our future financial results."
899045,Lamar Media Corp.,10-K,2026-02-20,0001090425-26-000008,https://www.sec.gov/Archives/edgar/data/1090425/000109042526000008/lamr-20251231.htm,7,Risks Related to Our Business,The Company could suffer losses due to asset impairment charges for goodwill and other intangible assets.,"The Company tested goodwill for impairment on December 31, 2025. Based on the Company’s review at December 31, 2025, no impairment charge was required. The Company continues to assess whether factors or indicators become apparent that would require an interim impairment test between our annual impairment test dates. For instance, if our market capitalization is below our equity book value for a period of time without recovery, we believe there is a strong presumption that would indicate a triggering event has occurred and it is more likely than not that the fair value of one or more of our reporting units are below the carrying amount. This would require us to test the reporting units for impairment of goodwill. If this presumption cannot be overcome a reporting unit could be impaired under ASC 350 “Goodwill and Other Intangible Assets” and a non-cash charge would be required. Any such charge could have a material adverse effect on the Company’s net earnings."
899045,Lamar Media Corp.,10-K,2026-02-20,0001090425-26-000008,https://www.sec.gov/Archives/edgar/data/1090425/000109042526000008/lamr-20251231.htm,8,Risks Related to Our Business,The Company’s logo sign contracts are subject to state award and renewal.,"In 2025, the Company generated approximately 4% of its revenues from state-awarded logo sign contracts. In bidding for these contracts, the Company competes against other national logo sign providers as well as numerous smaller local logo sign providers. As a logo sign provider, the Company incurs significant start-up costs upon being awarded a new contract. These contracts generally have a term of five to ten years, with additional renewal periods. Some states reserve the right to terminate a contract early, and most contracts require the state to pay compensation to the Company as a logo sign provider for early termination. At the end of the contract term, the Company, as a logo sign provider, transfers ownership of the logo sign structures to the state. Depending on the contract, the logo provider may or may not be entitled to compensation for the structures at the end of the contract term.
Of the Company’s 25 logo sign contracts in place at December 31, 2025, seven are subject to renewal or expiration in 2026. The Company may be unable to renew its expiring contracts. The Company may also lose the bidding on new contracts."
899045,Lamar Media Corp.,10-K,2026-02-20,0001090425-26-000008,https://www.sec.gov/Archives/edgar/data/1090425/000109042526000008/lamr-20251231.htm,9,Risks Related to Our Business,The Company’s transit advertising contracts are subject to the Company’s ability to obtain and renew favorable contracts with municipalities and airport authorities.,"In 2025, the Company generated approximately 7% of its revenues from transit advertisements, which requires the Company to obtain, support, and renew its transit contracts. Transit contracts are generally with the local municipalities and airport authorities and allow us the exclusive right to rent advertising space to customers in airports and on buses, benches or shelters. We currently rent transit advertising displays in airport terminals and on bus shelters, benches and buses in over 80 transit markets. The terms of the contracts vary, but generally range between three to ten years, many with renewable options for contract extension. However, the Company may be unable to renew its expiring transit contracts or may lose the bidding on new contracts."
899045,Lamar Media Corp.,10-K,2026-02-20,0001090425-26-000008,https://www.sec.gov/Archives/edgar/data/1090425/000109042526000008/lamr-20251231.htm,10,Risks Related to Our Business,"If the Company’s contingency plans relating to hurricanes and other natural disasters fail, the resulting losses could hurt the Company’s business.","The Company has determined that it is uneconomical to insure against losses resulting from hurricanes and other natural disasters for its outdoor or logo structure assets. Although the Company has fortified many of its advertising structures and developed contingency plans designed to mitigate the threat posed by hurricanes and other forms of inclement weather to its real estate portfolio (e.g., removing advertising faces at the onset of a storm, when possible, which better permits the structures to withstand high winds during the storm), these plans could fail and significant losses could result. To the extent that such natural disaster events become more frequent or destructive because of climate change, we may incur increased costs related to storm remediation and preparation."
899045,Lamar Media Corp.,10-K,2026-02-20,0001090425-26-000008,https://www.sec.gov/Archives/edgar/data/1090425/000109042526000008/lamr-20251231.htm,11,Risks Related to Our Business,"The Company’s strategy involves continued investment in its digital platform, and we may fail to realize certain expected benefits of these investments and such investments may become more costly.","The success of the Company’s strategy of investing in its digital platform, and the realization of the benefits thereof, depends upon our ability to demonstrate the increased value and capabilities of digital advertising displays. If we experience significant technological failures with respect to our digital displays or if our customers fail to realize the anticipated benefits of the digital platform, we may experience decreased demand for advertising on our digital billboards. Additionally, we may experience increased costs related to our deployment of digital billboards, if the technological components used in our digital billboards increase in cost or if there are shortages of such components. We may also face difficulties obtaining new permits for digital displays or we may be unable to renew permits for our existing digital displays due to a variety of factors, including due to potential new governmental regulations and restrictions on digital signs. Any of these factors may make it more difficult to realize the benefits of our investments in our digital platform, which may have a negative impact on our financial condition and results of operations."
899045,Lamar Media Corp.,10-K,2026-02-20,0001090425-26-000008,https://www.sec.gov/Archives/edgar/data/1090425/000109042526000008/lamr-20251231.htm,12,Risks Related to Our Business,Our cash distributions are not guaranteed and may fluctuate.,"A REIT generally is required to distribute at least 90% of its REIT taxable income to its stockholders. The Company may have available net operating loss (“NOL”) carry forwards that could reduce or substantially eliminate its REIT taxable income, and thus it may not be required to distribute material amounts of cash to qualify for taxation as a REIT. The Company expects that it may utilize available NOL carry forwards to reduce its REIT taxable income.
The Board of Directors of the Company, in its sole discretion, will determine on a quarterly basis the amount of cash to be distributed to its stockholders based on a number of factors including, but not limited to, the Company’s results of operations, cash flow and capital requirements, economic conditions, tax considerations, borrowing capacity and other factors, including debt covenant restrictions that may impose limitations on cash payments, future acquisitions and divestitures, any stock repurchase program, and general market demand for its advertising space available for rent. Consequently, the Company’s distribution levels may fluctuate."
899045,Lamar Media Corp.,10-K,2026-02-20,0001090425-26-000008,https://www.sec.gov/Archives/edgar/data/1090425/000109042526000008/lamr-20251231.htm,13,Risks Related to Our Business,"The Lamar Advertising charter, the Lamar Advertising bylaws and Delaware law may inhibit a takeover that stockholders consider favorable and could also limit the market price of Lamar Advertising stock.","Provisions of the Lamar Advertising charter, the Lamar Advertising bylaws and applicable provisions of Delaware law may make it more difficult for or prevent a third party from acquiring control of Lamar Advertising without the approval of the Board of Directors. These provisions:
•impose restrictions on ownership and transfer of Lamar Advertising common stock that are intended to facilitate the Company’s compliance with certain REIT rules relating to share ownership;
•limit who may call a special meeting of stockholders;
•establish advance notice and informational requirements and time limitations on any director nomination or proposal that a stockholder wishes to make at a meeting of stockholders;
•do not permit cumulative voting in the election of its directors, which would otherwise permit less than a majority of stockholders to elect directors; and
•provide the Board of Directors the ability to issue additional classes and shares of preferred stock and to set voting rights, preferences and other terms of the preferred stock without stockholder approval.
In addition, Section 203 of the Delaware General Corporation Law generally limits the Company’s ability to engage in any business combination with certain persons who own 15% or more of its outstanding voting stock or any of its associates or affiliates who at any time in the past three years have owned 15% or more of its outstanding voting stock.
These provisions may have the effect of entrenching the Company’s management team and may deprive the Company’s stockholders of the opportunity to sell their shares to potential acquirers at a premium over prevailing prices. This potential inability to obtain a control premium could reduce the price of Lamar Advertising common stock."
899045,Lamar Media Corp.,10-K,2026-02-20,0001090425-26-000008,https://www.sec.gov/Archives/edgar/data/1090425/000109042526000008/lamr-20251231.htm,14,Risks Related to Our Industry,The Company’s revenues are sensitive to the state of the economy and the financial markets generally and other external events beyond the Company’s control.,"The Company rents advertising space on outdoor structures to generate revenues. Advertising spending is particularly sensitive to changes in economic conditions, and macroeconomic conditions such as rising interest rates and inflation may impact our industry more negatively than the economy as a whole.
Additionally, the occurrence of any of the following external events could further depress the Company’s revenues:
•a widespread reallocation of advertising expenditures to other available media by significant renters of the Company’s displays; and
•a decline in the amount spent on advertising, in general, or outdoor advertising in particular as a result of macroeconomic factors, which may occur during a recession or in periods of economic uncertainty."
899045,Lamar Media Corp.,10-K,2026-02-20,0001090425-26-000008,https://www.sec.gov/Archives/edgar/data/1090425/000109042526000008/lamr-20251231.htm,15,Risks Related to Our Industry,The Company faces competition from larger and more diversified outdoor advertisers and other forms of advertising that could hurt its performance.,"While the Company enjoys a significant market share in many of its small and medium-sized markets, the Company faces competition from other outdoor advertisers and other media in all of its markets. Although the Company is one of the largest companies focusing exclusively on outdoor advertising in a relatively fragmented industry, it competes against larger companies with diversified operations, such as television, radio and other broadcast media. These diversified competitors have the advantage of cross-selling complementary advertising products to advertisers.
The Company also competes against an increasing variety of out-of-home advertising media, such as advertising displays in shopping centers, malls, airports, stadiums, movie theaters and supermarkets, and on taxis, trains and buses. The Company also faces competition from advertising in other forms of media including online (including display, search, and social media advertising); applications used in conjunction with wireless devices; broadcast, cable and streaming television; radio; direct mail marketing; and traditional print media. The industry competes for advertising revenue along the following dimensions: exposure (the number of “impressions” an advertisement makes), advertising rates (generally measured in cost-per-thousand impressions), ability to target specific demographic groups or geographies, effectiveness, quality of related services (such as advertising copy design and layout) and customer service. The Company may be unable to compete successfully along these dimensions in the future, and the competitive pressures that the Company faces could adversely affect its profitability or financial performance."
899045,Lamar Media Corp.,10-K,2026-02-20,0001090425-26-000008,https://www.sec.gov/Archives/edgar/data/1090425/000109042526000008/lamr-20251231.htm,16,Risks Related to Our Industry,Additional content-based restrictions on the categories of customers that can advertise on our outdoor advertising structures may be implemented by governmental authorities.,"Federal, state or local authorities may seek to restrict or prohibit the use of outdoor advertising with respect to certain products and services. For instance, the use of billboards to advertise certain types of tobacco products is effectively banned in our markets, and in certain cases, state and local governments also prohibit or restrict the use of outdoor advertising for other types of products or services. If additional content-based restrictions are implemented by governmental authorities, certain segments of our customers may not be able to utilize outdoor advertising in the future, which could have a negative impact on our business and results of operations."
899045,Lamar Media Corp.,10-K,2026-02-20,0001090425-26-000008,https://www.sec.gov/Archives/edgar/data/1090425/000109042526000008/lamr-20251231.htm,17,Risks Related to Our Industry,"Federal, state and local regulation impact the Company’s operations, financial condition and financial results.","Outdoor advertising is subject to governmental regulation at the federal, state and local levels. Regulations generally restrict the size, spacing, lighting and other aspects of advertising structures and pose a significant barrier to entry and expansion in many markets. Federal law, principally the Highway Beautification Act of 1965, or the HBA, regulates outdoor advertising on Federal — Aid Primary, Interstate and National Highway Systems roads. The HBA requires states, through the adoption of individual Federal/State Agreements, to “effectively control” outdoor advertising along these roads, and mandates a state compliance program and state standards regarding size, spacing and lighting. These state standards, or their local and municipal equivalents, may be modified over time in response to legal challenges or otherwise, which may have an adverse effect on our business. The HBA requires any state or political subdivision that compels the removal of a lawful billboard along a Federal — Aid Primary or Interstate highway to pay just compensation to the billboard owner.
All states have passed billboard control statutes and regulations at least as restrictive as the federal requirements, including laws requiring the removal of illegal signs at the owner’s expense (and without compensation from the state). Although the Company believes that the number of our billboards that may be subject to removal as illegal is immaterial, and no state in which we operate has banned billboards entirely, from time to time governments have required us to remove signs and billboards legally erected in accordance with federal, state and local permit requirements and laws. Municipal and county governments generally also have sign controls as part of their zoning laws and building codes. We contest laws and regulations that we believe unlawfully restrict our constitutional or other legal rights and may adversely impact the growth of our outdoor advertising business.
Using federal funding for transportation enhancement programs, state governments have purchased and removed billboards for beautification, and may do so again in the future. Under the power of eminent domain, state or municipal governments have laid claim to property and forced the removal of billboards. Under a concept called amortization by which a governmental body asserts that a billboard operator has earned compensation by continued operation over time, local governments have attempted to force removal of legal but nonconforming billboards (i.e., billboards that conformed to applicable zoning regulations when built but which do not conform to current zoning regulations). Although the legality of amortization is questionable, it has been upheld in some instances. Often, municipal and county governments also have sign controls as part of their zoning laws, with some local governments prohibiting construction of new billboards or allowing new construction only to replace existing structures. Although we have generally been able to obtain satisfactory compensation for those of our billboards purchased or removed as a result of governmental action, there is no assurance that this will continue to be the case in the future.
We have continued to expand the deployment of digital billboards, which display static digital advertising copy from various advertisers that changes every 6 to 8 seconds. We have encountered some existing regulations that restrict or prohibit these types of digital displays but they have not yet materially impacted our digital deployment. However, new regulations could be enacted to impose greater restrictions on digital billboards due to alleged concerns over aesthetics or driver safety.
The findings of future studies related to the impact of digital billboards on driver safety issues, if any, may result in regulations at the federal or state level that impose greater restrictions on digital billboards. Any new restrictions on digital billboards could have a material adverse effect on both our existing inventory of digital billboards and our plans to expand our digital deployment, which could have a material adverse effect on our business, results of operations and financial condition."
899045,Lamar Media Corp.,10-K,2026-02-20,0001090425-26-000008,https://www.sec.gov/Archives/edgar/data/1090425/000109042526000008/lamr-20251231.htm,18,Risks Related to Our Industry,Our business and operations could suffer in the event of cybersecurity breaches and we may incur significant legal and financial exposure.,"The risk of a security breach or disruption, particularly through cyber-attacks or cyber intrusions, has generally increased and become more sophisticated over time. Although we have implemented physical and electronic security measures designed to protect against the loss, misuse and alteration of our websites, digital assets, proprietary business information and any personal identifiable information (“PII”) that we collect, no security measures are impenetrable and we and outside parties we interact with may be unable to anticipate or prevent unauthorized access. A security breach could occur due to the actions of outside parties, employee error, malfeasance or a combination of these or other actions. An increase in the number of our employees and outside parties with which we do business working remotely may increase the risk of a cybersecurity incident, which has required us to modify our security measures.
If an actual or perceived breach of our security were to occur, proprietary or competitive information may be misappropriated, and we could experience disruptions in our business operations, information processes and internal controls. In addition, the public perception of the effectiveness of our security measures may be harmed and adversely affect our competitive position. In the event of a security breach, we could suffer significant legal and financial exposure in connection with remediation efforts, investigations and legal proceedings, which could lead to the need for additional resources in our security and system protection measures.
We have been and expect to continue to be the target of fraudulent activities and security breaches; however, to date they have not had a material impact on our business, results of operations or financial condition."
899045,Lamar Media Corp.,10-K,2026-02-20,0001090425-26-000008,https://www.sec.gov/Archives/edgar/data/1090425/000109042526000008/lamr-20251231.htm,19,Risks Related to Our Industry,"We could be negatively impacted by environmental, social and governance (ESG) and sustainability matters.","Governments, shareholders, customers, employees and other stakeholders are increasingly focusing on corporate ESG practices and disclosures, and expectations in this area are rapidly evolving and growing. We may incur costs related to ESG initiatives, including those related to producing enhanced mandatory or voluntary disclosures about our business. Additionally, although we have policies in place with respect to the content we display in customer advertisements, if the content of the advertisements we display is controversial or if our decisions to reject certain ads based on our content policies are viewed negatively, we may face reputational damage. This could lead to public controversy, decreased customer trust, and potential loss of business. If we are unable to respond effectively to ESG matters, our reputation, business, financial condition and results of operations could be adversely impacted."
899045,Lamar Media Corp.,10-K,2026-02-20,0001090425-26-000008,https://www.sec.gov/Archives/edgar/data/1090425/000109042526000008/lamr-20251231.htm,20,Risks Related to Our Status as a REIT,"If Lamar Advertising fails to remain qualified as a REIT, both Lamar Advertising and Lamar Media would be taxed as regular C corporations and would not be able to deduct distributions to the stockholders of Lamar Advertising when computing their taxable income.","Lamar Advertising elected to qualify as a REIT for U.S. federal income tax purposes starting with its taxable year ended December 31, 2014 and for each subsequent taxable year thereafter. REIT qualification involves the application of highly technical and complex provisions of the U.S. Internal Revenue Code of 1986, as amended, (the “Code”) to Lamar Advertising’s assets and operations as well as various factual determinations concerning matters and circumstances not entirely within our control. There are limited judicial or administrative interpretations of these provisions. Although Lamar Advertising plans to operate in a manner consistent with the REIT qualification rules, the Company cannot assure you that it will so qualify or remain so qualified. Lamar Media is treated as a qualified REIT subsidiary of Lamar Advertising that is disregarded as separate from its parent REIT for U.S. federal income tax purposes.
If, in any taxable year, Lamar Advertising fails to qualify for taxation as a REIT, and is not entitled to relief under the Code:
•it will not be allowed a deduction for distributions to its stockholders in computing its taxable income;
•it and its corporate subsidiaries, including Lamar Media, will be subject to applicable federal and state income tax, including any applicable state-level alternative minimum tax, on its taxable income at regular corporate rates; and
•it would be disqualified from REIT tax treatment for the four taxable years following the year during which it was so disqualified.
Any such corporate tax liability could be substantial and would reduce the amount of cash available for distributions to Lamar Advertising’s stockholders, and may require it to borrow funds (under Lamar Media’s senior credit facility or otherwise) or liquidate some investments to pay any such additional tax liability. This adverse impact could last for five or more years because, unless it is entitled to relief under certain statutory provisions, it will be taxable as a corporation, beginning in the year in which the failure occurs, and it will not be allowed to re-elect to be taxed as a REIT for the following four years."
899045,Lamar Media Corp.,10-K,2026-02-20,0001090425-26-000008,https://www.sec.gov/Archives/edgar/data/1090425/000109042526000008/lamr-20251231.htm,21,Risks Related to Our Status as a REIT,"Even if it qualifies as a REIT, certain of Lamar Advertising’s and its subsidiaries’ business activities will be subject to U.S. and foreign taxes which will continue to reduce its cash flows, and it will have potential deferred and contingent tax liabilities.","Even if it qualifies as a REIT, Lamar Advertising may be subject to certain U.S. federal, state and local taxes and foreign taxes on its income and assets, including any applicable state-level alternative minimum taxes, taxes on any undistributed income, and state, local or foreign income, franchise, property and transfer taxes. In addition, the Company could in certain circumstances be required to pay an excise or penalty tax, which could be significant in amount, in order to utilize one or more relief provisions under the Code to maintain qualification for taxation as a REIT.
In order to maintain its qualification as a REIT, the Company holds certain of its non-qualifying REIT assets and receives certain non-qualifying items of income through one or more TRSs. These non-qualifying REIT assets consist principally of the Company’s advertising services business and its transit advertising business. Those TRS assets and operations will continue to be subject, as applicable, to U.S. federal and state corporate income taxes. Furthermore, the Company’s assets and operations outside the United States are subject to foreign taxes in the jurisdictions in which those assets and operations are located. In addition, the Company may incur a 100% excise tax on transactions with a TRS if they are not conducted on an arm’s-length basis. Any of these taxes would decrease the Company’s earnings and its cash available for distributions to stockholders.
The Company was subject to a U.S. federal income tax at the highest regular corporate rate (currently 21%) on all or a portion of the gain recognized from a sale of assets occurring within five years after the effective date of our REIT conversion, to the extent of the built-in gain based on the fair market value of those assets held by the Company on the effective date of REIT conversion in excess of the Company’s then tax basis in those assets. Such five-year period has expired with respect to the Company but certain tax years for which this rule applied remain open such that additional taxes could be assessed with respect to sales in those tax years. The same rules apply to any assets we acquire from a “C” corporation in a carry-over basis transaction with built-in gain at the time of the acquisition by us. Gain from a sale of an asset occurring after the specified period ends will not be subject to this corporate level tax."
899045,Lamar Media Corp.,10-K,2026-02-20,0001090425-26-000008,https://www.sec.gov/Archives/edgar/data/1090425/000109042526000008/lamr-20251231.htm,22,Risks Related to Our Status as a REIT,Dividends payable by REITs generally do not qualify for the reduced tax rates on dividend income from non-REIT corporations.,"Qualified dividend income payable to U.S. stockholders that are individuals, trusts and estates are generally subject to tax at reduced rates. Dividends payable by REITs, however, generally are not eligible for the reduced qualified dividend rates. Non-corporate taxpayers may generally deduct 20% of certain pass-through business income, including “qualified REIT dividends” (generally, dividends received by a REIT shareholder that are not designated as capital gain dividends or qualified dividend income), subject to certain limitations. Although this deduction reduces the effective tax rate applicable to certain dividends paid by REITs, such tax rate may still be higher than the tax rate applicable to regular corporate qualified dividends. This may cause investors to view REIT investments as less attractive than investments in non-REIT corporations, which in turn may adversely affect the value of the stock of REITs, including our stock."
899045,Lamar Media Corp.,10-K,2026-02-20,0001090425-26-000008,https://www.sec.gov/Archives/edgar/data/1090425/000109042526000008/lamr-20251231.htm,23,Risks Related to Our Status as a REIT,Gain on disposition of assets deemed held for sale in the ordinary course of business is subject to 100% tax.,"If we sell any of our assets, the IRS may determine that the sale is a disposition of an asset held primarily for sale to customers in the ordinary course of a trade or business. Gain from this kind of sale will generally be subject to a 100% tax. Whether an asset is held ""primarily for sale to customers in the ordinary course of a trade or business"" depends on the particular facts and circumstances of the sale. Although we will attempt to comply with the terms of safe-harbor provisions in the Internal Revenue Code prescribing when asset sales will not be so characterized, we cannot assure you that we will be able to do so."
899045,Lamar Media Corp.,10-K,2026-02-20,0001090425-26-000008,https://www.sec.gov/Archives/edgar/data/1090425/000109042526000008/lamr-20251231.htm,24,Risks Related to Our Status as a REIT,Failure to make sufficient distributions would jeopardize Lamar Advertising’s qualification as a REIT and/or would subject it to U.S. federal income and excise taxes.,"As a REIT, Lamar Advertising is required to distribute to its stockholders with respect to each taxable year at least 90% of its REIT taxable income (excluding capital gains and net of any available NOL carry forwards) in order to qualify as a REIT, and 100% of its REIT taxable income (excluding capital gains and net of any available NOL carry forwards) in order to avoid U.S. federal income and excise taxes. For these purposes, Lamar Advertising’s subsidiaries that are not TRSs, including Lamar Media, will be treated as part of the REIT and therefore Lamar Advertising also will be required to distribute out their taxable income.
Because the REIT distribution requirements will prevent us from retaining earnings, we may be required to refinance debt at maturity with additional debt or equity, which may not be available on acceptable terms, or at all."
899045,Lamar Media Corp.,10-K,2026-02-20,0001090425-26-000008,https://www.sec.gov/Archives/edgar/data/1090425/000109042526000008/lamr-20251231.htm,25,Risks Related to Our Status as a REIT,Covenants specified in our existing and future debt instruments may limit Lamar Advertising’s ability to make required REIT distributions.,"Lamar Media’s senior credit facility and the indentures relating to Lamar Media’s outstanding notes contain certain covenants that could limit Lamar Advertising’s distributions to its stockholders. If these limits prevent Lamar Advertising from satisfying its REIT distribution requirements, it could fail to qualify for taxation as a REIT. If these limits do not jeopardize Lamar Advertising’s qualification for taxation as a REIT but do nevertheless prevent it from distributing 100% of its REIT taxable income, it will be subject to U.S. federal corporate income tax, and potentially a nondeductible excise tax, on the retained amounts."
899045,Lamar Media Corp.,10-K,2026-02-20,0001090425-26-000008,https://www.sec.gov/Archives/edgar/data/1090425/000109042526000008/lamr-20251231.htm,26,Risks Related to Our Status as a REIT,"Lamar Advertising and its subsidiaries may be required to borrow funds, sell assets, or raise equity to satisfy its REIT distribution requirements or maintain the asset tests.","In order to meet the REIT distribution requirements and maintain its qualification and taxation as a REIT and avoid corporate income taxes, Lamar Advertising and/or its subsidiaries, including Lamar Media, may need to borrow funds, sell assets or raise equity, even if the then-prevailing market conditions are not favorable for these borrowings, sales or offerings. Any insufficiency of its cash flows to cover Lamar Advertising’s REIT distribution requirements could require it to raise short- and long-term debt, to sell assets, or to offer equity securities in order to fund distributions required to maintain its qualification and taxation as a REIT and avoid corporate income taxes. Furthermore, the REIT distribution requirements may increase the financing Lamar Advertising needs to fund capital expenditures, future growth and expansion initiatives. This would increase its total leverage.
In addition, if Lamar Advertising fails to comply with certain asset tests at the end of any calendar quarter, it must correct the failure within 30 days after the end of the calendar quarter or qualify for certain statutory relief provisions to avoid losing its REIT qualification. As a result, it may be required to liquidate otherwise attractive investments. These actions may reduce its income and amounts available for distribution to its stockholders."
899045,Lamar Media Corp.,10-K,2026-02-20,0001090425-26-000008,https://www.sec.gov/Archives/edgar/data/1090425/000109042526000008/lamr-20251231.htm,27,Risks Related to Our Status as a REIT,Complying with REIT requirements may cause Lamar Advertising or its subsidiaries (other than TRSs) to forego otherwise attractive opportunities.,"To qualify as a REIT for U.S. federal income tax purposes, Lamar Advertising must continually satisfy tests concerning, among other things, the sources of its income, the nature and diversification of its assets, the amounts it distributes to its stockholders and the ownership of Lamar Advertising common stock. For these purposes, Lamar Advertising is treated as owning the assets of and receiving or accruing the income of its subsidiaries (other than TRSs). Thus, compliance with these tests will require Lamar Advertising and its subsidiaries to refrain from certain activities and may hinder their ability to make certain attractive investments, including investments in the businesses to be conducted by TRSs, and to that extent limit their opportunities. Furthermore, acquisition opportunities in domestic and international markets may be adversely affected if Lamar Advertising needs or requires the target company to comply with certain REIT requirements prior to closing."
899045,Lamar Media Corp.,10-K,2026-02-20,0001090425-26-000008,https://www.sec.gov/Archives/edgar/data/1090425/000109042526000008/lamr-20251231.htm,28,Risks Related to Our Status as a REIT,Ownership limitations contained in the Lamar Advertising charter may restrict stockholders from acquiring or transferring certain amounts of shares.,"In order for Lamar Advertising to remain qualified as a REIT, no more than 50% of the value of the outstanding shares of its stock may be owned, directly or indirectly or through application of certain attribution rules, by five or fewer “individuals” (as defined in the Code) at any time during the last half of a taxable year (other than the first taxable year for which an election to be a REIT has been made). To preserve its REIT qualification, the Lamar Advertising charter generally prohibits any person or entity from owning actually and by virtue of the applicable constructive ownership provisions more than 5% of the outstanding shares of Lamar Advertising common stock. These ownership limitations could restrict stockholders from acquiring or transferring certain amounts of shares of its stock. The Lamar Advertising charter also provides a separate share ownership limitation for certain members of the Reilly family and their affiliates that allows them to own actually and by virtue of the applicable constructive ownership provisions no more than 19% of the outstanding shares of Lamar Advertising common stock and, during the second half of any taxable year other than its first taxable year as a REIT, no more than 33% in value of the aggregate of the outstanding shares of all classes and series of its stock, in each case excluding any shares of its stock that are not treated as outstanding for federal income tax purposes."
899045,Lamar Media Corp.,10-K,2026-02-20,0001090425-26-000008,https://www.sec.gov/Archives/edgar/data/1090425/000109042526000008/lamr-20251231.htm,29,Risks Related to Our Status as a REIT,"If Lamar Advertising’s operating partnership does not qualify as a partnership, its income may be subject to taxation, and Lamar Advertising would no longer qualify as a REIT.","The Internal Revenue Code classifies “publicly traded partnerships” as associations taxable as corporations (rather than as partnerships), unless substantially all of their taxable income consists of specified types of passive income. Lamar Advertising structured Lamar LP to be classified as a partnership for federal income tax purposes. However, no assurance can be given that the IRS will not challenge Lamar Advertising’s position or will not classify Lamar LP as a “publicly traded partnership” for federal income tax purposes. To minimize this risk, Lamar Advertising has placed certain restrictions on the transfer and/or redemption of partnership units in the Amended and Restated Limited Partnership Agreement of Lamar LP. If the IRS would assert successfully that Lamar LP should be treated as a “publicly traded partnership” and substantially all of Lamar LP ’s gross income did not consist of the specified types of passive income, the Internal Revenue Code would treat Lamar LP as an association taxable as a corporation. In such event, the character of our assets and items of gross income would change and would likely prevent us from satisfying the REIT asset and income tests. This, in turn, would likely prevent Lamar Advertising from qualifying as a REIT. In addition, the imposition of a corporate tax on Lamar LP would reduce the amount of distributions Lamar LP could make to Lamar Advertising and, in turn, reduce the amount of cash available to Lamar Advertising to pay dividends to our shareholders."
899045,Lamar Media Corp.,10-K,2026-02-20,0001090425-26-000008,https://www.sec.gov/Archives/edgar/data/1090425/000109042526000008/lamr-20251231.htm,30,Risks Related to Our Status as a REIT,Lamar Advertising may potentially be unable to deduct the full amount of its interest expense.,"Interest deductions for businesses with average annual gross receipts of over $25 million are capped at 30% of the business’ “adjusted taxable income” plus business interest income pursuant to the Code. As a REIT, Lamar Advertising would generally constitute a real property trade or business, and thus would retain the ability to fully deduct interest expenses if it makes such an election. However, an entity making such an election must use a longer depreciation cost recovery period for its property. The rules for business interest expense will apply to Lamar Advertising and at the level of each entity in which or through which Lamar Advertising invests that is not a disregarded entity for U.S. federal income tax purposes. To the extent that our interest expense is not deductible, Lamar Advertising’s taxable income will be increased, as will its REIT distribution requirements and the amounts it needs to distribute to avoid incurring income and excise taxes."
899045,Lamar Media Corp.,10-K,2026-02-20,0001090425-26-000008,https://www.sec.gov/Archives/edgar/data/1090425/000109042526000008/lamr-20251231.htm,31,Risks Related to Our Status as a REIT,Legislative changes or other actions affecting REITs could have a negative effect on Lamar Advertising and its subsidiaries.,"At any time, the U.S. federal income tax laws governing REITs or the administrative and judicial interpretations of those laws may be amended or interpreted in a different manner. Federal and state tax laws are constantly under review by persons involved in the legislative process, the IRS, the U.S. Department of the Treasury, and state taxing authorities. Additional changes to the tax laws, regulations and administrative and judicial interpretations, which may have retroactive application, could adversely affect Lamar Advertising and its subsidiaries. The Company cannot predict with certainty whether, when, in what forms, or with what effective dates, the tax laws, regulations and administrative and judicial interpretations applicable to Lamar Advertising may be changed. Accordingly, the Company cannot assure you that any such change will not significantly affect Lamar Advertising’s ability to qualify for taxation as a REIT or the U.S. federal income tax consequences to it of such qualification."
899045,Lamar Media Corp.,10-K,2026-02-20,0001090425-26-000008,https://www.sec.gov/Archives/edgar/data/1090425/000109042526000008/lamr-20251231.htm,32,Risks Related to Our Status as a REIT,"The ability of the Board of Directors of Lamar Advertising to revoke its REIT election, without stockholder approval, may cause adverse consequences to its stockholders.","The Lamar Advertising charter provides that the Board of Directors may revoke or otherwise terminate the REIT election, without the approval of its stockholders, if the board determines that it is no longer in the Company’s best interest to continue to qualify as a REIT. If the Company ceases to be a REIT, it will be subject to U.S. federal income tax at regular corporate rates and applicable state and local corporate taxes, which may have adverse consequences on its total return to its stockholders."
899045,Lamar Media Corp.,10-K,2026-02-20,0001090425-26-000008,https://www.sec.gov/Archives/edgar/data/1090425/000109042526000008/lamr-20251231.htm,33,Risks Related to Our Status as a REIT,We are subject to risks related to our use of Artificial Intelligence.,"We expect to increasingly use artificial intelligence (“AI”) technologies, including third‑party AI tools, in our operations. The design, training, and deployment of AI models involve inherent risks and uncertainties that could adversely affect our business, financial condition, and results of operations. AI systems may produce inaccurate or unreliable outputs, which could lead to flawed business decisions. Our use of AI also presents heightened risks relating to data privacy, cybersecurity, intellectual property (including inadvertent use or incorporation of third‑party proprietary content), and the protection of confidential, personal, or otherwise sensitive information. In addition, many aspects of AI are subject to rapidly evolving and, in some cases, unclear or inconsistent laws, regulations, and industry standards. Failure to comply with, or adapt to, these legal and regulatory developments could result in increased compliance costs, investigations, fines, or litigation. We also rely to a significant extent on third‑party AI providers; issues with their systems, security, compliance, or contractual performance could expose us to similar risks. Any of these events could materially and adversely affect our reputation, competitive position, and operating results."
