accession,item,split,score_1.01,score_1.03,score_2.02,score_2.03,score_2.04,score_2.06,score_3.01,score_5.02,revision
0000950142-24-000026,1.01,validation,0.643538,0.005801,0.079270,0.151961,0.089885,0.005589,0.007038,0.016917,c07f66d9cbf781191bee66edfe8ad7856f045781
0001169561-24-000002,5.02,validation,0.232451,0.018352,0.145411,0.020755,0.046092,0.015484,0.035031,0.486425,c07f66d9cbf781191bee66edfe8ad7856f045781
0001213900-24-000436,2.03,validation,0.313168,0.040620,0.184012,0.127960,0.071709,0.114591,0.088722,0.059217,c07f66d9cbf781191bee66edfe8ad7856f045781
0001493152-24-000331,1.01,validation,0.794932,0.004801,0.086831,0.066832,0.020234,0.012625,0.005657,0.008088,c07f66d9cbf781191bee66edfe8ad7856f045781
0001493152-24-000337,2.04,validation,0.809829,0.008618,0.055379,0.042254,0.049982,0.015363,0.008979,0.009595,c07f66d9cbf781191bee66edfe8ad7856f045781
0000005513-24-000003,5.02,validation,0.101170,0.012154,0.029071,0.020594,0.039969,0.011919,0.035376,0.749747,c07f66d9cbf781191bee66edfe8ad7856f045781
0001482430-24-000003,2.04,validation,0.052879,0.036308,0.333593,0.147796,0.261150,0.105780,0.048524,0.013970,c07f66d9cbf781191bee66edfe8ad7856f045781
0001683168-24-000074,3.01,validation,0.059333,0.010032,0.151883,0.010911,0.016834,0.018273,0.703331,0.029401,c07f66d9cbf781191bee66edfe8ad7856f045781
0001193125-24-003176,2.02,validation,0.058960,0.030409,0.647566,0.045650,0.052955,0.027960,0.081221,0.055280,c07f66d9cbf781191bee66edfe8ad7856f045781
0001437749-24-000739,1.01,validation,0.790243,0.011108,0.039038,0.085788,0.041313,0.007590,0.007186,0.017734,c07f66d9cbf781191bee66edfe8ad7856f045781
0001493152-24-001398,2.03,validation,0.031368,0.132579,0.364458,0.270842,0.140678,0.032681,0.015990,0.011405,c07f66d9cbf781191bee66edfe8ad7856f045781
0001628280-24-000678,2.03,validation,0.396839,0.012651,0.065195,0.016891,0.024769,0.011385,0.128332,0.343939,c07f66d9cbf781191bee66edfe8ad7856f045781
0000107815-24-000047,2.06,validation,0.087490,0.057042,0.178993,0.095715,0.133146,0.107825,0.219736,0.120053,c07f66d9cbf781191bee66edfe8ad7856f045781
0001193125-24-003834,1.03,validation,0.132001,0.385519,0.071628,0.185857,0.149504,0.018961,0.014709,0.041821,c07f66d9cbf781191bee66edfe8ad7856f045781
0001193125-24-003834,2.04,validation,0.248981,0.007663,0.060364,0.101492,0.555364,0.011571,0.006230,0.008335,c07f66d9cbf781191bee66edfe8ad7856f045781
0001437749-24-000820,1.03,validation,0.053102,0.577910,0.075179,0.132913,0.075326,0.033328,0.019592,0.032651,c07f66d9cbf781191bee66edfe8ad7856f045781
0001493152-24-001719,2.04,validation,0.608513,0.017862,0.080132,0.092141,0.117851,0.043144,0.013803,0.026554,c07f66d9cbf781191bee66edfe8ad7856f045781
0001639691-24-000006,2.06,validation,0.042092,0.013103,0.473549,0.017257,0.042050,0.380415,0.013867,0.017667,c07f66d9cbf781191bee66edfe8ad7856f045781
0001104659-24-002537,2.06,validation,0.038429,0.102125,0.251201,0.012337,0.027157,0.547067,0.015234,0.006450,c07f66d9cbf781191bee66edfe8ad7856f045781
0001185185-24-000056,2.03,validation,0.093293,0.022796,0.572046,0.139571,0.062329,0.062512,0.020594,0.026860,c07f66d9cbf781191bee66edfe8ad7856f045781
0001493152-24-001934,2.04,validation,0.053865,0.025619,0.208308,0.299848,0.284099,0.035987,0.057395,0.034880,c07f66d9cbf781191bee66edfe8ad7856f045781
0000004904-24-000003,2.06,validation,0.119070,0.038206,0.513817,0.048866,0.091472,0.069047,0.060578,0.058944,c07f66d9cbf781191bee66edfe8ad7856f045781
0001493152-24-002003,5.02,validation,0.281114,0.025868,0.054443,0.032765,0.075957,0.025717,0.063403,0.440733,c07f66d9cbf781191bee66edfe8ad7856f045781
0001493152-24-002048,1.01,validation,0.705153,0.004534,0.007803,0.004507,0.007388,0.005048,0.018518,0.247049,c07f66d9cbf781191bee66edfe8ad7856f045781
0001493152-24-002075,3.01,validation,0.142912,0.021981,0.331592,0.021056,0.043971,0.036596,0.315212,0.086681,c07f66d9cbf781191bee66edfe8ad7856f045781
0001213900-24-003349,3.01,validation,0.078181,0.013976,0.297003,0.015082,0.051172,0.048686,0.444876,0.051023,c07f66d9cbf781191bee66edfe8ad7856f045781
0001104659-24-004091,2.03,validation,0.312880,0.091053,0.091053,0.089993,0.093577,0.093577,0.098452,0.129413,c07f66d9cbf781191bee66edfe8ad7856f045781
0001193125-24-008057,2.06,validation,0.127418,0.033500,0.070573,0.036363,0.055393,0.594083,0.045079,0.037591,c07f66d9cbf781191bee66edfe8ad7856f045781
0001193125-24-008077,2.02,validation,0.065355,0.007547,0.860458,0.009596,0.017074,0.011374,0.016908,0.011689,c07f66d9cbf781191bee66edfe8ad7856f045781
0001213900-24-003801,2.04,validation,0.863881,0.005426,0.087095,0.008486,0.011644,0.007146,0.008273,0.008050,c07f66d9cbf781191bee66edfe8ad7856f045781
0001493152-24-002344,1.03,validation,0.069893,0.366658,0.101247,0.047015,0.061560,0.056545,0.184187,0.112894,c07f66d9cbf781191bee66edfe8ad7856f045781
0001109448-24-000010,5.02,validation,0.049346,0.022373,0.027465,0.022993,0.039651,0.017424,0.046583,0.774166,c07f66d9cbf781191bee66edfe8ad7856f045781
0001213900-24-004490,3.01,validation,0.105412,0.014576,0.313780,0.015853,0.049696,0.037403,0.412457,0.050825,c07f66d9cbf781191bee66edfe8ad7856f045781
0000108985-24-000008,5.02,validation,0.218430,0.017126,0.156277,0.011079,0.022511,0.008781,0.102928,0.462869,c07f66d9cbf781191bee66edfe8ad7856f045781
0001104659-24-005263,2.03,validation,0.163341,0.034005,0.250529,0.147710,0.193027,0.120322,0.042735,0.048331,c07f66d9cbf781191bee66edfe8ad7856f045781
0001493152-24-003058,1.03,validation,0.347266,0.086315,0.101505,0.063334,0.087162,0.162999,0.063831,0.087588,c07f66d9cbf781191bee66edfe8ad7856f045781
0001794905-24-000006,1.03,validation,0.500049,0.165443,0.098225,0.123730,0.077665,0.009505,0.012567,0.012815,c07f66d9cbf781191bee66edfe8ad7856f045781
0001185185-24-000110,2.04,validation,0.066654,0.028003,0.130374,0.245961,0.390891,0.052215,0.055800,0.030102,c07f66d9cbf781191bee66edfe8ad7856f045781
0001213900-24-005348,1.01,validation,0.840402,0.007831,0.029961,0.032018,0.030049,0.007923,0.015392,0.036423,c07f66d9cbf781191bee66edfe8ad7856f045781
0001368365-24-000008,3.01,validation,0.065279,0.018145,0.144758,0.023344,0.043021,0.029452,0.636522,0.039478,c07f66d9cbf781191bee66edfe8ad7856f045781
0001628280-24-001805,5.02,validation,0.102799,0.009595,0.028532,0.021203,0.041232,0.011964,0.015757,0.768918,c07f66d9cbf781191bee66edfe8ad7856f045781
0001062993-24-001183,2.03,validation,0.748306,0.011013,0.083101,0.025756,0.033494,0.039350,0.037917,0.021063,c07f66d9cbf781191bee66edfe8ad7856f045781
0001493152-24-003336,1.03,validation,0.348418,0.086137,0.081553,0.085134,0.085801,0.087836,0.101494,0.123627,c07f66d9cbf781191bee66edfe8ad7856f045781
0000811589-24-000004,2.02,validation,0.041503,0.019991,0.723553,0.031267,0.068830,0.019002,0.070876,0.024977,c07f66d9cbf781191bee66edfe8ad7856f045781
0001193125-24-014234,2.04,validation,0.483568,0.052176,0.058664,0.057417,0.070211,0.061120,0.151273,0.065572,c07f66d9cbf781191bee66edfe8ad7856f045781
0001446371-24-000002,2.04,validation,0.715368,0.006238,0.075284,0.128981,0.034018,0.021708,0.009076,0.009327,c07f66d9cbf781191bee66edfe8ad7856f045781
0000717423-24-000004,2.02,validation,0.090264,0.006819,0.851395,0.009016,0.017653,0.007727,0.009122,0.008004,c07f66d9cbf781191bee66edfe8ad7856f045781
0000950170-24-007397,1.01,validation,0.742268,0.008583,0.065623,0.103391,0.037611,0.011916,0.009136,0.021472,c07f66d9cbf781191bee66edfe8ad7856f045781
0001018399-24-000009,2.02,validation,0.047610,0.030027,0.684226,0.040643,0.084049,0.028764,0.046872,0.037810,c07f66d9cbf781191bee66edfe8ad7856f045781
0001166691-24-000005,2.02,validation,0.138072,0.038454,0.597745,0.045309,0.052766,0.039674,0.045665,0.042316,c07f66d9cbf781191bee66edfe8ad7856f045781
0001171843-24-000398,2.02,validation,0.070213,0.019670,0.764503,0.021226,0.034656,0.018586,0.043299,0.027847,c07f66d9cbf781191bee66edfe8ad7856f045781
0001199835-24-000054,3.01,validation,0.150445,0.057945,0.222126,0.051336,0.070719,0.063392,0.277251,0.106786,c07f66d9cbf781191bee66edfe8ad7856f045781
0001493152-24-003755,5.02,validation,0.328507,0.009161,0.087600,0.013969,0.027917,0.010220,0.024397,0.498230,c07f66d9cbf781191bee66edfe8ad7856f045781
0001493152-24-003962,3.01,validation,0.093136,0.032313,0.359915,0.031197,0.060016,0.056490,0.311861,0.055074,c07f66d9cbf781191bee66edfe8ad7856f045781
0001193125-24-018164,1.03,validation,0.305121,0.301180,0.055849,0.142267,0.106605,0.017267,0.017369,0.054342,c07f66d9cbf781191bee66edfe8ad7856f045781
0001213900-24-007478,3.01,validation,0.051415,0.024863,0.205447,0.026209,0.054412,0.070483,0.529260,0.037911,c07f66d9cbf781191bee66edfe8ad7856f045781
0001104659-24-008268,3.01,validation,0.052944,0.019458,0.065186,0.019458,0.029439,0.030912,0.743830,0.038773,c07f66d9cbf781191bee66edfe8ad7856f045781
0001128361-24-000002,2.02,validation,0.049423,0.016914,0.760012,0.031477,0.063585,0.021050,0.026610,0.030928,c07f66d9cbf781191bee66edfe8ad7856f045781
0001213900-24-008016,1.01,validation,0.785622,0.009155,0.035405,0.058033,0.047319,0.011483,0.010979,0.042004,c07f66d9cbf781191bee66edfe8ad7856f045781
0000003570-24-000005,3.01,validation,0.169472,0.015357,0.070045,0.020746,0.032574,0.019075,0.288669,0.384062,c07f66d9cbf781191bee66edfe8ad7856f045781
0001104659-24-008805,2.04,validation,0.853104,0.004898,0.009222,0.028739,0.079235,0.012336,0.005850,0.006616,c07f66d9cbf781191bee66edfe8ad7856f045781
0000867773-24-000007,2.04,validation,0.763134,0.008885,0.026369,0.118190,0.046122,0.013896,0.011862,0.011542,c07f66d9cbf781191bee66edfe8ad7856f045781
0000950170-24-009806,2.02,validation,0.053631,0.017395,0.800907,0.019943,0.037624,0.016437,0.024819,0.029244,c07f66d9cbf781191bee66edfe8ad7856f045781
0001104659-24-009132,1.01,validation,0.157316,0.021436,0.108863,0.167544,0.223755,0.147640,0.133708,0.039737,c07f66d9cbf781191bee66edfe8ad7856f045781
0001104659-24-009146,1.03,validation,0.166001,0.401902,0.037076,0.128652,0.186094,0.024220,0.024032,0.032024,c07f66d9cbf781191bee66edfe8ad7856f045781
0001104659-24-009793,1.03,validation,0.115929,0.421367,0.063400,0.079366,0.089408,0.092427,0.045133,0.092970,c07f66d9cbf781191bee66edfe8ad7856f045781
0001213900-24-009265,2.06,validation,0.397313,0.021227,0.369118,0.037915,0.066155,0.022073,0.058782,0.027416,c07f66d9cbf781191bee66edfe8ad7856f045781
0001213900-24-009311,5.02,validation,0.258075,0.013253,0.033580,0.013150,0.036416,0.011182,0.083846,0.550496,c07f66d9cbf781191bee66edfe8ad7856f045781
0001628280-24-003069,2.04,validation,0.128693,0.044780,0.419322,0.153574,0.096763,0.054121,0.058747,0.044000,c07f66d9cbf781191bee66edfe8ad7856f045781
0001193125-24-023512,1.03,validation,0.066804,0.528543,0.049936,0.160470,0.143616,0.015759,0.011896,0.022974,c07f66d9cbf781191bee66edfe8ad7856f045781
0001213900-24-009799,2.03,validation,0.180765,0.042146,0.164750,0.096946,0.096568,0.112899,0.256168,0.049758,c07f66d9cbf781191bee66edfe8ad7856f045781
0001213900-24-009802,2.03,validation,0.224206,0.039807,0.168909,0.105907,0.093463,0.070137,0.253935,0.043634,c07f66d9cbf781191bee66edfe8ad7856f045781
0001213900-24-010112,1.01,validation,0.251629,0.033007,0.243173,0.060708,0.100385,0.048685,0.168936,0.093477,c07f66d9cbf781191bee66edfe8ad7856f045781
0001401708-24-000012,1.03,validation,0.132662,0.389345,0.050108,0.205899,0.138656,0.024829,0.025220,0.033281,c07f66d9cbf781191bee66edfe8ad7856f045781
0001401708-24-000012,2.04,validation,0.030186,0.149565,0.072360,0.145141,0.572923,0.013098,0.007890,0.008836,c07f66d9cbf781191bee66edfe8ad7856f045781
0001839882-24-003361,1.03,validation,0.131126,0.429420,0.072450,0.120504,0.153901,0.023915,0.017360,0.051324,c07f66d9cbf781191bee66edfe8ad7856f045781
0001932393-24-000006,5.02,validation,0.149932,0.012127,0.018528,0.012809,0.030369,0.010192,0.256393,0.509650,c07f66d9cbf781191bee66edfe8ad7856f045781
0001437749-24-003226,2.03,validation,0.771523,0.013405,0.071204,0.044385,0.042977,0.016138,0.014325,0.026042,c07f66d9cbf781191bee66edfe8ad7856f045781
0001493152-24-004968,1.03,validation,0.049518,0.249122,0.056496,0.086992,0.103306,0.066764,0.024489,0.363312,c07f66d9cbf781191bee66edfe8ad7856f045781
0001107843-24-000004,2.02,validation,0.071805,0.012502,0.818556,0.015348,0.027955,0.015712,0.022594,0.015529,c07f66d9cbf781191bee66edfe8ad7856f045781
0001193125-24-025866,1.03,validation,0.237528,0.240739,0.069007,0.225602,0.136168,0.016796,0.021149,0.053013,c07f66d9cbf781191bee66edfe8ad7856f045781
0001060391-24-000074,5.02,validation,0.081252,0.029629,0.338592,0.037970,0.069566,0.050796,0.044046,0.348148,c07f66d9cbf781191bee66edfe8ad7856f045781
0001193125-24-028351,2.06,validation,0.059543,0.008265,0.384494,0.015322,0.026525,0.475251,0.009348,0.021251,c07f66d9cbf781191bee66edfe8ad7856f045781
0001628280-24-003869,2.02,validation,0.031243,0.014138,0.838691,0.021223,0.034180,0.013050,0.026986,0.020490,c07f66d9cbf781191bee66edfe8ad7856f045781
0001213900-24-012143,1.03,validation,0.229840,0.291105,0.047978,0.276311,0.076369,0.022246,0.016181,0.039970,c07f66d9cbf781191bee66edfe8ad7856f045781
0001365916-24-000008,1.03,validation,0.037247,0.374212,0.130897,0.189526,0.128867,0.026053,0.026258,0.086941,c07f66d9cbf781191bee66edfe8ad7856f045781
0001104659-24-014642,3.01,validation,0.168880,0.030338,0.169541,0.033060,0.062615,0.053662,0.423426,0.058478,c07f66d9cbf781191bee66edfe8ad7856f045781
0001213900-24-012635,2.04,validation,0.560018,0.011737,0.068404,0.036046,0.261069,0.014607,0.023895,0.024224,c07f66d9cbf781191bee66edfe8ad7856f045781
0001007587-24-000001,2.06,validation,0.128711,0.026458,0.569672,0.050998,0.075813,0.077158,0.032164,0.039025,c07f66d9cbf781191bee66edfe8ad7856f045781
0001140361-24-007259,2.02,validation,0.040831,0.015528,0.844901,0.016305,0.021100,0.015589,0.027199,0.018548,c07f66d9cbf781191bee66edfe8ad7856f045781
0001140361-24-007454,1.03,validation,0.070170,0.514641,0.070238,0.042602,0.188519,0.040021,0.036725,0.037085,c07f66d9cbf781191bee66edfe8ad7856f045781
0001213900-24-012888,2.04,validation,0.271166,0.012037,0.027365,0.068998,0.586239,0.009824,0.011330,0.013041,c07f66d9cbf781191bee66edfe8ad7856f045781
0001558370-24-001041,1.01,validation,0.799121,0.014751,0.062348,0.021716,0.030925,0.016296,0.017759,0.037085,c07f66d9cbf781191bee66edfe8ad7856f045781
0000950170-24-014944,2.03,validation,0.481927,0.017831,0.025442,0.031911,0.019891,0.013538,0.127014,0.282447,c07f66d9cbf781191bee66edfe8ad7856f045781
0001193125-24-033998,5.02,validation,0.551731,0.013839,0.029241,0.012874,0.018806,0.009910,0.019177,0.344423,c07f66d9cbf781191bee66edfe8ad7856f045781
0001193125-24-036343,3.01,validation,0.048938,0.020480,0.323156,0.021048,0.031659,0.028434,0.485234,0.041050,c07f66d9cbf781191bee66edfe8ad7856f045781
0001193125-24-036588,1.03,validation,0.348418,0.086137,0.081553,0.085134,0.085801,0.087836,0.101494,0.123627,c07f66d9cbf781191bee66edfe8ad7856f045781
0001213900-24-014582,2.04,validation,0.735790,0.023354,0.036920,0.077779,0.054087,0.018474,0.018366,0.035229,c07f66d9cbf781191bee66edfe8ad7856f045781
0001493152-24-006885,3.01,validation,0.092160,0.040105,0.187080,0.040262,0.077003,0.090201,0.408221,0.064969,c07f66d9cbf781191bee66edfe8ad7856f045781
0001193125-24-039457,5.02,validation,0.142457,0.013077,0.020897,0.017631,0.035826,0.014030,0.039656,0.716426,c07f66d9cbf781191bee66edfe8ad7856f045781
0001193125-24-040027,2.03,validation,0.123826,0.016418,0.310065,0.154631,0.136328,0.063368,0.028983,0.166382,c07f66d9cbf781191bee66edfe8ad7856f045781
0001829126-24-001004,5.02,validation,0.097471,0.015317,0.050370,0.015168,0.023539,0.014083,0.072576,0.711477,c07f66d9cbf781191bee66edfe8ad7856f045781
0001193125-24-041592,1.03,validation,0.270650,0.117892,0.127596,0.182061,0.181528,0.026382,0.033026,0.060864,c07f66d9cbf781191bee66edfe8ad7856f045781
0001683168-24-001124,3.01,validation,0.135756,0.032213,0.132741,0.032213,0.047330,0.059948,0.493312,0.066486,c07f66d9cbf781191bee66edfe8ad7856f045781
0000832428-24-000012,2.02,validation,0.034223,0.018140,0.849222,0.017859,0.023752,0.018069,0.017651,0.021084,c07f66d9cbf781191bee66edfe8ad7856f045781
0001104659-24-026689,2.03,validation,0.312880,0.091053,0.091053,0.089993,0.093577,0.093577,0.098452,0.129413,c07f66d9cbf781191bee66edfe8ad7856f045781
0001213900-24-016482,1.01,validation,0.890944,0.008889,0.012390,0.012463,0.023627,0.012909,0.011128,0.027650,c07f66d9cbf781191bee66edfe8ad7856f045781
0001477932-24-000864,2.04,validation,0.326540,0.010683,0.057413,0.279987,0.277130,0.009137,0.018458,0.020652,c07f66d9cbf781191bee66edfe8ad7856f045781
0001347652-24-000017,1.03,validation,0.134857,0.355909,0.064296,0.146601,0.202395,0.028952,0.023909,0.043082,c07f66d9cbf781191bee66edfe8ad7856f045781
0001347652-24-000017,2.04,validation,0.027050,0.087105,0.047059,0.126243,0.645199,0.033533,0.011298,0.022513,c07f66d9cbf781191bee66edfe8ad7856f045781
0000867773-24-000021,5.02,validation,0.290452,0.010110,0.015296,0.010451,0.012124,0.009647,0.010974,0.640945,c07f66d9cbf781191bee66edfe8ad7856f045781
0001104659-24-028211,1.03,validation,0.396390,0.263473,0.038734,0.157760,0.080139,0.015498,0.017155,0.030851,c07f66d9cbf781191bee66edfe8ad7856f045781
0001493152-24-007962,2.04,validation,0.890617,0.005306,0.043654,0.009740,0.009496,0.009132,0.020143,0.011911,c07f66d9cbf781191bee66edfe8ad7856f045781
0001493152-24-007972,5.02,validation,0.307029,0.024004,0.114854,0.038209,0.111756,0.024098,0.067651,0.312397,c07f66d9cbf781191bee66edfe8ad7856f045781
0000939057-24-000064,5.02,validation,0.202692,0.033121,0.091718,0.041220,0.077008,0.052310,0.067563,0.434369,c07f66d9cbf781191bee66edfe8ad7856f045781
0001193125-24-048246,3.01,validation,0.026529,0.014939,0.379597,0.014339,0.037048,0.016122,0.457100,0.054327,c07f66d9cbf781191bee66edfe8ad7856f045781
0001193125-24-049404,2.06,validation,0.479381,0.006712,0.098673,0.011919,0.022752,0.348333,0.013219,0.019010,c07f66d9cbf781191bee66edfe8ad7856f045781
0001213900-24-018089,1.03,validation,0.274378,0.272376,0.076509,0.115754,0.140173,0.031094,0.034284,0.055431,c07f66d9cbf781191bee66edfe8ad7856f045781
0001437749-24-005804,2.02,validation,0.064936,0.016890,0.743511,0.029934,0.063804,0.017358,0.038361,0.025207,c07f66d9cbf781191bee66edfe8ad7856f045781
0001437749-24-005816,2.04,validation,0.155585,0.028141,0.046761,0.242628,0.245728,0.058024,0.143823,0.079310,c07f66d9cbf781191bee66edfe8ad7856f045781
0001493152-24-008150,2.03,validation,0.293086,0.100108,0.093129,0.097598,0.098749,0.098942,0.100893,0.117496,c07f66d9cbf781191bee66edfe8ad7856f045781
0001493152-24-008223,1.01,validation,0.870659,0.010633,0.037551,0.011955,0.016150,0.008527,0.033891,0.010633,c07f66d9cbf781191bee66edfe8ad7856f045781
0000732717-24-000012,5.02,validation,0.085565,0.030974,0.213370,0.042544,0.085690,0.040954,0.129771,0.371131,c07f66d9cbf781191bee66edfe8ad7856f045781
0001104659-24-029978,3.01,validation,0.052225,0.019100,0.414030,0.019213,0.030344,0.023957,0.413449,0.027682,c07f66d9cbf781191bee66edfe8ad7856f045781
0001193125-24-056155,3.01,validation,0.040841,0.020819,0.172029,0.023407,0.033660,0.060891,0.626192,0.022161,c07f66d9cbf781191bee66edfe8ad7856f045781
0001213900-24-018986,2.03,validation,0.169746,0.127382,0.109810,0.121075,0.120839,0.117121,0.109596,0.124431,c07f66d9cbf781191bee66edfe8ad7856f045781
0001493152-24-008511,1.01,validation,0.072359,0.021875,0.151919,0.068442,0.078930,0.045237,0.038317,0.522920,c07f66d9cbf781191bee66edfe8ad7856f045781
0001493152-24-008602,2.04,validation,0.860830,0.005783,0.065863,0.010071,0.011683,0.009461,0.022651,0.013658,c07f66d9cbf781191bee66edfe8ad7856f045781
0000078814-24-000008,5.02,validation,0.064481,0.016496,0.036171,0.013359,0.035437,0.011812,0.014137,0.808108,c07f66d9cbf781191bee66edfe8ad7856f045781
0001104659-24-030540,1.01,validation,0.737187,0.009859,0.034546,0.104402,0.062068,0.010977,0.011869,0.029091,c07f66d9cbf781191bee66edfe8ad7856f045781
0001213900-24-019540,5.02,validation,0.256391,0.022456,0.059804,0.018910,0.033909,0.018115,0.189732,0.400682,c07f66d9cbf781191bee66edfe8ad7856f045781
0001493152-24-008722,2.03,validation,0.278314,0.102586,0.097127,0.098656,0.099819,0.098080,0.103593,0.121824,c07f66d9cbf781191bee66edfe8ad7856f045781
0001558370-24-002306,2.04,validation,0.808389,0.012677,0.013105,0.082744,0.031314,0.010266,0.010738,0.030768,c07f66d9cbf781191bee66edfe8ad7856f045781
0001654954-24-002525,2.03,validation,0.578848,0.004930,0.050456,0.315022,0.029159,0.008322,0.005522,0.007741,c07f66d9cbf781191bee66edfe8ad7856f045781
0001069183-24-000015,5.02,validation,0.323314,0.015972,0.143893,0.018673,0.061107,0.016160,0.110650,0.310231,c07f66d9cbf781191bee66edfe8ad7856f045781
0001104659-24-030872,5.02,validation,0.079412,0.014575,0.085530,0.022619,0.032591,0.013854,0.058669,0.692749,c07f66d9cbf781191bee66edfe8ad7856f045781
0001327607-24-000043,5.02,validation,0.280096,0.012772,0.092580,0.014220,0.023172,0.011561,0.220065,0.345535,c07f66d9cbf781191bee66edfe8ad7856f045781
0001437749-24-006527,2.02,validation,0.106037,0.012701,0.777414,0.014309,0.039085,0.012239,0.015351,0.022865,c07f66d9cbf781191bee66edfe8ad7856f045781
0001437749-24-006611,1.01,validation,0.803191,0.008164,0.036091,0.087546,0.036410,0.006795,0.007107,0.014697,c07f66d9cbf781191bee66edfe8ad7856f045781
0001628280-24-008736,1.03,validation,0.117892,0.357941,0.071926,0.186561,0.184027,0.022832,0.021324,0.037497,c07f66d9cbf781191bee66edfe8ad7856f045781
0001628280-24-008758,1.03,validation,0.348418,0.086137,0.081553,0.085134,0.085801,0.087836,0.101494,0.123627,c07f66d9cbf781191bee66edfe8ad7856f045781
0001664710-24-000026,5.02,validation,0.220433,0.014044,0.018352,0.024551,0.027176,0.014098,0.049401,0.631945,c07f66d9cbf781191bee66edfe8ad7856f045781
0001437749-24-006860,2.02,validation,0.142486,0.019915,0.681090,0.026694,0.054719,0.024688,0.023557,0.026851,c07f66d9cbf781191bee66edfe8ad7856f045781
0001493152-24-009026,2.04,validation,0.316581,0.092853,0.088083,0.090702,0.090525,0.092491,0.097309,0.131456,c07f66d9cbf781191bee66edfe8ad7856f045781
0001683168-24-001359,2.04,validation,0.119464,0.031164,0.115450,0.125197,0.253771,0.098460,0.176212,0.080283,c07f66d9cbf781191bee66edfe8ad7856f045781
0001437749-24-006939,2.03,validation,0.157234,0.123656,0.107855,0.125358,0.119384,0.118455,0.122454,0.125603,c07f66d9cbf781191bee66edfe8ad7856f045781
0001493152-24-009173,1.01,validation,0.850253,0.007256,0.061682,0.016871,0.018620,0.015512,0.020192,0.009613,c07f66d9cbf781191bee66edfe8ad7856f045781
0001493152-24-009202,2.04,validation,0.860830,0.005783,0.065863,0.010071,0.011683,0.009461,0.022651,0.013658,c07f66d9cbf781191bee66edfe8ad7856f045781
0000950142-24-000649,1.03,validation,0.075134,0.321542,0.062961,0.383616,0.094793,0.015279,0.017280,0.029394,c07f66d9cbf781191bee66edfe8ad7856f045781
0000950170-24-028393,1.01,validation,0.857435,0.009098,0.033149,0.009837,0.014971,0.010169,0.037125,0.028216,c07f66d9cbf781191bee66edfe8ad7856f045781
0001437749-24-007167,5.02,validation,0.067308,0.013254,0.118361,0.018365,0.103741,0.012139,0.085377,0.581455,c07f66d9cbf781191bee66edfe8ad7856f045781
0001477932-24-001097,2.04,validation,0.348914,0.021569,0.031444,0.246844,0.169653,0.114905,0.020381,0.046290,c07f66d9cbf781191bee66edfe8ad7856f045781
0001818874-24-000046,5.02,validation,0.036197,0.010180,0.042071,0.011925,0.019970,0.009790,0.132824,0.737043,c07f66d9cbf781191bee66edfe8ad7856f045781
0001213900-24-021454,2.04,validation,0.527779,0.025806,0.129971,0.040204,0.136675,0.098251,0.017633,0.023681,c07f66d9cbf781191bee66edfe8ad7856f045781
0001493152-24-009494,3.01,validation,0.139615,0.030970,0.461595,0.034482,0.085178,0.045682,0.117797,0.084681,c07f66d9cbf781191bee66edfe8ad7856f045781
0001493152-24-009510,3.01,validation,0.046987,0.023420,0.048337,0.020071,0.027757,0.038839,0.429716,0.364873,c07f66d9cbf781191bee66edfe8ad7856f045781
0001520138-24-000102,1.01,validation,0.754649,0.009207,0.074356,0.014289,0.029204,0.013449,0.024329,0.080516,c07f66d9cbf781191bee66edfe8ad7856f045781
0000065984-24-000018,2.06,validation,0.185963,0.035215,0.264178,0.063394,0.093417,0.043998,0.034534,0.279300,c07f66d9cbf781191bee66edfe8ad7856f045781
0001065949-24-000023,2.04,validation,0.085119,0.047191,0.430586,0.067863,0.161528,0.048405,0.123124,0.036183,c07f66d9cbf781191bee66edfe8ad7856f045781
0001193125-24-065017,3.01,validation,0.096320,0.028168,0.040506,0.036310,0.045454,0.041305,0.669735,0.042202,c07f66d9cbf781191bee66edfe8ad7856f045781
0001437749-24-007478,2.04,validation,0.440244,0.143626,0.017907,0.250598,0.092879,0.022047,0.012428,0.020271,c07f66d9cbf781191bee66edfe8ad7856f045781
0001683695-24-000067,1.01,validation,0.797565,0.009304,0.052247,0.009450,0.011533,0.010481,0.019696,0.089725,c07f66d9cbf781191bee66edfe8ad7856f045781
0001104659-24-033709,1.03,validation,0.116705,0.320429,0.051222,0.205927,0.146663,0.034896,0.031835,0.092322,c07f66d9cbf781191bee66edfe8ad7856f045781
0001104659-24-033709,2.04,validation,0.247886,0.126509,0.024484,0.187709,0.380389,0.010865,0.011101,0.011057,c07f66d9cbf781191bee66edfe8ad7856f045781
0001104659-24-033920,2.03,validation,0.359789,0.085876,0.083559,0.084710,0.086044,0.088084,0.089646,0.122293,c07f66d9cbf781191bee66edfe8ad7856f045781
0001161697-24-000140,2.03,validation,0.570169,0.026852,0.039607,0.042161,0.196289,0.032771,0.034749,0.057403,c07f66d9cbf781191bee66edfe8ad7856f045781
0001558370-24-003118,3.01,validation,0.143629,0.042457,0.213309,0.044843,0.118031,0.096428,0.245998,0.095305,c07f66d9cbf781191bee66edfe8ad7856f045781
0000950142-24-000680,1.03,validation,0.064671,0.461799,0.106728,0.169348,0.123264,0.012973,0.025850,0.035367,c07f66d9cbf781191bee66edfe8ad7856f045781
0001628280-24-011256,1.01,validation,0.841663,0.012326,0.023575,0.016490,0.040774,0.012643,0.014188,0.038341,c07f66d9cbf781191bee66edfe8ad7856f045781
0001104659-24-035058,2.02,validation,0.058155,0.026315,0.695112,0.059071,0.066027,0.027903,0.034794,0.032622,c07f66d9cbf781191bee66edfe8ad7856f045781
0001104659-24-035086,3.01,validation,0.043618,0.020483,0.297569,0.020284,0.040340,0.042359,0.495241,0.040105,c07f66d9cbf781191bee66edfe8ad7856f045781
0001193125-24-068672,3.01,validation,0.021253,0.008106,0.101197,0.009240,0.015474,0.015872,0.806931,0.021928,c07f66d9cbf781191bee66edfe8ad7856f045781
0001731122-24-000433,3.01,validation,0.039423,0.013624,0.038398,0.018659,0.031554,0.022551,0.158494,0.677297,c07f66d9cbf781191bee66edfe8ad7856f045781
0001819395-24-000015,2.02,validation,0.088499,0.041886,0.420354,0.094391,0.171757,0.037327,0.097008,0.048779,c07f66d9cbf781191bee66edfe8ad7856f045781
0001104659-24-035557,2.02,validation,0.060663,0.008071,0.868668,0.008951,0.026257,0.009362,0.010650,0.007377,c07f66d9cbf781191bee66edfe8ad7856f045781
0001193125-24-069648,1.03,validation,0.651537,0.010634,0.025686,0.124303,0.084653,0.008578,0.024343,0.070266,c07f66d9cbf781191bee66edfe8ad7856f045781
0001193125-24-069648,2.04,validation,0.115155,0.021849,0.038875,0.076935,0.683374,0.026355,0.016851,0.020606,c07f66d9cbf781191bee66edfe8ad7856f045781
0001193125-24-069658,2.04,validation,0.174746,0.045319,0.304450,0.052776,0.097261,0.066067,0.211608,0.047773,c07f66d9cbf781191bee66edfe8ad7856f045781
0001020569-24-000084,5.02,validation,0.166157,0.034786,0.116252,0.038392,0.096895,0.025450,0.026619,0.495449,c07f66d9cbf781191bee66edfe8ad7856f045781
0001013237-24-000036,2.02,validation,0.153962,0.047788,0.349338,0.107273,0.122271,0.051470,0.096159,0.071739,c07f66d9cbf781191bee66edfe8ad7856f045781
0000950170-24-035389,3.01,validation,0.058346,0.059672,0.069491,0.017691,0.051793,0.022451,0.645931,0.074626,c07f66d9cbf781191bee66edfe8ad7856f045781
0001104659-24-037932,3.01,validation,0.110232,0.022264,0.059350,0.023196,0.041352,0.028644,0.675582,0.039381,c07f66d9cbf781191bee66edfe8ad7856f045781
0001171843-24-001525,2.02,validation,0.211033,0.098139,0.113400,0.092014,0.163074,0.089532,0.111860,0.120949,c07f66d9cbf781191bee66edfe8ad7856f045781
0001193125-24-075420,5.02,validation,0.124818,0.023822,0.179668,0.031191,0.070290,0.023270,0.116570,0.430371,c07f66d9cbf781191bee66edfe8ad7856f045781
0001437749-24-008887,1.03,validation,0.193253,0.039271,0.146911,0.151723,0.323519,0.022618,0.024938,0.097768,c07f66d9cbf781191bee66edfe8ad7856f045781
0001437749-24-009047,2.02,validation,0.171453,0.012937,0.696059,0.022309,0.047506,0.012912,0.017926,0.018897,c07f66d9cbf781191bee66edfe8ad7856f045781
0001104659-24-038503,1.03,validation,0.101837,0.324388,0.062556,0.244055,0.170628,0.029665,0.024212,0.042660,c07f66d9cbf781191bee66edfe8ad7856f045781
0001140361-24-015028,2.03,validation,0.335923,0.089446,0.086694,0.087888,0.090501,0.092466,0.098815,0.118266,c07f66d9cbf781191bee66edfe8ad7856f045781
0001683168-24-001714,2.02,validation,0.124508,0.011735,0.771319,0.015607,0.032879,0.012614,0.014950,0.016388,c07f66d9cbf781191bee66edfe8ad7856f045781
0001199835-24-000136,5.02,validation,0.063745,0.011110,0.017410,0.015790,0.021041,0.011329,0.068455,0.791119,c07f66d9cbf781191bee66edfe8ad7856f045781
0001213900-24-026228,2.04,validation,0.669517,0.021828,0.057454,0.080080,0.096972,0.027379,0.021448,0.025321,c07f66d9cbf781191bee66edfe8ad7856f045781
0001437749-24-009615,2.04,validation,0.045325,0.014069,0.091069,0.278295,0.432772,0.085010,0.034786,0.018674,c07f66d9cbf781191bee66edfe8ad7856f045781
0001628280-24-013616,2.03,validation,0.710213,0.019470,0.039717,0.041542,0.031113,0.019738,0.074491,0.063716,c07f66d9cbf781191bee66edfe8ad7856f045781
0001104659-24-041118,1.01,validation,0.851831,0.006863,0.059604,0.010044,0.021598,0.011359,0.025054,0.013648,c07f66d9cbf781191bee66edfe8ad7856f045781
0001104659-24-041160,2.03,validation,0.624212,0.021365,0.058132,0.041423,0.053921,0.020748,0.139179,0.041021,c07f66d9cbf781191bee66edfe8ad7856f045781
0001493152-24-012031,3.01,validation,0.243473,0.024595,0.391546,0.024025,0.039765,0.052067,0.193074,0.031457,c07f66d9cbf781191bee66edfe8ad7856f045781
0001193125-24-083403,1.03,validation,0.089255,0.446791,0.066070,0.141657,0.173223,0.024568,0.019935,0.038501,c07f66d9cbf781191bee66edfe8ad7856f045781
0001213900-24-028785,3.01,validation,0.083615,0.018154,0.158364,0.020652,0.047088,0.029409,0.571128,0.071590,c07f66d9cbf781191bee66edfe8ad7856f045781
0001437749-24-010167,2.02,validation,0.052415,0.020748,0.699932,0.049966,0.096452,0.016001,0.043453,0.021033,c07f66d9cbf781191bee66edfe8ad7856f045781
0001628280-24-014061,1.03,validation,0.196210,0.175582,0.153819,0.278217,0.141222,0.014885,0.013686,0.026380,c07f66d9cbf781191bee66edfe8ad7856f045781
0001829126-24-002060,1.03,validation,0.242087,0.380160,0.138122,0.035145,0.156590,0.015965,0.015965,0.015965,c07f66d9cbf781191bee66edfe8ad7856f045781
0001829126-24-002060,2.04,validation,0.161339,0.013414,0.026315,0.092797,0.673402,0.014392,0.008884,0.009457,c07f66d9cbf781191bee66edfe8ad7856f045781
0000950170-24-039674,1.03,validation,0.596598,0.140859,0.059129,0.098769,0.058354,0.010884,0.009776,0.025630,c07f66d9cbf781191bee66edfe8ad7856f045781
0000950170-24-039674,2.04,validation,0.030732,0.048537,0.073362,0.132453,0.648149,0.028422,0.017306,0.021039,c07f66d9cbf781191bee66edfe8ad7856f045781
0001193125-24-084775,2.04,validation,0.322455,0.008966,0.027136,0.100577,0.506550,0.012018,0.010964,0.011334,c07f66d9cbf781191bee66edfe8ad7856f045781
0001437749-24-010537,2.06,validation,0.034694,0.007779,0.280725,0.010186,0.018844,0.630157,0.008627,0.008989,c07f66d9cbf781191bee66edfe8ad7856f045781
0001446687-24-000069,1.03,validation,0.160057,0.613036,0.089009,0.024050,0.055267,0.012188,0.013101,0.033293,c07f66d9cbf781191bee66edfe8ad7856f045781
0001653247-24-000019,2.04,validation,0.527805,0.006014,0.057565,0.221315,0.158244,0.014526,0.007514,0.007018,c07f66d9cbf781191bee66edfe8ad7856f045781
0000716634-24-000012,2.02,validation,0.058344,0.009313,0.732618,0.084683,0.074006,0.015057,0.014480,0.011500,c07f66d9cbf781191bee66edfe8ad7856f045781
0001193125-24-085064,1.03,validation,0.678957,0.044477,0.026977,0.157051,0.056859,0.007484,0.007812,0.020383,c07f66d9cbf781191bee66edfe8ad7856f045781
0001193125-24-085435,3.01,validation,0.062976,0.016444,0.438853,0.017573,0.045538,0.016834,0.046300,0.355481,c07f66d9cbf781191bee66edfe8ad7856f045781
0001193125-24-085992,1.03,validation,0.068418,0.355697,0.078903,0.166143,0.259440,0.033442,0.020403,0.017554,c07f66d9cbf781191bee66edfe8ad7856f045781
0001193125-24-085992,2.04,validation,0.263332,0.052516,0.013620,0.056465,0.592849,0.010371,0.006181,0.004666,c07f66d9cbf781191bee66edfe8ad7856f045781
0001213900-24-029909,1.03,validation,0.102336,0.354929,0.137978,0.089784,0.106205,0.047128,0.046579,0.115060,c07f66d9cbf781191bee66edfe8ad7856f045781
0001437749-24-010899,1.01,validation,0.721496,0.007046,0.072315,0.102643,0.063943,0.008751,0.008803,0.015003,c07f66d9cbf781191bee66edfe8ad7856f045781
0001493152-24-012985,2.04,validation,0.316581,0.092853,0.088083,0.090702,0.090525,0.092491,0.097309,0.131456,c07f66d9cbf781191bee66edfe8ad7856f045781
0001753926-24-000664,2.02,validation,0.044627,0.008996,0.885908,0.010558,0.017239,0.009031,0.010830,0.012811,c07f66d9cbf781191bee66edfe8ad7856f045781
0001193125-24-087419,2.04,validation,0.271009,0.070766,0.075625,0.068723,0.276085,0.094301,0.075036,0.068455,c07f66d9cbf781191bee66edfe8ad7856f045781
0001462120-24-000025,5.02,validation,0.153712,0.027371,0.079979,0.029538,0.080842,0.025814,0.061502,0.541243,c07f66d9cbf781191bee66edfe8ad7856f045781
0001493152-24-013182,3.01,validation,0.077506,0.026917,0.435580,0.026759,0.047425,0.056539,0.278295,0.050979,c07f66d9cbf781191bee66edfe8ad7856f045781
0001193125-24-087515,2.03,validation,0.262850,0.093357,0.110216,0.099184,0.101338,0.098220,0.110432,0.124404,c07f66d9cbf781191bee66edfe8ad7856f045781
0001591698-24-000089,5.02,validation,0.261373,0.014077,0.035598,0.012399,0.016914,0.010259,0.080437,0.568942,c07f66d9cbf781191bee66edfe8ad7856f045781
0001628280-24-015290,5.02,validation,0.133414,0.016711,0.060799,0.015546,0.039351,0.012370,0.089199,0.632610,c07f66d9cbf781191bee66edfe8ad7856f045781
0001654954-24-004326,1.01,validation,0.718338,0.018115,0.048432,0.036027,0.070262,0.025004,0.043669,0.040152,c07f66d9cbf781191bee66edfe8ad7856f045781
0000950170-24-043015,2.03,validation,0.289938,0.047796,0.051277,0.124458,0.332416,0.052289,0.049025,0.052802,c07f66d9cbf781191bee66edfe8ad7856f045781
0001213900-24-031345,1.01,validation,0.798810,0.013839,0.050867,0.017665,0.021392,0.018441,0.055216,0.023771,c07f66d9cbf781191bee66edfe8ad7856f045781
0001493152-24-014070,2.03,validation,0.351981,0.032755,0.252041,0.041326,0.078423,0.053375,0.105220,0.084878,c07f66d9cbf781191bee66edfe8ad7856f045781
0000929638-24-001430,5.02,validation,0.122605,0.021191,0.197700,0.046695,0.119007,0.029307,0.067478,0.396016,c07f66d9cbf781191bee66edfe8ad7856f045781
0001104659-24-045772,2.04,validation,0.179779,0.014110,0.241108,0.300357,0.172196,0.045591,0.025006,0.021854,c07f66d9cbf781191bee66edfe8ad7856f045781
0000898432-24-000311,2.03,validation,0.180416,0.038903,0.151629,0.288726,0.128811,0.085975,0.054542,0.070998,c07f66d9cbf781191bee66edfe8ad7856f045781
0000950170-24-044010,3.01,validation,0.081854,0.034727,0.313321,0.037622,0.063748,0.052233,0.352620,0.063873,c07f66d9cbf781191bee66edfe8ad7856f045781
0001193125-24-097105,1.01,validation,0.484598,0.022333,0.136404,0.031127,0.064307,0.030585,0.052743,0.177904,c07f66d9cbf781191bee66edfe8ad7856f045781
0000350852-24-000057,2.02,validation,0.051591,0.023574,0.742732,0.024039,0.033245,0.020602,0.070516,0.033702,c07f66d9cbf781191bee66edfe8ad7856f045781
0000765207-24-000016,2.02,validation,0.056149,0.013467,0.820279,0.016991,0.021774,0.013494,0.019480,0.038365,c07f66d9cbf781191bee66edfe8ad7856f045781
0001347652-24-000044,2.06,validation,0.034031,0.077518,0.359665,0.019428,0.029336,0.454437,0.014297,0.011288,c07f66d9cbf781191bee66edfe8ad7856f045781
0001493152-24-015013,1.01,validation,0.861730,0.006446,0.035051,0.008342,0.021135,0.008006,0.029631,0.029660,c07f66d9cbf781191bee66edfe8ad7856f045781
0001193125-24-100782,2.04,validation,0.112604,0.016868,0.309735,0.315941,0.167723,0.022566,0.036988,0.017575,c07f66d9cbf781191bee66edfe8ad7856f045781
0001193125-24-100879,1.03,validation,0.163962,0.159695,0.073257,0.166381,0.160634,0.070313,0.090284,0.115474,c07f66d9cbf781191bee66edfe8ad7856f045781
0001683168-24-002511,2.03,validation,0.784422,0.006179,0.078795,0.056934,0.045548,0.008579,0.008613,0.010930,c07f66d9cbf781191bee66edfe8ad7856f045781
0001213900-24-034544,3.01,validation,0.061033,0.027456,0.498635,0.030629,0.055139,0.048375,0.239862,0.038871,c07f66d9cbf781191bee66edfe8ad7856f045781
0001437749-24-012588,3.01,validation,0.077258,0.031521,0.124304,0.026752,0.056193,0.038245,0.559119,0.086609,c07f66d9cbf781191bee66edfe8ad7856f045781
0001193125-24-103828,1.03,validation,0.109721,0.395215,0.037863,0.160581,0.183792,0.046892,0.017556,0.048380,c07f66d9cbf781191bee66edfe8ad7856f045781
0001193125-24-103828,2.04,validation,0.356656,0.146407,0.023432,0.033961,0.419014,0.008059,0.006655,0.005816,c07f66d9cbf781191bee66edfe8ad7856f045781
0001213900-24-034925,3.01,validation,0.199500,0.043271,0.234609,0.042851,0.076092,0.115124,0.220610,0.067943,c07f66d9cbf781191bee66edfe8ad7856f045781
0001213900-24-035022,1.03,validation,0.099375,0.384118,0.065140,0.174579,0.196764,0.017549,0.018572,0.043904,c07f66d9cbf781191bee66edfe8ad7856f045781
0001421517-24-000080,5.02,validation,0.201219,0.012785,0.023333,0.013451,0.019118,0.011894,0.066274,0.651926,c07f66d9cbf781191bee66edfe8ad7856f045781
0001654954-24-004878,3.01,validation,0.184432,0.033164,0.105601,0.033884,0.089535,0.046133,0.378245,0.129006,c07f66d9cbf781191bee66edfe8ad7856f045781
0000936395-24-000014,5.02,validation,0.102635,0.029549,0.069786,0.033681,0.066201,0.030309,0.053612,0.614227,c07f66d9cbf781191bee66edfe8ad7856f045781
0001477932-24-002309,3.01,validation,0.013454,0.007416,0.071395,0.007606,0.011553,0.007244,0.860474,0.020858,c07f66d9cbf781191bee66edfe8ad7856f045781
0001654954-24-004948,3.01,validation,0.090409,0.031032,0.216669,0.028532,0.042085,0.039151,0.497659,0.054462,c07f66d9cbf781191bee66edfe8ad7856f045781
0000102752-24-000041,1.01,validation,0.642597,0.011132,0.040800,0.188726,0.064000,0.010874,0.014155,0.027715,c07f66d9cbf781191bee66edfe8ad7856f045781
0001423869-24-000027,2.02,validation,0.101764,0.040876,0.595127,0.042505,0.053209,0.041277,0.069805,0.055437,c07f66d9cbf781191bee66edfe8ad7856f045781
0001493152-24-015872,3.01,validation,0.078460,0.022855,0.102731,0.022370,0.036737,0.040034,0.648332,0.048480,c07f66d9cbf781191bee66edfe8ad7856f045781
0001493152-24-015997,5.02,validation,0.146586,0.014528,0.020053,0.015315,0.021304,0.014557,0.059400,0.708258,c07f66d9cbf781191bee66edfe8ad7856f045781
0001493152-24-016492,3.01,validation,0.134354,0.039483,0.152988,0.046160,0.094345,0.132400,0.311468,0.088802,c07f66d9cbf781191bee66edfe8ad7856f045781
0001193125-24-122351,2.03,validation,0.350430,0.084628,0.081864,0.084628,0.092222,0.096837,0.093492,0.115899,c07f66d9cbf781191bee66edfe8ad7856f045781
0001437749-24-013455,1.03,validation,0.118115,0.206289,0.192095,0.062121,0.074349,0.039409,0.110203,0.197420,c07f66d9cbf781191bee66edfe8ad7856f045781
0001060391-24-000203,2.02,validation,0.113807,0.009695,0.766420,0.016173,0.056064,0.011029,0.014413,0.012400,c07f66d9cbf781191bee66edfe8ad7856f045781
0001079973-24-000617,3.01,validation,0.186084,0.051927,0.219475,0.045027,0.097201,0.051322,0.293037,0.055927,c07f66d9cbf781191bee66edfe8ad7856f045781
0001104659-24-055041,2.04,validation,0.385751,0.032124,0.097987,0.097700,0.167333,0.040450,0.136840,0.041816,c07f66d9cbf781191bee66edfe8ad7856f045781
0001437749-24-013906,1.03,validation,0.400312,0.208861,0.044412,0.093380,0.180876,0.023358,0.016116,0.032684,c07f66d9cbf781191bee66edfe8ad7856f045781
0000052827-24-000145,2.02,validation,0.068737,0.019848,0.667294,0.048174,0.083399,0.017931,0.057826,0.036792,c07f66d9cbf781191bee66edfe8ad7856f045781
0000927003-24-000006,2.02,validation,0.046336,0.021506,0.799558,0.021632,0.026094,0.021845,0.034033,0.028996,c07f66d9cbf781191bee66edfe8ad7856f045781
0001045450-24-000033,2.02,validation,0.158806,0.010533,0.729130,0.014825,0.039098,0.013212,0.017953,0.016442,c07f66d9cbf781191bee66edfe8ad7856f045781
0001140361-24-023601,1.01,validation,0.734739,0.012028,0.061681,0.033145,0.043824,0.028797,0.042559,0.043229,c07f66d9cbf781191bee66edfe8ad7856f045781
0001193125-24-125839,1.03,validation,0.339036,0.086817,0.081239,0.092236,0.085471,0.084640,0.098955,0.131607,c07f66d9cbf781191bee66edfe8ad7856f045781
0001214659-24-008027,2.04,validation,0.665126,0.015604,0.056413,0.029095,0.039459,0.028090,0.144548,0.021664,c07f66d9cbf781191bee66edfe8ad7856f045781
0000861459-24-000018,2.02,validation,0.075152,0.033121,0.647469,0.032291,0.039952,0.028000,0.081895,0.062121,c07f66d9cbf781191bee66edfe8ad7856f045781
0000950170-24-052098,2.02,validation,0.048996,0.019990,0.795016,0.018670,0.025920,0.016444,0.041420,0.033543,c07f66d9cbf781191bee66edfe8ad7856f045781
0001059556-24-000087,2.02,validation,0.032041,0.011833,0.799354,0.023350,0.077540,0.010362,0.033382,0.012138,c07f66d9cbf781191bee66edfe8ad7856f045781
0001104659-24-056424,1.01,validation,0.766933,0.004284,0.059313,0.130568,0.016311,0.010562,0.004569,0.007460,c07f66d9cbf781191bee66edfe8ad7856f045781
0001104659-24-056470,2.03,validation,0.218686,0.110392,0.104110,0.107415,0.170646,0.088703,0.086817,0.113231,c07f66d9cbf781191bee66edfe8ad7856f045781
0001437749-24-014363,2.02,validation,0.109664,0.022269,0.723178,0.019729,0.048214,0.013297,0.034491,0.029158,c07f66d9cbf781191bee66edfe8ad7856f045781
0001582961-24-000058,5.02,validation,0.189796,0.011542,0.066031,0.016340,0.055496,0.016958,0.134007,0.509829,c07f66d9cbf781191bee66edfe8ad7856f045781
0001999371-24-005591,1.01,validation,0.660559,0.010359,0.035214,0.133514,0.098183,0.012593,0.013353,0.036226,c07f66d9cbf781191bee66edfe8ad7856f045781
0001193125-24-131945,2.03,validation,0.794483,0.004002,0.065112,0.079237,0.034500,0.006741,0.004724,0.011201,c07f66d9cbf781191bee66edfe8ad7856f045781
0001554795-24-000111,1.01,validation,0.710017,0.024177,0.038635,0.034162,0.043694,0.024462,0.054484,0.070370,c07f66d9cbf781191bee66edfe8ad7856f045781
0001628280-24-020689,2.04,validation,0.353194,0.012204,0.020639,0.058252,0.530726,0.012890,0.006065,0.006030,c07f66d9cbf781191bee66edfe8ad7856f045781
0001193125-24-133298,2.04,validation,0.604448,0.021277,0.044000,0.063213,0.116835,0.028520,0.047298,0.074410,c07f66d9cbf781191bee66edfe8ad7856f045781
0001213900-24-040477,3.01,validation,0.248519,0.037302,0.293543,0.046332,0.113669,0.052399,0.128804,0.079432,c07f66d9cbf781191bee66edfe8ad7856f045781
0001558370-24-007035,2.03,validation,0.094095,0.029464,0.684828,0.049633,0.040194,0.030638,0.032870,0.038279,c07f66d9cbf781191bee66edfe8ad7856f045781
0000950170-24-055047,2.06,validation,0.558380,0.003426,0.059080,0.005942,0.012715,0.350793,0.004917,0.004747,c07f66d9cbf781191bee66edfe8ad7856f045781
0000950170-24-055656,2.02,validation,0.058710,0.016722,0.774861,0.023767,0.051308,0.017287,0.032486,0.024859,c07f66d9cbf781191bee66edfe8ad7856f045781
0000950170-24-055667,2.02,validation,0.045313,0.012856,0.845037,0.014203,0.027862,0.013290,0.023554,0.017884,c07f66d9cbf781191bee66edfe8ad7856f045781
0001104659-24-058473,1.03,validation,0.287973,0.056166,0.058632,0.200199,0.290816,0.048560,0.027561,0.030093,c07f66d9cbf781191bee66edfe8ad7856f045781
0001104659-24-058473,2.04,validation,0.032268,0.016273,0.071102,0.037395,0.805026,0.015139,0.008987,0.013811,c07f66d9cbf781191bee66edfe8ad7856f045781
0001104659-24-059431,2.02,validation,0.084586,0.028416,0.598139,0.082064,0.084834,0.032706,0.050263,0.038992,c07f66d9cbf781191bee66edfe8ad7856f045781
0001193125-24-136307,2.06,validation,0.491788,0.282444,0.068268,0.027341,0.043394,0.029970,0.017516,0.039280,c07f66d9cbf781191bee66edfe8ad7856f045781
0001628280-24-022504,2.03,validation,0.285350,0.047547,0.057803,0.113615,0.315237,0.054620,0.053043,0.072785,c07f66d9cbf781191bee66edfe8ad7856f045781
0001654954-24-005975,5.02,validation,0.193973,0.016173,0.257585,0.020726,0.069570,0.018362,0.026769,0.396842,c07f66d9cbf781191bee66edfe8ad7856f045781
0001213900-24-041919,1.01,validation,0.908135,0.007549,0.016520,0.007773,0.011354,0.011510,0.025939,0.011222,c07f66d9cbf781191bee66edfe8ad7856f045781
0001213900-24-042312,2.04,validation,0.445946,0.029195,0.214566,0.046836,0.098379,0.089838,0.035492,0.039749,c07f66d9cbf781191bee66edfe8ad7856f045781
0000950170-24-059772,5.02,validation,0.085529,0.019084,0.028426,0.024697,0.027283,0.018317,0.033233,0.763431,c07f66d9cbf781191bee66edfe8ad7856f045781
0000950170-24-060022,2.03,validation,0.196402,0.023388,0.056490,0.019126,0.026815,0.019089,0.122068,0.536621,c07f66d9cbf781191bee66edfe8ad7856f045781
0001193125-24-139480,2.03,validation,0.359789,0.085876,0.083559,0.084710,0.086044,0.088084,0.089646,0.122293,c07f66d9cbf781191bee66edfe8ad7856f045781
0001213900-24-043161,2.03,validation,0.208643,0.038974,0.178288,0.106357,0.110270,0.067604,0.248376,0.041488,c07f66d9cbf781191bee66edfe8ad7856f045781
0001493152-24-020027,2.03,validation,0.199040,0.034035,0.112912,0.428781,0.085899,0.036443,0.035599,0.067291,c07f66d9cbf781191bee66edfe8ad7856f045781
0001493152-24-020222,5.02,validation,0.162221,0.030960,0.046386,0.037273,0.049090,0.025868,0.091622,0.556579,c07f66d9cbf781191bee66edfe8ad7856f045781
0000950170-24-061330,3.01,validation,0.030245,0.011435,0.348600,0.011775,0.018273,0.015179,0.546954,0.017539,c07f66d9cbf781191bee66edfe8ad7856f045781
0001101680-24-000058,3.01,validation,0.019790,0.013029,0.185846,0.012628,0.020023,0.013655,0.713463,0.021566,c07f66d9cbf781191bee66edfe8ad7856f045781
0001193125-24-141712,2.03,validation,0.335923,0.089446,0.086694,0.087888,0.090501,0.092466,0.098815,0.118266,c07f66d9cbf781191bee66edfe8ad7856f045781
0001193125-24-141847,3.01,validation,0.082395,0.045414,0.227276,0.049008,0.075021,0.056851,0.378023,0.086012,c07f66d9cbf781191bee66edfe8ad7856f045781
0001627282-24-000074,3.01,validation,0.154225,0.060513,0.258530,0.058537,0.068974,0.075605,0.253282,0.070334,c07f66d9cbf781191bee66edfe8ad7856f045781
0001140361-24-027058,2.02,validation,0.069604,0.008888,0.753817,0.009915,0.035568,0.010351,0.009838,0.102018,c07f66d9cbf781191bee66edfe8ad7856f045781
0001193125-24-143279,1.01,validation,0.771687,0.006151,0.049092,0.079026,0.067644,0.008132,0.006296,0.011972,c07f66d9cbf781191bee66edfe8ad7856f045781
0001437749-24-017754,1.01,validation,0.678469,0.009353,0.118506,0.014040,0.028724,0.017169,0.043078,0.090662,c07f66d9cbf781191bee66edfe8ad7856f045781
0001493152-24-020894,1.01,validation,0.933849,0.005553,0.014347,0.005372,0.007130,0.005618,0.020571,0.007560,c07f66d9cbf781191bee66edfe8ad7856f045781
0001104659-24-064288,5.02,validation,0.260243,0.029042,0.078790,0.031341,0.041682,0.025831,0.077569,0.455502,c07f66d9cbf781191bee66edfe8ad7856f045781
0001193125-24-145070,1.01,validation,0.338832,0.023915,0.077274,0.213673,0.198776,0.039275,0.039122,0.069133,c07f66d9cbf781191bee66edfe8ad7856f045781
0001352081-24-000031,1.01,validation,0.924569,0.006415,0.018947,0.007059,0.012634,0.007783,0.010515,0.012079,c07f66d9cbf781191bee66edfe8ad7856f045781
0001437749-24-017907,2.03,validation,0.316274,0.091058,0.090173,0.090349,0.093035,0.092131,0.097310,0.129672,c07f66d9cbf781191bee66edfe8ad7856f045781
0001493152-24-020957,2.03,validation,0.346419,0.015627,0.229711,0.082523,0.063894,0.058804,0.108316,0.094706,c07f66d9cbf781191bee66edfe8ad7856f045781
0001999371-24-006472,2.06,validation,0.097849,0.026131,0.040710,0.055319,0.156363,0.557205,0.039304,0.027119,c07f66d9cbf781191bee66edfe8ad7856f045781
0001213900-24-046136,3.01,validation,0.086361,0.029729,0.120252,0.029268,0.044195,0.038623,0.595705,0.055868,c07f66d9cbf781191bee66edfe8ad7856f045781
0001104659-24-065147,2.03,validation,0.359789,0.085876,0.083559,0.084710,0.086044,0.088084,0.089646,0.122293,c07f66d9cbf781191bee66edfe8ad7856f045781
0001193125-24-146158,1.03,validation,0.267722,0.268967,0.073227,0.182716,0.145239,0.015379,0.012430,0.034321,c07f66d9cbf781191bee66edfe8ad7856f045781
0001437749-24-018327,3.01,validation,0.031460,0.020472,0.482251,0.022972,0.037360,0.031893,0.345281,0.028311,c07f66d9cbf781191bee66edfe8ad7856f045781
0001493152-24-021370,1.01,validation,0.132569,0.069180,0.071515,0.100656,0.386609,0.075241,0.077629,0.086602,c07f66d9cbf781191bee66edfe8ad7856f045781
0001723596-24-000233,5.02,validation,0.055468,0.014856,0.110798,0.015876,0.033940,0.013633,0.021198,0.734230,c07f66d9cbf781191bee66edfe8ad7856f045781
0000950170-24-065181,2.02,validation,0.113052,0.017354,0.703092,0.021809,0.061346,0.019172,0.045189,0.018985,c07f66d9cbf781191bee66edfe8ad7856f045781
0001213900-24-046944,1.03,validation,0.040895,0.522628,0.058924,0.161666,0.121378,0.020887,0.037601,0.036020,c07f66d9cbf781191bee66edfe8ad7856f045781
0001729149-24-000148,2.03,validation,0.252176,0.098561,0.099334,0.099918,0.115004,0.103493,0.104713,0.126802,c07f66d9cbf781191bee66edfe8ad7856f045781
0001104659-24-066481,2.06,validation,0.246582,0.036118,0.199299,0.069960,0.109420,0.239113,0.054645,0.044862,c07f66d9cbf781191bee66edfe8ad7856f045781
0001779474-24-000029,3.01,validation,0.070176,0.021655,0.331216,0.022125,0.049279,0.025218,0.423942,0.056388,c07f66d9cbf781191bee66edfe8ad7856f045781
0001213900-24-048456,1.03,validation,0.100279,0.433363,0.066086,0.145478,0.163885,0.030643,0.019592,0.040675,c07f66d9cbf781191bee66edfe8ad7856f045781
0001493152-24-022148,1.01,validation,0.931668,0.005605,0.014147,0.007905,0.016604,0.007455,0.008268,0.008349,c07f66d9cbf781191bee66edfe8ad7856f045781
0001193125-24-153042,1.01,validation,0.798030,0.006931,0.025879,0.031034,0.031646,0.012070,0.009948,0.084462,c07f66d9cbf781191bee66edfe8ad7856f045781
0001298675-24-000031,2.02,validation,0.142196,0.092891,0.094538,0.104236,0.109238,0.101029,0.205685,0.150188,c07f66d9cbf781191bee66edfe8ad7856f045781
0000950170-24-068684,2.02,validation,0.114607,0.067506,0.235159,0.114384,0.161622,0.053820,0.156956,0.095945,c07f66d9cbf781191bee66edfe8ad7856f045781
0001193125-24-154369,2.04,validation,0.858139,0.009740,0.035385,0.021483,0.013816,0.010887,0.033015,0.017534,c07f66d9cbf781191bee66edfe8ad7856f045781
0001493152-24-022580,3.01,validation,0.144588,0.031980,0.358208,0.033318,0.048289,0.050705,0.296675,0.036238,c07f66d9cbf781191bee66edfe8ad7856f045781
0001104659-24-068671,1.01,validation,0.536052,0.014202,0.155051,0.092202,0.108693,0.033672,0.024111,0.036019,c07f66d9cbf781191bee66edfe8ad7856f045781
0001437749-24-019257,2.02,validation,0.138445,0.060719,0.230947,0.106357,0.138715,0.061795,0.176555,0.086467,c07f66d9cbf781191bee66edfe8ad7856f045781
0001213900-24-050176,2.03,validation,0.275345,0.020893,0.070887,0.017019,0.030578,0.012672,0.116418,0.456189,c07f66d9cbf781191bee66edfe8ad7856f045781
0001493152-24-022852,3.01,validation,0.020061,0.008050,0.141985,0.010157,0.026969,0.014379,0.763152,0.015247,c07f66d9cbf781191bee66edfe8ad7856f045781
0001628280-24-026954,2.06,validation,0.027162,0.007624,0.761881,0.007204,0.011202,0.159699,0.013045,0.012183,c07f66d9cbf781191bee66edfe8ad7856f045781
0000950170-24-070569,5.02,validation,0.290787,0.015069,0.031776,0.016041,0.048029,0.012814,0.079109,0.506375,c07f66d9cbf781191bee66edfe8ad7856f045781
0001493152-24-023164,1.03,validation,0.119060,0.354149,0.102737,0.180926,0.130443,0.041672,0.035091,0.035923,c07f66d9cbf781191bee66edfe8ad7856f045781
0001493152-24-023164,2.04,validation,0.440672,0.148583,0.028462,0.198748,0.143415,0.016344,0.011795,0.011981,c07f66d9cbf781191bee66edfe8ad7856f045781
0000950170-24-070961,2.03,validation,0.355980,0.042648,0.131174,0.056060,0.058236,0.025666,0.226316,0.103919,c07f66d9cbf781191bee66edfe8ad7856f045781
0001493152-24-023359,2.03,validation,0.197243,0.041466,0.241431,0.128348,0.105783,0.087270,0.144165,0.054293,c07f66d9cbf781191bee66edfe8ad7856f045781
0001104659-24-070461,3.01,validation,0.084705,0.017108,0.055496,0.018247,0.040325,0.027126,0.728172,0.028819,c07f66d9cbf781191bee66edfe8ad7856f045781
0001213900-24-051761,3.01,validation,0.051347,0.025568,0.497065,0.026743,0.046117,0.038009,0.276768,0.038382,c07f66d9cbf781191bee66edfe8ad7856f045781
0001493152-24-023471,3.01,validation,0.032501,0.011232,0.230555,0.011123,0.023547,0.016993,0.653431,0.020618,c07f66d9cbf781191bee66edfe8ad7856f045781
0001140361-24-029883,5.02,validation,0.139065,0.017959,0.032582,0.025977,0.026959,0.019042,0.050563,0.687853,c07f66d9cbf781191bee66edfe8ad7856f045781
0001193125-24-159982,2.03,validation,0.183768,0.110810,0.106773,0.112995,0.117726,0.112335,0.117956,0.137636,c07f66d9cbf781191bee66edfe8ad7856f045781
0001213900-24-052116,2.04,validation,0.046346,0.027729,0.203891,0.476411,0.116401,0.051703,0.025002,0.052517,c07f66d9cbf781191bee66edfe8ad7856f045781
0001437749-24-020014,5.02,validation,0.103533,0.022832,0.033091,0.025923,0.039373,0.024447,0.040862,0.709939,c07f66d9cbf781191bee66edfe8ad7856f045781
0001493152-24-023551,2.02,validation,0.028505,0.013919,0.849457,0.017527,0.028063,0.013919,0.032049,0.016562,c07f66d9cbf781191bee66edfe8ad7856f045781
0001206774-24-000622,2.02,validation,0.051663,0.013268,0.839512,0.014151,0.018135,0.019043,0.028867,0.015361,c07f66d9cbf781191bee66edfe8ad7856f045781
0001104659-24-071779,2.04,validation,0.370762,0.084113,0.080733,0.089189,0.084607,0.086953,0.096060,0.107582,c07f66d9cbf781191bee66edfe8ad7856f045781
0001104659-24-071809,3.01,validation,0.020015,0.009585,0.292976,0.010064,0.016336,0.015079,0.621443,0.014501,c07f66d9cbf781191bee66edfe8ad7856f045781
0001628280-24-028334,2.03,validation,0.802080,0.004705,0.042178,0.109268,0.025607,0.005259,0.004969,0.005936,c07f66d9cbf781191bee66edfe8ad7856f045781
0000950170-24-074293,1.01,validation,0.149553,0.029564,0.255021,0.044816,0.113552,0.046329,0.098945,0.262218,c07f66d9cbf781191bee66edfe8ad7856f045781
0001193125-24-162068,2.03,validation,0.676817,0.011298,0.015292,0.038109,0.204087,0.012240,0.018884,0.023273,c07f66d9cbf781191bee66edfe8ad7856f045781
0001213900-24-053350,2.03,validation,0.312880,0.091053,0.091053,0.089993,0.093577,0.093577,0.098452,0.129413,c07f66d9cbf781191bee66edfe8ad7856f045781
0001493152-24-024335,1.01,validation,0.804402,0.007301,0.070874,0.043092,0.019291,0.032369,0.012614,0.010057,c07f66d9cbf781191bee66edfe8ad7856f045781
0001651944-24-000060,1.03,validation,0.090549,0.389981,0.083336,0.187664,0.165088,0.017349,0.023300,0.042731,c07f66d9cbf781191bee66edfe8ad7856f045781
0001683168-24-004333,2.04,validation,0.855574,0.005280,0.032900,0.027449,0.052216,0.005971,0.008454,0.012157,c07f66d9cbf781191bee66edfe8ad7856f045781
0001193125-24-164463,1.01,validation,0.410214,0.031193,0.241904,0.070777,0.103383,0.071054,0.025911,0.045564,c07f66d9cbf781191bee66edfe8ad7856f045781
0001493152-24-024428,2.04,validation,0.667646,0.011409,0.031749,0.092544,0.091287,0.011612,0.073963,0.019791,c07f66d9cbf781191bee66edfe8ad7856f045781
0001493152-24-024479,2.06,validation,0.243186,0.050801,0.119042,0.051702,0.117425,0.053239,0.144153,0.220453,c07f66d9cbf781191bee66edfe8ad7856f045781
0001193125-24-165631,3.01,validation,0.077014,0.032419,0.141236,0.033645,0.053138,0.100054,0.420010,0.142483,c07f66d9cbf781191bee66edfe8ad7856f045781
0001213900-24-054658,1.03,validation,0.125543,0.397128,0.085030,0.039542,0.066806,0.088417,0.140670,0.056864,c07f66d9cbf781191bee66edfe8ad7856f045781
0001493152-24-024792,2.02,validation,0.117210,0.043246,0.423637,0.092269,0.136765,0.035642,0.099474,0.051758,c07f66d9cbf781191bee66edfe8ad7856f045781
0001493152-24-024793,3.01,validation,0.069190,0.034723,0.461986,0.035546,0.055704,0.053570,0.223129,0.066150,c07f66d9cbf781191bee66edfe8ad7856f045781
0000950170-24-076458,1.01,validation,0.867026,0.008583,0.033227,0.010134,0.015006,0.025401,0.024143,0.016480,c07f66d9cbf781191bee66edfe8ad7856f045781
0001193125-24-167032,2.04,validation,0.076832,0.029795,0.115057,0.128293,0.596123,0.023941,0.010207,0.019751,c07f66d9cbf781191bee66edfe8ad7856f045781
0001213900-24-055090,1.01,validation,0.086194,0.024743,0.577498,0.100183,0.072654,0.052999,0.036712,0.049016,c07f66d9cbf781191bee66edfe8ad7856f045781
0001213900-24-055277,3.01,validation,0.043492,0.018852,0.096679,0.019337,0.035497,0.027862,0.722436,0.035845,c07f66d9cbf781191bee66edfe8ad7856f045781
0001451505-24-000078,2.06,validation,0.403338,0.014836,0.166096,0.015839,0.042366,0.323143,0.014535,0.019847,c07f66d9cbf781191bee66edfe8ad7856f045781
0001628280-24-029628,1.03,validation,0.109736,0.329617,0.078809,0.247898,0.140629,0.029020,0.027963,0.036329,c07f66d9cbf781191bee66edfe8ad7856f045781
0000950170-24-077420,3.01,validation,0.062735,0.024281,0.060984,0.023765,0.058021,0.031178,0.207112,0.531923,c07f66d9cbf781191bee66edfe8ad7856f045781
0001213900-24-055790,1.03,validation,0.627172,0.161623,0.035591,0.032469,0.055232,0.023732,0.018125,0.046058,c07f66d9cbf781191bee66edfe8ad7856f045781
0001493152-24-025041,5.02,validation,0.175579,0.025480,0.040243,0.039619,0.037074,0.022841,0.037292,0.621872,c07f66d9cbf781191bee66edfe8ad7856f045781
0000950170-24-077530,2.04,validation,0.488245,0.008150,0.106627,0.121534,0.230012,0.011494,0.016240,0.017698,c07f66d9cbf781191bee66edfe8ad7856f045781
0001401708-24-000129,1.03,validation,0.121101,0.399749,0.092039,0.175771,0.100396,0.034968,0.035728,0.040248,c07f66d9cbf781191bee66edfe8ad7856f045781
0001654954-24-008238,2.03,validation,0.228089,0.051695,0.233043,0.145266,0.178331,0.060912,0.053336,0.049328,c07f66d9cbf781191bee66edfe8ad7856f045781
0001683168-24-004470,1.01,validation,0.174032,0.035184,0.433370,0.066638,0.093335,0.061510,0.081966,0.053965,c07f66d9cbf781191bee66edfe8ad7856f045781
0000950170-24-078432,2.03,validation,0.321895,0.026115,0.040369,0.032501,0.041813,0.026064,0.274124,0.237119,c07f66d9cbf781191bee66edfe8ad7856f045781
0001628280-24-030355,2.06,validation,0.139222,0.029254,0.454155,0.049472,0.074411,0.043958,0.029714,0.179814,c07f66d9cbf781191bee66edfe8ad7856f045781
0000764065-24-000154,5.02,validation,0.281868,0.033280,0.032256,0.026224,0.032068,0.023053,0.067294,0.503958,c07f66d9cbf781191bee66edfe8ad7856f045781
0001104659-24-076381,2.03,validation,0.291758,0.017977,0.065952,0.018840,0.024862,0.016790,0.133552,0.430270,c07f66d9cbf781191bee66edfe8ad7856f045781
0001171843-24-003696,5.02,validation,0.281930,0.028970,0.228760,0.035288,0.069632,0.038832,0.041660,0.274929,c07f66d9cbf781191bee66edfe8ad7856f045781
0001589526-24-000062,5.02,validation,0.180080,0.019223,0.139631,0.021953,0.034944,0.016964,0.036836,0.550368,c07f66d9cbf781191bee66edfe8ad7856f045781
0001104659-24-076582,2.04,validation,0.033068,0.024574,0.508500,0.151787,0.078172,0.161419,0.025854,0.016627,c07f66d9cbf781191bee66edfe8ad7856f045781
0001104659-24-076814,1.01,validation,0.586451,0.008913,0.160758,0.154354,0.024396,0.027189,0.012472,0.025467,c07f66d9cbf781191bee66edfe8ad7856f045781
0001193125-24-172745,1.03,validation,0.346847,0.088040,0.195898,0.133721,0.132422,0.019954,0.024069,0.059049,c07f66d9cbf781191bee66edfe8ad7856f045781
0001413898-24-000031,1.01,validation,0.871094,0.008181,0.046031,0.009288,0.021829,0.010944,0.007038,0.025595,c07f66d9cbf781191bee66edfe8ad7856f045781
0001437749-24-021637,1.03,validation,0.054484,0.468374,0.055450,0.185580,0.145131,0.042515,0.019219,0.029249,c07f66d9cbf781191bee66edfe8ad7856f045781
0001472375-24-000048,1.03,validation,0.674760,0.065494,0.040820,0.007614,0.013272,0.009042,0.009329,0.179669,c07f66d9cbf781191bee66edfe8ad7856f045781
0001493152-24-025806,3.01,validation,0.050718,0.019288,0.039192,0.019439,0.026467,0.024863,0.778396,0.041638,c07f66d9cbf781191bee66edfe8ad7856f045781
0001104659-24-077344,5.02,validation,0.181487,0.015163,0.028108,0.014870,0.016883,0.012894,0.093342,0.637252,c07f66d9cbf781191bee66edfe8ad7856f045781
0001104659-24-077671,2.06,validation,0.879651,0.009897,0.036557,0.011639,0.022194,0.012317,0.008482,0.019264,c07f66d9cbf781191bee66edfe8ad7856f045781
0001171843-24-003790,5.02,validation,0.209627,0.101567,0.124200,0.095600,0.137477,0.093022,0.115993,0.122514,c07f66d9cbf781191bee66edfe8ad7856f045781
0001331463-24-000134,1.01,validation,0.739039,0.008929,0.117062,0.025964,0.066205,0.009340,0.008099,0.025363,c07f66d9cbf781191bee66edfe8ad7856f045781
0001628280-24-030980,1.03,validation,0.109921,0.519561,0.090066,0.067853,0.072795,0.044196,0.026416,0.069191,c07f66d9cbf781191bee66edfe8ad7856f045781
0001628280-24-030983,1.03,validation,0.220861,0.316755,0.116130,0.138617,0.161625,0.010277,0.017414,0.018321,c07f66d9cbf781191bee66edfe8ad7856f045781
0000950170-24-081880,3.01,validation,0.117070,0.044521,0.342745,0.042816,0.075291,0.054549,0.271664,0.051344,c07f66d9cbf781191bee66edfe8ad7856f045781
0001493152-24-026356,2.03,validation,0.345585,0.031754,0.272448,0.039985,0.080143,0.051543,0.098867,0.079675,c07f66d9cbf781191bee66edfe8ad7856f045781
0001493152-24-026522,2.04,validation,0.536692,0.020278,0.154593,0.092132,0.091593,0.039548,0.044119,0.021045,c07f66d9cbf781191bee66edfe8ad7856f045781
0001625641-24-000103,5.02,validation,0.188560,0.022106,0.090384,0.026980,0.051148,0.024517,0.037751,0.558554,c07f66d9cbf781191bee66edfe8ad7856f045781
0001104659-24-079117,2.03,validation,0.306743,0.091742,0.088227,0.090673,0.105183,0.097088,0.102545,0.117799,c07f66d9cbf781191bee66edfe8ad7856f045781
0001193125-24-178615,1.03,validation,0.212001,0.357361,0.098608,0.136004,0.128045,0.013979,0.012433,0.041570,c07f66d9cbf781191bee66edfe8ad7856f045781
0001213900-24-060781,5.02,validation,0.131533,0.010347,0.014198,0.008764,0.013338,0.009403,0.138252,0.674164,c07f66d9cbf781191bee66edfe8ad7856f045781
0001617553-24-000037,2.03,validation,0.763635,0.007686,0.116494,0.028143,0.038618,0.008541,0.012045,0.024836,c07f66d9cbf781191bee66edfe8ad7856f045781
0001747079-24-000077,1.01,validation,0.481427,0.021147,0.303780,0.040209,0.060479,0.023916,0.024010,0.045032,c07f66d9cbf781191bee66edfe8ad7856f045781
0001193125-24-179063,2.03,validation,0.350430,0.084628,0.081864,0.084628,0.092222,0.096837,0.093492,0.115899,c07f66d9cbf781191bee66edfe8ad7856f045781
0001493152-24-027823,2.03,validation,0.303215,0.019906,0.282931,0.090353,0.045968,0.083972,0.105119,0.068536,c07f66d9cbf781191bee66edfe8ad7856f045781
0001411690-24-000044,3.01,validation,0.109128,0.034642,0.128209,0.035533,0.071220,0.051298,0.508935,0.061036,c07f66d9cbf781191bee66edfe8ad7856f045781
0000950170-24-084842,2.02,validation,0.062814,0.034151,0.645489,0.044629,0.059008,0.030494,0.078173,0.045243,c07f66d9cbf781191bee66edfe8ad7856f045781
0001193125-24-181658,2.03,validation,0.312880,0.091053,0.091053,0.089993,0.093577,0.093577,0.098452,0.129413,c07f66d9cbf781191bee66edfe8ad7856f045781
0001747068-24-000046,2.02,validation,0.078679,0.018488,0.703657,0.059914,0.055411,0.020706,0.031573,0.031573,c07f66d9cbf781191bee66edfe8ad7856f045781
0001219601-24-000024,2.02,validation,0.054490,0.030626,0.610644,0.041616,0.091879,0.030387,0.090454,0.049905,c07f66d9cbf781191bee66edfe8ad7856f045781
0001493152-24-028669,1.01,validation,0.858127,0.006161,0.065593,0.023251,0.014075,0.009123,0.010855,0.012815,c07f66d9cbf781191bee66edfe8ad7856f045781
0001679268-24-000057,2.04,validation,0.297598,0.086860,0.095397,0.133485,0.099780,0.088573,0.085681,0.112625,c07f66d9cbf781191bee66edfe8ad7856f045781
0001679268-24-000057,2.06,validation,0.547474,0.012926,0.283610,0.019066,0.029328,0.036145,0.038476,0.032975,c07f66d9cbf781191bee66edfe8ad7856f045781
0000950170-24-085857,2.04,validation,0.364039,0.011166,0.044401,0.064951,0.487482,0.008314,0.006179,0.013469,c07f66d9cbf781191bee66edfe8ad7856f045781
0000950170-24-086029,5.02,validation,0.381348,0.005041,0.077876,0.006717,0.018747,0.005847,0.007053,0.497371,c07f66d9cbf781191bee66edfe8ad7856f045781
0001193125-24-184277,1.03,validation,0.825504,0.007867,0.017556,0.100096,0.021806,0.008180,0.009162,0.009829,c07f66d9cbf781191bee66edfe8ad7856f045781
0001193125-24-184277,2.04,validation,0.109623,0.053114,0.067867,0.116011,0.557256,0.047194,0.021189,0.027744,c07f66d9cbf781191bee66edfe8ad7856f045781
0001193125-24-184837,1.03,validation,0.110324,0.297376,0.110432,0.260240,0.124465,0.032342,0.030861,0.033960,c07f66d9cbf781191bee66edfe8ad7856f045781
0001275168-24-000105,2.02,validation,0.064824,0.017447,0.752452,0.033303,0.050190,0.019013,0.036010,0.026760,c07f66d9cbf781191bee66edfe8ad7856f045781
0001545654-24-000022,2.02,validation,0.067755,0.011580,0.815803,0.013020,0.047485,0.011490,0.015952,0.016915,c07f66d9cbf781191bee66edfe8ad7856f045781
0001575872-24-000825,2.04,validation,0.072754,0.020242,0.225194,0.250304,0.271627,0.065727,0.075210,0.018942,c07f66d9cbf781191bee66edfe8ad7856f045781
0001749723-24-000064,2.03,validation,0.207690,0.036624,0.113916,0.144003,0.218083,0.042401,0.058069,0.179215,c07f66d9cbf781191bee66edfe8ad7856f045781
0000916540-24-000022,5.02,validation,0.256968,0.044622,0.056407,0.036030,0.074800,0.017304,0.041349,0.472521,c07f66d9cbf781191bee66edfe8ad7856f045781
0001185348-24-000037,5.02,validation,0.061014,0.014850,0.045077,0.016599,0.031499,0.014649,0.126854,0.689458,c07f66d9cbf781191bee66edfe8ad7856f045781
0000950170-24-087506,1.03,validation,0.067296,0.525460,0.057169,0.211258,0.074526,0.017538,0.019642,0.027110,c07f66d9cbf781191bee66edfe8ad7856f045781
0001493152-24-029537,2.04,validation,0.388815,0.004109,0.016190,0.074161,0.495847,0.012281,0.004758,0.003838,c07f66d9cbf781191bee66edfe8ad7856f045781
0001596532-24-000277,2.02,validation,0.063299,0.019571,0.717375,0.040393,0.073859,0.019456,0.040869,0.025178,c07f66d9cbf781191bee66edfe8ad7856f045781
0001104659-24-084423,1.03,validation,0.257362,0.310969,0.054065,0.188062,0.126597,0.015205,0.016996,0.030745,c07f66d9cbf781191bee66edfe8ad7856f045781
0001171843-24-004277,5.02,validation,0.100124,0.019146,0.027587,0.021653,0.024489,0.027426,0.079127,0.700448,c07f66d9cbf781191bee66edfe8ad7856f045781
0001437749-24-024107,2.02,validation,0.052348,0.025463,0.696321,0.050936,0.070511,0.022515,0.049466,0.032440,c07f66d9cbf781191bee66edfe8ad7856f045781
0000706863-24-000062,2.02,validation,0.042640,0.025762,0.704149,0.030473,0.037410,0.026631,0.100114,0.032821,c07f66d9cbf781191bee66edfe8ad7856f045781
0000950170-24-089268,2.02,validation,0.047328,0.019272,0.804796,0.018104,0.023247,0.015977,0.040719,0.030557,c07f66d9cbf781191bee66edfe8ad7856f045781
0000016058-24-000115,5.02,validation,0.302134,0.041721,0.028175,0.033198,0.057642,0.025108,0.025604,0.486417,c07f66d9cbf781191bee66edfe8ad7856f045781
0000867773-24-000086,1.03,validation,0.076916,0.496320,0.124604,0.061203,0.123997,0.039554,0.022058,0.055347,c07f66d9cbf781191bee66edfe8ad7856f045781
0000867773-24-000086,2.04,validation,0.255422,0.012618,0.050492,0.058629,0.595035,0.011222,0.006222,0.010359,c07f66d9cbf781191bee66edfe8ad7856f045781
0001213900-24-065805,1.01,validation,0.863217,0.005507,0.053643,0.008512,0.030209,0.014551,0.010050,0.014311,c07f66d9cbf781191bee66edfe8ad7856f045781
0001437749-24-025192,2.02,validation,0.070691,0.036674,0.638581,0.036035,0.049351,0.031369,0.077186,0.060112,c07f66d9cbf781191bee66edfe8ad7856f045781
0000717423-24-000024,2.02,validation,0.078419,0.007791,0.854269,0.011403,0.020090,0.009198,0.010649,0.008181,c07f66d9cbf781191bee66edfe8ad7856f045781
0001193125-24-196984,1.03,validation,0.146483,0.285751,0.096914,0.211163,0.153512,0.024768,0.028564,0.052846,c07f66d9cbf781191bee66edfe8ad7856f045781
0001437749-24-025286,2.02,validation,0.037039,0.010789,0.861300,0.013639,0.039698,0.011919,0.013533,0.012084,c07f66d9cbf781191bee66edfe8ad7856f045781
0000950170-24-094376,1.03,validation,0.102090,0.411135,0.130767,0.124413,0.101543,0.043609,0.026015,0.060427,c07f66d9cbf781191bee66edfe8ad7856f045781
0000950170-24-094382,1.03,validation,0.738478,0.010280,0.029775,0.046568,0.122691,0.014106,0.020166,0.017936,c07f66d9cbf781191bee66edfe8ad7856f045781
0001193125-24-198385,1.03,validation,0.094269,0.449347,0.046033,0.180470,0.122470,0.035711,0.025126,0.046575,c07f66d9cbf781191bee66edfe8ad7856f045781
0001193125-24-198385,2.04,validation,0.475575,0.003896,0.019880,0.020075,0.463200,0.008796,0.003934,0.004644,c07f66d9cbf781191bee66edfe8ad7856f045781
0001493152-24-031145,2.03,validation,0.311427,0.020340,0.269730,0.092321,0.046106,0.083650,0.106054,0.070372,c07f66d9cbf781191bee66edfe8ad7856f045781
0001493152-24-031381,5.02,validation,0.225201,0.030657,0.043572,0.023597,0.034671,0.022916,0.132518,0.486867,c07f66d9cbf781191bee66edfe8ad7856f045781
0001104659-24-089000,1.01,validation,0.721014,0.005273,0.037073,0.168108,0.039023,0.006932,0.007569,0.015008,c07f66d9cbf781191bee66edfe8ad7856f045781
0001767042-24-000053,2.02,validation,0.034978,0.015735,0.798422,0.025892,0.057725,0.016555,0.030687,0.020008,c07f66d9cbf781191bee66edfe8ad7856f045781
0001493152-24-031774,1.01,validation,0.692255,0.011669,0.056437,0.130739,0.061411,0.011421,0.016978,0.019089,c07f66d9cbf781191bee66edfe8ad7856f045781
0000320335-24-000050,1.01,validation,0.862297,0.004242,0.021294,0.069336,0.028823,0.004267,0.004064,0.005676,c07f66d9cbf781191bee66edfe8ad7856f045781
0001213900-24-069357,2.02,validation,0.058641,0.019623,0.721057,0.033380,0.037093,0.017487,0.073769,0.038949,c07f66d9cbf781191bee66edfe8ad7856f045781
0001493152-24-032616,2.03,validation,0.196604,0.034720,0.106839,0.439431,0.077330,0.036815,0.036743,0.071519,c07f66d9cbf781191bee66edfe8ad7856f045781
0001829126-24-005553,2.03,validation,0.515043,0.019215,0.059942,0.161986,0.087470,0.089807,0.037805,0.028732,c07f66d9cbf781191bee66edfe8ad7856f045781
0000950170-24-098113,1.03,validation,0.032894,0.574450,0.172607,0.065546,0.090206,0.025172,0.018779,0.020345,c07f66d9cbf781191bee66edfe8ad7856f045781
0001213900-24-070285,2.03,validation,0.081236,0.028294,0.412851,0.244666,0.108888,0.039130,0.031136,0.053798,c07f66d9cbf781191bee66edfe8ad7856f045781
0001193125-24-202821,2.03,validation,0.350430,0.084628,0.081864,0.084628,0.092222,0.096837,0.093492,0.115899,c07f66d9cbf781191bee66edfe8ad7856f045781
0001104659-24-091268,5.02,validation,0.290489,0.019519,0.080038,0.014965,0.041604,0.012310,0.195097,0.345977,c07f66d9cbf781191bee66edfe8ad7856f045781
0001193125-24-203674,1.01,validation,0.777859,0.008692,0.026102,0.077509,0.061947,0.012186,0.011470,0.024235,c07f66d9cbf781191bee66edfe8ad7856f045781
0001655759-24-000121,1.01,validation,0.918178,0.010784,0.011844,0.010432,0.011752,0.012412,0.009686,0.014914,c07f66d9cbf781191bee66edfe8ad7856f045781
0000037996-24-000150,2.06,validation,0.021380,0.010158,0.699752,0.018978,0.043315,0.179306,0.013172,0.013939,c07f66d9cbf781191bee66edfe8ad7856f045781
0001078207-24-000095,1.03,validation,0.096209,0.360969,0.042672,0.293466,0.125481,0.015852,0.019347,0.046004,c07f66d9cbf781191bee66edfe8ad7856f045781
0000950170-24-099820,3.01,validation,0.032339,0.015608,0.425879,0.016647,0.033957,0.024174,0.427129,0.024268,c07f66d9cbf781191bee66edfe8ad7856f045781
0001193125-24-205413,2.03,validation,0.359789,0.085876,0.083559,0.084710,0.086044,0.088084,0.089646,0.122293,c07f66d9cbf781191bee66edfe8ad7856f045781
0001437749-24-027601,5.02,validation,0.135431,0.012908,0.043839,0.013370,0.018635,0.011020,0.225480,0.539316,c07f66d9cbf781191bee66edfe8ad7856f045781
0001493152-24-033592,5.02,validation,0.345718,0.025385,0.035799,0.027502,0.027341,0.019013,0.031286,0.487957,c07f66d9cbf781191bee66edfe8ad7856f045781
0001654954-24-011040,2.03,validation,0.368188,0.089177,0.085593,0.106108,0.084266,0.085928,0.083938,0.096801,c07f66d9cbf781191bee66edfe8ad7856f045781
0000950103-24-012597,2.03,validation,0.340916,0.093201,0.087213,0.089806,0.090510,0.093749,0.092838,0.111765,c07f66d9cbf781191bee66edfe8ad7856f045781
0000832988-24-000181,2.03,validation,0.136132,0.029773,0.144206,0.028079,0.042069,0.021030,0.187805,0.410906,c07f66d9cbf781191bee66edfe8ad7856f045781
0001213900-24-073000,3.01,validation,0.059936,0.026857,0.433773,0.026286,0.043509,0.058319,0.270588,0.080731,c07f66d9cbf781191bee66edfe8ad7856f045781
0001477932-24-005307,1.01,validation,0.928748,0.006893,0.009913,0.007182,0.010167,0.006988,0.014423,0.015686,c07f66d9cbf781191bee66edfe8ad7856f045781
0000950170-24-101380,2.04,validation,0.612406,0.014048,0.127742,0.046696,0.109104,0.021843,0.025142,0.043019,c07f66d9cbf781191bee66edfe8ad7856f045781
0001437749-24-027950,5.02,validation,0.297224,0.015429,0.028129,0.016201,0.022981,0.013405,0.131090,0.475542,c07f66d9cbf781191bee66edfe8ad7856f045781
0001555074-24-000046,1.01,validation,0.635524,0.016552,0.072675,0.049851,0.130382,0.033962,0.023571,0.037483,c07f66d9cbf781191bee66edfe8ad7856f045781
0001742313-24-000056,1.01,validation,0.685439,0.015870,0.065013,0.020022,0.034495,0.013815,0.020861,0.144485,c07f66d9cbf781191bee66edfe8ad7856f045781
0001477932-24-005382,3.01,validation,0.109225,0.034740,0.364485,0.033936,0.058521,0.047115,0.282755,0.069224,c07f66d9cbf781191bee66edfe8ad7856f045781
0001819810-24-000097,2.03,validation,0.359789,0.085876,0.083559,0.084710,0.086044,0.088084,0.089646,0.122293,c07f66d9cbf781191bee66edfe8ad7856f045781
0001829126-24-005936,3.01,validation,0.021625,0.007517,0.141952,0.008551,0.018678,0.010396,0.771281,0.020000,c07f66d9cbf781191bee66edfe8ad7856f045781
0000950170-24-102379,5.02,validation,0.044499,0.009138,0.158729,0.014833,0.028230,0.011328,0.029643,0.703600,c07f66d9cbf781191bee66edfe8ad7856f045781
0001213900-24-074524,1.01,validation,0.836005,0.005513,0.047697,0.012844,0.045602,0.018834,0.014654,0.018852,c07f66d9cbf781191bee66edfe8ad7856f045781
0000016918-24-000172,2.06,validation,0.071487,0.035946,0.455355,0.046336,0.051591,0.251963,0.049132,0.038190,c07f66d9cbf781191bee66edfe8ad7856f045781
0000882184-24-000047,1.01,validation,0.786537,0.018652,0.057902,0.031358,0.032607,0.016525,0.021094,0.035326,c07f66d9cbf781191bee66edfe8ad7856f045781
0000950170-24-102493,2.02,validation,0.060458,0.027144,0.683347,0.032615,0.036957,0.024380,0.077858,0.057241,c07f66d9cbf781191bee66edfe8ad7856f045781
0001193125-24-211525,1.03,validation,0.543412,0.175090,0.037968,0.119868,0.084709,0.013511,0.009396,0.016045,c07f66d9cbf781191bee66edfe8ad7856f045781
0001477294-24-000162,2.06,validation,0.654567,0.012225,0.146966,0.021858,0.047976,0.019158,0.070180,0.027070,c07f66d9cbf781191bee66edfe8ad7856f045781
0001140361-24-040079,2.03,validation,0.359789,0.085876,0.083559,0.084710,0.086044,0.088084,0.089646,0.122293,c07f66d9cbf781191bee66edfe8ad7856f045781
0001178913-24-002965,5.02,validation,0.102430,0.018455,0.020668,0.025924,0.025823,0.024640,0.031454,0.750607,c07f66d9cbf781191bee66edfe8ad7856f045781
0001213900-24-075641,5.02,validation,0.083673,0.013461,0.014870,0.014697,0.019206,0.011513,0.042486,0.800093,c07f66d9cbf781191bee66edfe8ad7856f045781
0001493152-24-035016,2.03,validation,0.340663,0.032076,0.278041,0.040311,0.077096,0.051659,0.099673,0.080481,c07f66d9cbf781191bee66edfe8ad7856f045781
0001104659-24-097413,2.04,validation,0.685629,0.033280,0.101141,0.077870,0.061993,0.016124,0.011479,0.012484,c07f66d9cbf781191bee66edfe8ad7856f045781
0001493152-24-035148,5.02,validation,0.618858,0.013632,0.122039,0.013553,0.015783,0.011170,0.040343,0.164623,c07f66d9cbf781191bee66edfe8ad7856f045781
0001528396-24-000088,2.02,validation,0.061071,0.020198,0.741824,0.027770,0.055443,0.020880,0.042015,0.030799,c07f66d9cbf781191bee66edfe8ad7856f045781
0000950170-24-104364,2.02,validation,0.059259,0.031350,0.650613,0.043866,0.052501,0.028544,0.079276,0.054592,c07f66d9cbf781191bee66edfe8ad7856f045781
0001213900-24-076507,3.01,validation,0.079947,0.036602,0.124066,0.035685,0.045463,0.103965,0.538656,0.035615,c07f66d9cbf781191bee66edfe8ad7856f045781
0001362468-24-000046,1.01,validation,0.576227,0.010741,0.047998,0.011569,0.020146,0.011301,0.021320,0.300700,c07f66d9cbf781191bee66edfe8ad7856f045781
0001558370-24-012654,2.06,validation,0.879171,0.006041,0.049237,0.012131,0.029675,0.009503,0.006739,0.007503,c07f66d9cbf781191bee66edfe8ad7856f045781
0001032208-24-000029,5.02,validation,0.179507,0.008625,0.024214,0.009679,0.023699,0.009004,0.098446,0.646826,c07f66d9cbf781191bee66edfe8ad7856f045781
0001193125-24-215572,1.03,validation,0.084178,0.427648,0.141662,0.075016,0.126243,0.045366,0.027462,0.072424,c07f66d9cbf781191bee66edfe8ad7856f045781
0001193125-24-215909,1.03,validation,0.183287,0.371653,0.057561,0.209934,0.093158,0.024781,0.020868,0.038758,c07f66d9cbf781191bee66edfe8ad7856f045781
0001193125-24-215920,2.04,validation,0.767554,0.006811,0.071063,0.079938,0.046593,0.006973,0.007495,0.013573,c07f66d9cbf781191bee66edfe8ad7856f045781
0001193125-24-215962,1.03,validation,0.259777,0.073488,0.081027,0.095847,0.109034,0.116520,0.099665,0.164641,c07f66d9cbf781191bee66edfe8ad7856f045781
0000768835-24-000062,2.04,validation,0.017845,0.344365,0.021801,0.067578,0.517963,0.011321,0.008596,0.010532,c07f66d9cbf781191bee66edfe8ad7856f045781
0000950170-24-105163,1.01,validation,0.502570,0.009562,0.110427,0.059498,0.243027,0.018288,0.013940,0.042688,c07f66d9cbf781191bee66edfe8ad7856f045781
0001104659-24-098271,3.01,validation,0.154677,0.044272,0.140972,0.038091,0.089783,0.047220,0.374874,0.110111,c07f66d9cbf781191bee66edfe8ad7856f045781
0001193125-24-216174,1.03,validation,0.255802,0.150746,0.056055,0.226186,0.197283,0.028911,0.034670,0.050346,c07f66d9cbf781191bee66edfe8ad7856f045781
0001213900-24-077409,2.04,validation,0.488865,0.016872,0.147466,0.040080,0.192615,0.031275,0.039151,0.043676,c07f66d9cbf781191bee66edfe8ad7856f045781
0001193125-24-216991,2.02,validation,0.030893,0.007147,0.913459,0.007697,0.011265,0.007803,0.012397,0.009339,c07f66d9cbf781191bee66edfe8ad7856f045781
0000950170-24-105707,1.01,validation,0.898319,0.005565,0.036432,0.007637,0.013016,0.009485,0.009229,0.020317,c07f66d9cbf781191bee66edfe8ad7856f045781
0001193125-24-217558,5.02,validation,0.310285,0.017720,0.025657,0.011689,0.034458,0.012131,0.105363,0.482696,c07f66d9cbf781191bee66edfe8ad7856f045781
0001032208-24-000033,5.02,validation,0.089496,0.015999,0.036658,0.021030,0.036909,0.014971,0.167038,0.617899,c07f66d9cbf781191bee66edfe8ad7856f045781
0001104659-24-099829,3.01,validation,0.029144,0.016967,0.143244,0.015908,0.030783,0.020426,0.720384,0.023145,c07f66d9cbf781191bee66edfe8ad7856f045781
0001193125-24-218870,5.02,validation,0.144884,0.012059,0.086409,0.012442,0.015976,0.009050,0.124921,0.594258,c07f66d9cbf781191bee66edfe8ad7856f045781
0001558370-24-012775,3.01,validation,0.088793,0.038564,0.185785,0.037232,0.083413,0.065344,0.427973,0.072897,c07f66d9cbf781191bee66edfe8ad7856f045781
0000950170-24-106804,1.01,validation,0.825013,0.008909,0.074414,0.031740,0.027739,0.013013,0.008857,0.010315,c07f66d9cbf781191bee66edfe8ad7856f045781
0000950170-24-106855,1.01,validation,0.503102,0.009498,0.110086,0.058867,0.243700,0.018236,0.013819,0.042691,c07f66d9cbf781191bee66edfe8ad7856f045781
0001104659-24-100168,1.01,validation,0.761934,0.007156,0.043833,0.083936,0.051749,0.008888,0.019451,0.023053,c07f66d9cbf781191bee66edfe8ad7856f045781
0001437749-24-029261,5.02,validation,0.042030,0.018397,0.070938,0.019699,0.040027,0.020009,0.018006,0.770894,c07f66d9cbf781191bee66edfe8ad7856f045781
0000071829-24-000107,2.06,validation,0.047389,0.008373,0.494283,0.013301,0.011716,0.401261,0.014410,0.009268,c07f66d9cbf781191bee66edfe8ad7856f045781
0001140361-24-041264,2.04,validation,0.261701,0.096651,0.093861,0.096462,0.100109,0.103287,0.118883,0.129046,c07f66d9cbf781191bee66edfe8ad7856f045781
0001193125-24-220733,2.06,validation,0.013181,0.005614,0.099984,0.015607,0.034322,0.817063,0.008346,0.005883,c07f66d9cbf781191bee66edfe8ad7856f045781
0001723580-24-000055,1.03,validation,0.081996,0.322013,0.092371,0.219058,0.192095,0.021983,0.017698,0.052786,c07f66d9cbf781191bee66edfe8ad7856f045781
0001723580-24-000055,2.04,validation,0.241995,0.174217,0.041644,0.064358,0.452548,0.008224,0.006076,0.010938,c07f66d9cbf781191bee66edfe8ad7856f045781
0001008654-24-000068,1.03,validation,0.082341,0.418163,0.043859,0.223444,0.126047,0.033563,0.019730,0.052853,c07f66d9cbf781191bee66edfe8ad7856f045781
0001008654-24-000068,2.04,validation,0.181613,0.030798,0.063318,0.068329,0.579283,0.025986,0.024990,0.025683,c07f66d9cbf781191bee66edfe8ad7856f045781
0000950170-24-107912,2.03,validation,0.323908,0.026588,0.039448,0.032896,0.044008,0.026433,0.269975,0.236745,c07f66d9cbf781191bee66edfe8ad7856f045781
0001437749-24-029621,2.02,validation,0.068784,0.009437,0.862033,0.009642,0.016856,0.009604,0.010204,0.013439,c07f66d9cbf781191bee66edfe8ad7856f045781
0001493152-24-037128,2.02,validation,0.062709,0.021211,0.780544,0.022535,0.033961,0.021046,0.021629,0.036364,c07f66d9cbf781191bee66edfe8ad7856f045781
0001654954-24-012099,2.02,validation,0.023940,0.006065,0.928666,0.006018,0.014634,0.006053,0.007712,0.006913,c07f66d9cbf781191bee66edfe8ad7856f045781
0001683168-24-006521,3.01,validation,0.114264,0.040663,0.297248,0.039566,0.057120,0.052931,0.349731,0.048477,c07f66d9cbf781191bee66edfe8ad7856f045781
0000852772-24-000074,5.02,validation,0.244148,0.019052,0.104464,0.025738,0.053329,0.017313,0.061802,0.474154,c07f66d9cbf781191bee66edfe8ad7856f045781
0000950170-24-108261,2.02,validation,0.080885,0.038961,0.246964,0.110341,0.172072,0.035474,0.260464,0.054837,c07f66d9cbf781191bee66edfe8ad7856f045781
0001193125-24-222881,5.02,validation,0.178780,0.027930,0.056091,0.025680,0.061966,0.024361,0.424574,0.200616,c07f66d9cbf781191bee66edfe8ad7856f045781
0001213900-24-080716,2.03,validation,0.207903,0.026484,0.044787,0.522988,0.117080,0.025123,0.021363,0.034272,c07f66d9cbf781191bee66edfe8ad7856f045781
0001493152-24-037637,3.01,validation,0.086275,0.031863,0.244817,0.035269,0.087122,0.051216,0.413408,0.050030,c07f66d9cbf781191bee66edfe8ad7856f045781
0001731122-24-001461,1.03,validation,0.131753,0.532538,0.050326,0.048588,0.067391,0.024123,0.032972,0.112309,c07f66d9cbf781191bee66edfe8ad7856f045781
0001213900-24-081035,2.02,validation,0.029047,0.013855,0.839807,0.019616,0.039625,0.014351,0.028541,0.015158,c07f66d9cbf781191bee66edfe8ad7856f045781
0001213900-24-081304,2.03,validation,0.292043,0.095556,0.090825,0.095556,0.101322,0.098397,0.105978,0.120323,c07f66d9cbf781191bee66edfe8ad7856f045781
0001437749-24-029856,2.04,validation,0.172441,0.020777,0.087048,0.218678,0.232157,0.221689,0.027151,0.020059,c07f66d9cbf781191bee66edfe8ad7856f045781
0001437749-24-029867,1.01,validation,0.700942,0.018670,0.053656,0.093164,0.063284,0.022433,0.017781,0.030069,c07f66d9cbf781191bee66edfe8ad7856f045781
0000723125-24-000023,2.02,validation,0.041161,0.014995,0.810749,0.028791,0.041565,0.017497,0.022510,0.022731,c07f66d9cbf781191bee66edfe8ad7856f045781
0001104659-24-102860,2.03,validation,0.318982,0.022415,0.075534,0.024666,0.036171,0.022503,0.111850,0.387878,c07f66d9cbf781191bee66edfe8ad7856f045781
0001193125-24-226107,2.06,validation,0.148629,0.014135,0.297249,0.023998,0.035397,0.433340,0.026563,0.020688,c07f66d9cbf781191bee66edfe8ad7856f045781
0001104659-24-103160,5.02,validation,0.656868,0.007745,0.045805,0.008556,0.019894,0.007247,0.010341,0.243543,c07f66d9cbf781191bee66edfe8ad7856f045781
0001185185-24-000919,1.01,validation,0.776917,0.014230,0.016701,0.022126,0.028857,0.083665,0.015843,0.041660,c07f66d9cbf781191bee66edfe8ad7856f045781
0001999371-24-012469,1.03,validation,0.078546,0.364080,0.063268,0.213132,0.219643,0.015672,0.016553,0.029108,c07f66d9cbf781191bee66edfe8ad7856f045781
0000947871-24-000777,3.01,validation,0.135916,0.055454,0.267937,0.056991,0.073178,0.085721,0.243483,0.081318,c07f66d9cbf781191bee66edfe8ad7856f045781
0001104659-24-103719,2.02,validation,0.178705,0.086924,0.102621,0.127715,0.146140,0.081817,0.149605,0.126473,c07f66d9cbf781191bee66edfe8ad7856f045781
0001193125-24-228000,1.01,validation,0.627662,0.010768,0.070525,0.141028,0.097247,0.012787,0.012540,0.027443,c07f66d9cbf781191bee66edfe8ad7856f045781
0001477932-24-005960,1.01,validation,0.761795,0.011444,0.073537,0.019090,0.034601,0.018003,0.046108,0.035421,c07f66d9cbf781191bee66edfe8ad7856f045781
0000355019-24-000041,2.02,validation,0.196284,0.025961,0.544610,0.029418,0.040763,0.028402,0.069612,0.064949,c07f66d9cbf781191bee66edfe8ad7856f045781
0000950170-24-110801,1.03,validation,0.097158,0.400747,0.057116,0.156399,0.214714,0.022433,0.020227,0.031206,c07f66d9cbf781191bee66edfe8ad7856f045781
0000950170-24-110890,3.01,validation,0.128184,0.028714,0.238546,0.027292,0.052607,0.042685,0.418764,0.063208,c07f66d9cbf781191bee66edfe8ad7856f045781
0001193125-24-229453,1.03,validation,0.218468,0.269323,0.075050,0.216953,0.134446,0.019964,0.022402,0.043393,c07f66d9cbf781191bee66edfe8ad7856f045781
0001193125-24-229588,2.06,validation,0.072021,0.015576,0.072728,0.026912,0.026392,0.728457,0.026755,0.031158,c07f66d9cbf781191bee66edfe8ad7856f045781
0001437749-24-030380,1.01,validation,0.752001,0.012726,0.092846,0.015993,0.049070,0.015410,0.042925,0.019029,c07f66d9cbf781191bee66edfe8ad7856f045781
0000883984-24-000032,5.02,validation,0.315278,0.018663,0.041325,0.020861,0.055015,0.024199,0.026838,0.497821,c07f66d9cbf781191bee66edfe8ad7856f045781
0001383650-24-000051,5.02,validation,0.488966,0.018529,0.017137,0.033981,0.031335,0.022526,0.015451,0.372076,c07f66d9cbf781191bee66edfe8ad7856f045781
0001539497-24-002105,2.03,validation,0.442386,0.016634,0.053276,0.014852,0.021109,0.012605,0.137716,0.301423,c07f66d9cbf781191bee66edfe8ad7856f045781
0001625278-24-000156,1.01,validation,0.640552,0.013127,0.100856,0.069895,0.087284,0.019821,0.017154,0.051312,c07f66d9cbf781191bee66edfe8ad7856f045781
0001193125-24-233046,2.02,validation,0.032129,0.023598,0.734114,0.048231,0.069562,0.029026,0.030959,0.032381,c07f66d9cbf781191bee66edfe8ad7856f045781
0001558370-24-013151,5.02,validation,0.278477,0.021897,0.151110,0.027735,0.066663,0.023128,0.066209,0.364780,c07f66d9cbf781191bee66edfe8ad7856f045781
0000950170-24-113090,1.01,validation,0.557125,0.021729,0.070211,0.110889,0.116666,0.031370,0.051017,0.040994,c07f66d9cbf781191bee66edfe8ad7856f045781
0001185185-24-000955,1.01,validation,0.692031,0.007763,0.098439,0.097007,0.039425,0.036284,0.008476,0.020574,c07f66d9cbf781191bee66edfe8ad7856f045781
0001213900-24-085921,3.01,validation,0.060985,0.033482,0.507139,0.033482,0.057852,0.053400,0.212234,0.041426,c07f66d9cbf781191bee66edfe8ad7856f045781
0001876945-24-000090,1.03,validation,0.069958,0.027882,0.044817,0.055667,0.115793,0.055450,0.034295,0.596139,c07f66d9cbf781191bee66edfe8ad7856f045781
0001477932-24-006237,5.02,validation,0.512307,0.021290,0.034727,0.014834,0.052131,0.010396,0.015699,0.338614,c07f66d9cbf781191bee66edfe8ad7856f045781
0001213900-24-086623,3.01,validation,0.075777,0.036787,0.224688,0.035586,0.062699,0.089462,0.416100,0.058900,c07f66d9cbf781191bee66edfe8ad7856f045781
0001493152-24-040511,1.01,validation,0.861663,0.006908,0.036019,0.010290,0.013499,0.011614,0.044132,0.015875,c07f66d9cbf781191bee66edfe8ad7856f045781
0001654954-24-012789,1.01,validation,0.737119,0.017764,0.088295,0.065200,0.054583,0.018310,0.008318,0.010412,c07f66d9cbf781191bee66edfe8ad7856f045781
0001193125-24-235637,1.03,validation,0.104458,0.297700,0.089785,0.169345,0.171592,0.042246,0.034649,0.090224,c07f66d9cbf781191bee66edfe8ad7856f045781
0001593275-24-000094,2.03,validation,0.359789,0.085876,0.083559,0.084710,0.086044,0.088084,0.089646,0.122293,c07f66d9cbf781191bee66edfe8ad7856f045781
0000950157-24-001406,2.03,validation,0.514811,0.022575,0.025531,0.076595,0.282162,0.025832,0.023337,0.029157,c07f66d9cbf781191bee66edfe8ad7856f045781
0001683168-24-007110,2.04,validation,0.121511,0.017964,0.369468,0.285503,0.106763,0.054210,0.020596,0.023985,c07f66d9cbf781191bee66edfe8ad7856f045781
0000012927-24-000068,1.01,validation,0.842613,0.008156,0.051727,0.017049,0.023671,0.021552,0.014885,0.020346,c07f66d9cbf781191bee66edfe8ad7856f045781
0001493152-24-041006,1.03,validation,0.093990,0.507176,0.072417,0.087182,0.093898,0.036272,0.025223,0.083842,c07f66d9cbf781191bee66edfe8ad7856f045781
0001101680-24-000164,3.01,validation,0.029444,0.010386,0.055875,0.009795,0.036608,0.016404,0.817875,0.023613,c07f66d9cbf781191bee66edfe8ad7856f045781
0001193125-24-238769,5.02,validation,0.292198,0.009229,0.025259,0.015516,0.033627,0.012131,0.167795,0.444245,c07f66d9cbf781191bee66edfe8ad7856f045781
0001436425-24-000037,2.02,validation,0.168551,0.033483,0.555634,0.029033,0.047034,0.028583,0.046577,0.091104,c07f66d9cbf781191bee66edfe8ad7856f045781
0001493152-24-041441,3.01,validation,0.193253,0.034852,0.179079,0.037980,0.077777,0.088133,0.299755,0.089172,c07f66d9cbf781191bee66edfe8ad7856f045781
0001064728-24-000168,5.02,validation,0.103731,0.009930,0.016501,0.009777,0.026010,0.008249,0.218582,0.607220,c07f66d9cbf781191bee66edfe8ad7856f045781
0001213900-24-089015,2.04,validation,0.756983,0.007207,0.030971,0.092248,0.081339,0.008328,0.011652,0.011272,c07f66d9cbf781191bee66edfe8ad7856f045781
0000950170-24-115703,3.01,validation,0.122685,0.055950,0.249044,0.051443,0.089409,0.081726,0.288051,0.061690,c07f66d9cbf781191bee66edfe8ad7856f045781
0001193125-24-240409,2.03,validation,0.369134,0.086149,0.084648,0.084318,0.087335,0.086318,0.088192,0.113906,c07f66d9cbf781191bee66edfe8ad7856f045781
0001590895-24-000131,5.02,validation,0.126705,0.015371,0.023807,0.018760,0.025842,0.015552,0.031172,0.742791,c07f66d9cbf781191bee66edfe8ad7856f045781
0001018399-24-000081,2.02,validation,0.045621,0.028382,0.709807,0.038417,0.071074,0.027348,0.044304,0.035047,c07f66d9cbf781191bee66edfe8ad7856f045781
0001104659-24-110581,2.06,validation,0.234318,0.054473,0.122039,0.091581,0.107699,0.064310,0.147494,0.178086,c07f66d9cbf781191bee66edfe8ad7856f045781
0001193125-24-241043,2.03,validation,0.715075,0.011832,0.168359,0.020807,0.026149,0.017902,0.026098,0.013779,c07f66d9cbf781191bee66edfe8ad7856f045781
0001213900-24-089634,5.02,validation,0.282212,0.020571,0.026621,0.021558,0.038582,0.019552,0.096995,0.493908,c07f66d9cbf781191bee66edfe8ad7856f045781
0001213900-24-089657,1.01,validation,0.420798,0.024871,0.189241,0.048982,0.049656,0.042061,0.047568,0.176823,c07f66d9cbf781191bee66edfe8ad7856f045781
0001571123-24-000140,2.03,validation,0.837440,0.015934,0.027910,0.023966,0.028852,0.019145,0.016280,0.030474,c07f66d9cbf781191bee66edfe8ad7856f045781
0001731122-24-001643,2.04,validation,0.844794,0.007203,0.081469,0.016747,0.015949,0.009598,0.013883,0.010358,c07f66d9cbf781191bee66edfe8ad7856f045781
0001829126-24-006933,3.01,validation,0.085851,0.026363,0.557670,0.031552,0.068781,0.044582,0.141821,0.043380,c07f66d9cbf781191bee66edfe8ad7856f045781
0001079973-24-001441,1.01,validation,0.778696,0.007853,0.074365,0.017994,0.027680,0.016051,0.015316,0.062044,c07f66d9cbf781191bee66edfe8ad7856f045781
0001628280-24-043734,2.06,validation,0.226537,0.077832,0.115028,0.088540,0.096297,0.078749,0.162532,0.154485,c07f66d9cbf781191bee66edfe8ad7856f045781
0000096021-24-000183,2.02,validation,0.020664,0.008861,0.843341,0.017452,0.065734,0.008758,0.019018,0.016172,c07f66d9cbf781191bee66edfe8ad7856f045781
0001213900-24-091757,2.03,validation,0.286621,0.020021,0.346111,0.051627,0.055822,0.030888,0.028623,0.180285,c07f66d9cbf781191bee66edfe8ad7856f045781
0001437749-24-032481,2.06,validation,0.077222,0.016881,0.306276,0.021008,0.083090,0.457927,0.017899,0.019697,c07f66d9cbf781191bee66edfe8ad7856f045781
0001477932-24-006731,1.03,validation,0.039792,0.494873,0.160485,0.049137,0.174716,0.025592,0.022673,0.032732,c07f66d9cbf781191bee66edfe8ad7856f045781
0001477932-24-006731,5.02,validation,0.142439,0.015832,0.025053,0.016754,0.021387,0.011009,0.167613,0.599911,c07f66d9cbf781191bee66edfe8ad7856f045781
0001104659-24-112630,1.01,validation,0.739604,0.007201,0.069707,0.078834,0.080664,0.007863,0.007474,0.008653,c07f66d9cbf781191bee66edfe8ad7856f045781
0001493152-24-042991,2.04,validation,0.596454,0.008558,0.100202,0.145669,0.110144,0.012307,0.006691,0.019976,c07f66d9cbf781191bee66edfe8ad7856f045781
0001570585-24-000310,2.02,validation,0.378323,0.017872,0.433856,0.027627,0.037541,0.043126,0.019362,0.042292,c07f66d9cbf781191bee66edfe8ad7856f045781
0001018724-24-000158,2.02,validation,0.126996,0.008023,0.795517,0.016462,0.017869,0.009003,0.013728,0.012402,c07f66d9cbf781191bee66edfe8ad7856f045781
0001193125-24-248771,2.02,validation,0.034539,0.019261,0.797306,0.025220,0.042235,0.019224,0.034136,0.028080,c07f66d9cbf781191bee66edfe8ad7856f045781
0001493152-24-043130,2.06,validation,0.097996,0.028742,0.069557,0.069557,0.108578,0.547914,0.040533,0.037123,c07f66d9cbf781191bee66edfe8ad7856f045781
0001193125-24-249124,1.01,validation,0.882516,0.011317,0.034019,0.011768,0.023041,0.011654,0.011406,0.014278,c07f66d9cbf781191bee66edfe8ad7856f045781
0001333493-24-000165,2.03,validation,0.359789,0.085876,0.083559,0.084710,0.086044,0.088084,0.089646,0.122293,c07f66d9cbf781191bee66edfe8ad7856f045781
0001213900-24-093703,2.06,validation,0.092607,0.017383,0.518164,0.127261,0.121908,0.030212,0.044607,0.047857,c07f66d9cbf781191bee66edfe8ad7856f045781
0001493152-24-043525,2.04,validation,0.056559,0.022785,0.315150,0.371165,0.141703,0.028972,0.026174,0.037493,c07f66d9cbf781191bee66edfe8ad7856f045781
0001493152-24-043543,2.04,validation,0.726169,0.010399,0.056215,0.062774,0.074437,0.015429,0.024897,0.029681,c07f66d9cbf781191bee66edfe8ad7856f045781
0001654954-24-013700,2.03,validation,0.474594,0.045037,0.051635,0.133409,0.086641,0.062041,0.066042,0.080601,c07f66d9cbf781191bee66edfe8ad7856f045781
0000016058-24-000207,2.03,validation,0.360766,0.088323,0.082972,0.087465,0.092743,0.089714,0.094757,0.103260,c07f66d9cbf781191bee66edfe8ad7856f045781
0000711669-24-000125,3.01,validation,0.246831,0.012949,0.110504,0.015773,0.025602,0.019822,0.370922,0.197597,c07f66d9cbf781191bee66edfe8ad7856f045781
0001193125-24-251249,3.01,validation,0.097183,0.033816,0.493055,0.036279,0.067383,0.062685,0.146175,0.063424,c07f66d9cbf781191bee66edfe8ad7856f045781
0001759631-24-000170,3.01,validation,0.230461,0.024350,0.086920,0.022257,0.034205,0.038009,0.277366,0.286432,c07f66d9cbf781191bee66edfe8ad7856f045781
0001858681-24-000117,2.02,validation,0.058315,0.006731,0.884997,0.008952,0.011405,0.007702,0.010672,0.011228,c07f66d9cbf781191bee66edfe8ad7856f045781
0000874716-24-000142,1.01,validation,0.899493,0.010679,0.019641,0.012533,0.018559,0.011524,0.010804,0.016767,c07f66d9cbf781191bee66edfe8ad7856f045781
0001437749-24-033613,2.04,validation,0.322633,0.092798,0.090648,0.091181,0.093526,0.094813,0.099363,0.115038,c07f66d9cbf781191bee66edfe8ad7856f045781
0001694426-24-000152,2.02,validation,0.036379,0.019587,0.769877,0.031792,0.052161,0.017939,0.046620,0.025646,c07f66d9cbf781191bee66edfe8ad7856f045781
0000950170-24-123322,2.02,validation,0.070800,0.029056,0.697723,0.030155,0.050303,0.025944,0.059503,0.036516,c07f66d9cbf781191bee66edfe8ad7856f045781
0001031308-24-000011,2.02,validation,0.110564,0.020184,0.656130,0.038378,0.104323,0.020785,0.022473,0.027161,c07f66d9cbf781191bee66edfe8ad7856f045781
0001102993-24-000170,2.02,validation,0.095637,0.036907,0.555958,0.057163,0.094431,0.034807,0.076772,0.048325,c07f66d9cbf781191bee66edfe8ad7856f045781
0001683168-24-007743,2.03,validation,0.374591,0.031755,0.059559,0.191322,0.176254,0.043830,0.089409,0.033279,c07f66d9cbf781191bee66edfe8ad7856f045781
0001767042-24-000060,2.02,validation,0.034592,0.015410,0.799327,0.025358,0.059946,0.016181,0.029704,0.019481,c07f66d9cbf781191bee66edfe8ad7856f045781
0001193125-24-254186,1.03,validation,0.218916,0.017549,0.033108,0.487111,0.086296,0.034494,0.070846,0.051681,c07f66d9cbf781191bee66edfe8ad7856f045781
0001437749-24-034189,1.03,validation,0.109505,0.051727,0.277387,0.177398,0.150408,0.122640,0.042342,0.068594,c07f66d9cbf781191bee66edfe8ad7856f045781
0001213900-24-096835,1.01,validation,0.905756,0.006729,0.024114,0.008984,0.018043,0.010986,0.008069,0.017318,c07f66d9cbf781191bee66edfe8ad7856f045781
0001213900-24-096872,2.02,validation,0.036399,0.018125,0.797483,0.040369,0.042224,0.020220,0.021356,0.023825,c07f66d9cbf781191bee66edfe8ad7856f045781
0001299130-24-000185,5.02,validation,0.261756,0.028312,0.059296,0.035581,0.052176,0.038024,0.160556,0.364300,c07f66d9cbf781191bee66edfe8ad7856f045781
0001493152-24-044392,2.03,validation,0.811826,0.004544,0.061661,0.065510,0.039022,0.007565,0.004508,0.005364,c07f66d9cbf781191bee66edfe8ad7856f045781
0001493152-24-044836,1.03,validation,0.049984,0.470084,0.061843,0.141421,0.202428,0.017073,0.017512,0.039657,c07f66d9cbf781191bee66edfe8ad7856f045781
0001104659-24-117244,3.01,validation,0.124277,0.040862,0.128472,0.041183,0.059222,0.049097,0.468329,0.088557,c07f66d9cbf781191bee66edfe8ad7856f045781
0001193125-24-256669,1.03,validation,0.078110,0.285783,0.113427,0.231604,0.196559,0.020060,0.021606,0.052852,c07f66d9cbf781191bee66edfe8ad7856f045781
0001193125-24-256669,2.04,validation,0.078282,0.027386,0.114066,0.118987,0.599419,0.030166,0.011022,0.020672,c07f66d9cbf781191bee66edfe8ad7856f045781
0001193125-24-256699,2.04,validation,0.328770,0.091296,0.089007,0.089705,0.092012,0.093827,0.099295,0.116087,c07f66d9cbf781191bee66edfe8ad7856f045781
0001193125-24-257241,5.02,validation,0.107126,0.027378,0.055848,0.025321,0.041140,0.016966,0.051803,0.674418,c07f66d9cbf781191bee66edfe8ad7856f045781
0001535778-24-000184,2.03,validation,0.320278,0.091136,0.090603,0.089723,0.093845,0.092933,0.094952,0.126530,c07f66d9cbf781191bee66edfe8ad7856f045781
0001628280-24-047585,2.02,validation,0.049316,0.016073,0.782812,0.017110,0.023159,0.013093,0.062707,0.035730,c07f66d9cbf781191bee66edfe8ad7856f045781
0001140361-24-046713,2.04,validation,0.173474,0.039858,0.480852,0.093400,0.064067,0.061014,0.042346,0.044989,c07f66d9cbf781191bee66edfe8ad7856f045781
0001654954-24-014289,2.02,validation,0.105548,0.037269,0.461401,0.100029,0.119252,0.037123,0.091523,0.047854,c07f66d9cbf781191bee66edfe8ad7856f045781
0000950142-24-002790,1.01,validation,0.799032,0.005770,0.145799,0.006629,0.012777,0.006350,0.007585,0.016057,c07f66d9cbf781191bee66edfe8ad7856f045781
0001193125-24-259815,1.03,validation,0.625597,0.110263,0.053712,0.092760,0.046802,0.035780,0.012609,0.022478,c07f66d9cbf781191bee66edfe8ad7856f045781
0001193125-24-259857,1.01,validation,0.600264,0.010419,0.106967,0.172363,0.066726,0.010481,0.013616,0.019164,c07f66d9cbf781191bee66edfe8ad7856f045781
0000950103-24-016405,1.03,validation,0.054423,0.541130,0.054396,0.197232,0.079030,0.014619,0.014966,0.044202,c07f66d9cbf781191bee66edfe8ad7856f045781
0000950103-24-016405,2.04,validation,0.194119,0.009413,0.033832,0.104617,0.618114,0.021801,0.007417,0.010687,c07f66d9cbf781191bee66edfe8ad7856f045781
0000950170-24-127766,2.04,validation,0.189909,0.187972,0.018694,0.057693,0.522311,0.008271,0.005797,0.009354,c07f66d9cbf781191bee66edfe8ad7856f045781
0001493152-24-046501,5.02,validation,0.290202,0.008962,0.148220,0.018336,0.029762,0.015993,0.013787,0.474738,c07f66d9cbf781191bee66edfe8ad7856f045781
0001104659-24-120466,1.01,validation,0.858648,0.008088,0.023980,0.011676,0.017272,0.014139,0.008952,0.057246,c07f66d9cbf781191bee66edfe8ad7856f045781
0001104659-24-120557,1.01,validation,0.640861,0.006807,0.052759,0.153281,0.109344,0.009195,0.011070,0.016683,c07f66d9cbf781191bee66edfe8ad7856f045781
0001104659-24-120584,5.02,validation,0.249789,0.032990,0.060206,0.034709,0.045802,0.032415,0.094532,0.449558,c07f66d9cbf781191bee66edfe8ad7856f045781
0001493152-24-046742,2.03,validation,0.089862,0.014156,0.162482,0.453692,0.161414,0.036148,0.027233,0.055012,c07f66d9cbf781191bee66edfe8ad7856f045781
0001193125-24-262624,5.02,validation,0.309511,0.018788,0.031098,0.018069,0.032846,0.012202,0.017581,0.559905,c07f66d9cbf781191bee66edfe8ad7856f045781
0001213900-24-101035,5.02,validation,0.250261,0.013020,0.018980,0.011854,0.020684,0.011289,0.115420,0.558491,c07f66d9cbf781191bee66edfe8ad7856f045781
0001493152-24-047145,5.02,validation,0.141771,0.034776,0.048047,0.058411,0.046934,0.029228,0.065417,0.575416,c07f66d9cbf781191bee66edfe8ad7856f045781
0001683168-24-008336,3.01,validation,0.110728,0.064966,0.183991,0.053024,0.065476,0.050104,0.340732,0.130980,c07f66d9cbf781191bee66edfe8ad7856f045781
0001099910-24-000383,1.03,validation,0.056072,0.315353,0.076716,0.246678,0.228586,0.023215,0.018800,0.034579,c07f66d9cbf781191bee66edfe8ad7856f045781
0001437749-24-036095,1.01,validation,0.915484,0.007017,0.020908,0.011683,0.009314,0.011637,0.010350,0.013605,c07f66d9cbf781191bee66edfe8ad7856f045781
0000947871-24-000962,1.01,validation,0.780371,0.006318,0.032685,0.093270,0.059912,0.008321,0.008501,0.010622,c07f66d9cbf781191bee66edfe8ad7856f045781
0001104659-24-123742,2.04,validation,0.685141,0.011549,0.044014,0.131884,0.077172,0.015941,0.022546,0.011754,c07f66d9cbf781191bee66edfe8ad7856f045781
0001161697-24-000486,5.02,validation,0.284512,0.012394,0.025332,0.013990,0.020675,0.010726,0.153220,0.479150,c07f66d9cbf781191bee66edfe8ad7856f045781
0001174922-24-000168,5.02,validation,0.326974,0.014123,0.020230,0.014486,0.024000,0.012561,0.021284,0.566342,c07f66d9cbf781191bee66edfe8ad7856f045781
0001493152-24-048001,3.01,validation,0.050843,0.016314,0.365884,0.018631,0.037343,0.021153,0.463454,0.026377,c07f66d9cbf781191bee66edfe8ad7856f045781
0001062993-24-019780,1.01,validation,0.625992,0.012967,0.225987,0.017381,0.026762,0.057380,0.016520,0.017011,c07f66d9cbf781191bee66edfe8ad7856f045781
0001437749-24-036376,3.01,validation,0.083101,0.022897,0.575571,0.024613,0.054819,0.046981,0.156624,0.035394,c07f66d9cbf781191bee66edfe8ad7856f045781
0001104659-24-124385,1.03,validation,0.186383,0.350127,0.093765,0.160359,0.090173,0.053321,0.020219,0.045653,c07f66d9cbf781191bee66edfe8ad7856f045781
0001493152-24-048292,1.01,validation,0.919085,0.007038,0.015253,0.011879,0.013780,0.012208,0.008212,0.012546,c07f66d9cbf781191bee66edfe8ad7856f045781
0001079973-24-001654,2.03,validation,0.292930,0.100446,0.093261,0.096410,0.096976,0.099470,0.100054,0.120453,c07f66d9cbf781191bee66edfe8ad7856f045781
0001104659-24-124826,5.02,validation,0.445581,0.010438,0.019087,0.008209,0.018736,0.007864,0.056099,0.433986,c07f66d9cbf781191bee66edfe8ad7856f045781
0001193125-24-269937,2.04,validation,0.166821,0.105213,0.100395,0.125432,0.115553,0.129161,0.124943,0.132483,c07f66d9cbf781191bee66edfe8ad7856f045781
0001213900-24-105074,5.02,validation,0.040641,0.010843,0.033759,0.012215,0.018662,0.010800,0.042302,0.830779,c07f66d9cbf781191bee66edfe8ad7856f045781
0001537028-24-000057,2.04,validation,0.085467,0.013871,0.019753,0.089569,0.750686,0.022602,0.008462,0.009589,c07f66d9cbf781191bee66edfe8ad7856f045781
0000048465-24-000047,2.02,validation,0.064810,0.010234,0.861237,0.010214,0.019459,0.009652,0.014098,0.010295,c07f66d9cbf781191bee66edfe8ad7856f045781
0000950170-24-133295,5.02,validation,0.153910,0.015620,0.077410,0.019939,0.045021,0.014531,0.054199,0.619371,c07f66d9cbf781191bee66edfe8ad7856f045781
0001193125-24-270298,2.06,validation,0.153842,0.028878,0.072387,0.057655,0.066491,0.414983,0.091327,0.114438,c07f66d9cbf781191bee66edfe8ad7856f045781
0001193125-24-270311,2.06,validation,0.112506,0.019589,0.129810,0.033452,0.055912,0.516678,0.064544,0.067509,c07f66d9cbf781191bee66edfe8ad7856f045781
0000950170-24-133693,2.02,validation,0.038985,0.019149,0.779990,0.036409,0.047859,0.014913,0.041622,0.021072,c07f66d9cbf781191bee66edfe8ad7856f045781
0001104659-24-125938,1.03,validation,0.400253,0.248614,0.039722,0.035123,0.058477,0.029232,0.092448,0.096130,c07f66d9cbf781191bee66edfe8ad7856f045781
0001104659-24-125939,1.03,validation,0.394256,0.259762,0.040394,0.034483,0.058888,0.028981,0.090321,0.092915,c07f66d9cbf781191bee66edfe8ad7856f045781
0001397187-24-000040,2.02,validation,0.063993,0.008029,0.852460,0.014147,0.021592,0.008514,0.014596,0.016669,c07f66d9cbf781191bee66edfe8ad7856f045781
0001493152-24-048799,2.02,validation,0.047133,0.010384,0.842822,0.011206,0.031923,0.010610,0.033422,0.012501,c07f66d9cbf781191bee66edfe8ad7856f045781
0001996862-24-000297,2.03,validation,0.469742,0.063449,0.063449,0.065080,0.066234,0.069278,0.075347,0.127421,c07f66d9cbf781191bee66edfe8ad7856f045781
0000950103-24-017358,2.04,validation,0.158913,0.055620,0.335270,0.147114,0.110614,0.088189,0.054226,0.050053,c07f66d9cbf781191bee66edfe8ad7856f045781
0000950170-24-133840,2.02,validation,0.027138,0.009790,0.911050,0.008006,0.015706,0.007851,0.011225,0.009233,c07f66d9cbf781191bee66edfe8ad7856f045781
0001493152-24-049092,3.01,validation,0.167453,0.035862,0.476332,0.035445,0.053836,0.056862,0.116901,0.057308,c07f66d9cbf781191bee66edfe8ad7856f045781
0001704715-24-000140,5.02,validation,0.062318,0.018207,0.062318,0.022307,0.062075,0.019533,0.017407,0.735834,c07f66d9cbf781191bee66edfe8ad7856f045781
0000812011-24-000205,2.02,validation,0.310986,0.032682,0.439203,0.029296,0.075987,0.027253,0.042792,0.041801,c07f66d9cbf781191bee66edfe8ad7856f045781
0001558370-24-016099,2.06,validation,0.274977,0.055539,0.217950,0.068047,0.156983,0.076061,0.057977,0.092466,c07f66d9cbf781191bee66edfe8ad7856f045781
0000880266-24-000064,5.02,validation,0.186566,0.025645,0.114653,0.021344,0.058359,0.014302,0.023811,0.555321,c07f66d9cbf781191bee66edfe8ad7856f045781
0001437749-24-037253,2.04,validation,0.355748,0.081156,0.070509,0.092141,0.187407,0.022713,0.148469,0.041857,c07f66d9cbf781191bee66edfe8ad7856f045781
0001493152-24-049647,3.01,validation,0.067183,0.039727,0.474964,0.038883,0.079627,0.055480,0.205329,0.038807,c07f66d9cbf781191bee66edfe8ad7856f045781
0001091818-24-000153,1.03,validation,0.094813,0.392412,0.072341,0.157392,0.171014,0.021489,0.024350,0.066190,c07f66d9cbf781191bee66edfe8ad7856f045781
0001104659-24-128006,5.02,validation,0.176146,0.031891,0.026387,0.018913,0.052580,0.014417,0.290771,0.388894,c07f66d9cbf781191bee66edfe8ad7856f045781
0001193125-24-276415,2.06,validation,0.050192,0.015473,0.069480,0.024653,0.018664,0.780541,0.016247,0.024750,c07f66d9cbf781191bee66edfe8ad7856f045781
0001213900-24-108439,3.01,validation,0.054752,0.030178,0.511855,0.028074,0.053275,0.029022,0.238413,0.054432,c07f66d9cbf781191bee66edfe8ad7856f045781
0001280058-24-000070,2.06,validation,0.074423,0.020972,0.681715,0.034509,0.045184,0.075080,0.037900,0.030217,c07f66d9cbf781191bee66edfe8ad7856f045781
0001104659-24-128106,2.04,validation,0.654729,0.018564,0.037501,0.026027,0.038729,0.018930,0.092906,0.112614,c07f66d9cbf781191bee66edfe8ad7856f045781
0001193125-24-278465,3.01,validation,0.136470,0.026873,0.195294,0.027510,0.070938,0.052307,0.452191,0.038418,c07f66d9cbf781191bee66edfe8ad7856f045781
0001437749-24-037478,2.04,validation,0.063846,0.021116,0.481183,0.087267,0.123006,0.064662,0.136355,0.022566,c07f66d9cbf781191bee66edfe8ad7856f045781
0001493152-24-049986,2.03,validation,0.397818,0.016316,0.335610,0.046389,0.068626,0.033153,0.038308,0.063779,c07f66d9cbf781191bee66edfe8ad7856f045781
0001829126-24-008287,3.01,validation,0.062496,0.010828,0.040193,0.011129,0.016969,0.030280,0.812040,0.016066,c07f66d9cbf781191bee66edfe8ad7856f045781
0001104659-24-128984,2.04,validation,0.835267,0.007730,0.029259,0.021281,0.036520,0.013754,0.035053,0.021136,c07f66d9cbf781191bee66edfe8ad7856f045781
0001193125-24-278982,2.03,validation,0.449605,0.046494,0.064174,0.127874,0.151558,0.052891,0.048630,0.058774,c07f66d9cbf781191bee66edfe8ad7856f045781
0001213900-24-109364,1.03,validation,0.083143,0.417723,0.074238,0.202714,0.126902,0.018624,0.015290,0.061366,c07f66d9cbf781191bee66edfe8ad7856f045781
0001213900-24-109381,2.02,validation,0.032742,0.013437,0.838664,0.021016,0.039532,0.013490,0.026619,0.014501,c07f66d9cbf781191bee66edfe8ad7856f045781
0000950103-24-017904,2.03,validation,0.340916,0.093201,0.087213,0.089806,0.090510,0.093749,0.092838,0.111765,c07f66d9cbf781191bee66edfe8ad7856f045781
0000950170-24-137197,2.04,validation,0.507218,0.004358,0.077846,0.067853,0.309451,0.017104,0.006724,0.009446,c07f66d9cbf781191bee66edfe8ad7856f045781
0001104659-24-129352,3.01,validation,0.043142,0.007934,0.049366,0.009740,0.018519,0.017127,0.830089,0.024083,c07f66d9cbf781191bee66edfe8ad7856f045781
0001193125-24-280155,3.01,validation,0.031209,0.011685,0.054030,0.011962,0.022088,0.027596,0.804114,0.037316,c07f66d9cbf781191bee66edfe8ad7856f045781
0001437749-24-037730,1.01,validation,0.484067,0.026190,0.228804,0.040248,0.057205,0.036078,0.043604,0.083803,c07f66d9cbf781191bee66edfe8ad7856f045781
0001493152-24-050342,3.01,validation,0.029005,0.010785,0.077167,0.011730,0.026486,0.022174,0.803313,0.019340,c07f66d9cbf781191bee66edfe8ad7856f045781
0001493152-24-050433,3.01,validation,0.040341,0.027457,0.415063,0.049718,0.161119,0.078064,0.196637,0.031602,c07f66d9cbf781191bee66edfe8ad7856f045781
0001661306-24-000080,1.01,validation,0.814354,0.009011,0.071646,0.039412,0.021075,0.021829,0.011237,0.011436,c07f66d9cbf781191bee66edfe8ad7856f045781
0000066382-24-000099,2.02,validation,0.056288,0.022499,0.783119,0.022898,0.033057,0.017284,0.041504,0.023350,c07f66d9cbf781191bee66edfe8ad7856f045781
0001193125-24-281381,2.03,validation,0.350430,0.084628,0.081864,0.084628,0.092222,0.096837,0.093492,0.115899,c07f66d9cbf781191bee66edfe8ad7856f045781
0001493152-24-050541,3.01,validation,0.098804,0.016625,0.112672,0.013385,0.027064,0.026412,0.671257,0.033781,c07f66d9cbf781191bee66edfe8ad7856f045781
0000072162-24-000040,2.03,validation,0.495401,0.042269,0.074548,0.028434,0.034770,0.030744,0.209689,0.084145,c07f66d9cbf781191bee66edfe8ad7856f045781
0001104659-24-130238,2.04,validation,0.388937,0.033214,0.225429,0.037784,0.050645,0.038229,0.151642,0.074121,c07f66d9cbf781191bee66edfe8ad7856f045781
0001193125-24-282044,2.03,validation,0.449605,0.046494,0.064174,0.127874,0.151558,0.052891,0.048630,0.058774,c07f66d9cbf781191bee66edfe8ad7856f045781
0001437749-24-037973,1.01,validation,0.732836,0.010587,0.018293,0.012353,0.039838,0.009907,0.011627,0.164559,c07f66d9cbf781191bee66edfe8ad7856f045781
0000950170-24-139016,2.02,validation,0.078015,0.039536,0.256801,0.109804,0.173252,0.035027,0.253314,0.054251,c07f66d9cbf781191bee66edfe8ad7856f045781
0001104659-24-130504,2.06,validation,0.686774,0.005560,0.233207,0.009439,0.026812,0.011408,0.008282,0.018518,c07f66d9cbf781191bee66edfe8ad7856f045781
0001193125-24-283157,1.01,validation,0.556291,0.014767,0.160238,0.119603,0.072049,0.015236,0.018961,0.042855,c07f66d9cbf781191bee66edfe8ad7856f045781
0001424929-24-000135,2.03,validation,0.439119,0.065589,0.065974,0.071754,0.070366,0.067407,0.076531,0.143259,c07f66d9cbf781191bee66edfe8ad7856f045781
0001493152-24-050862,2.02,validation,0.038558,0.025937,0.706522,0.025937,0.036080,0.020800,0.117956,0.028209,c07f66d9cbf781191bee66edfe8ad7856f045781
0000799233-24-000048,5.02,validation,0.165901,0.017320,0.114496,0.030161,0.054349,0.023953,0.122477,0.471341,c07f66d9cbf781191bee66edfe8ad7856f045781
0001104659-24-131067,1.03,validation,0.808053,0.006353,0.042100,0.080008,0.040152,0.006134,0.009463,0.007738,c07f66d9cbf781191bee66edfe8ad7856f045781
0001437749-24-038268,1.01,validation,0.815720,0.006610,0.037341,0.076693,0.028131,0.019774,0.007804,0.007927,c07f66d9cbf781191bee66edfe8ad7856f045781
0001654954-24-015858,5.02,validation,0.137689,0.049191,0.133714,0.106087,0.093713,0.053084,0.068161,0.358362,c07f66d9cbf781191bee66edfe8ad7856f045781
0001104659-24-131719,2.04,validation,0.728659,0.006335,0.189156,0.010486,0.020996,0.006080,0.027038,0.011249,c07f66d9cbf781191bee66edfe8ad7856f045781
0001213900-24-112672,3.01,validation,0.085546,0.035245,0.131465,0.035177,0.065080,0.179867,0.393442,0.074179,c07f66d9cbf781191bee66edfe8ad7856f045781
0001213900-24-112673,3.01,validation,0.026492,0.010830,0.138980,0.012272,0.015850,0.014125,0.762219,0.019231,c07f66d9cbf781191bee66edfe8ad7856f045781
0001558370-24-016472,3.01,validation,0.105498,0.040832,0.352392,0.040912,0.067190,0.044496,0.276596,0.072084,c07f66d9cbf781191bee66edfe8ad7856f045781
0000016058-24-000210,2.03,validation,0.360766,0.088323,0.082972,0.087465,0.092743,0.089714,0.094757,0.103260,c07f66d9cbf781191bee66edfe8ad7856f045781
0001213900-24-113100,2.03,validation,0.298450,0.021052,0.357372,0.054498,0.058984,0.031664,0.029114,0.148866,c07f66d9cbf781191bee66edfe8ad7856f045781
0001999371-24-015845,1.03,validation,0.280077,0.232192,0.091685,0.260742,0.083971,0.011863,0.014938,0.024533,c07f66d9cbf781191bee66edfe8ad7856f045781
0001213900-24-113256,2.04,validation,0.030561,0.209458,0.026656,0.080990,0.595818,0.021756,0.016583,0.018178,c07f66d9cbf781191bee66edfe8ad7856f045781
0001275158-24-000104,3.01,validation,0.056554,0.037747,0.264329,0.035808,0.061150,0.068351,0.400699,0.075363,c07f66d9cbf781191bee66edfe8ad7856f045781
0001477932-24-008433,1.01,validation,0.742387,0.011372,0.096575,0.039654,0.046405,0.016226,0.027068,0.020313,c07f66d9cbf781191bee66edfe8ad7856f045781
0001104659-25-000319,2.03,test,0.188663,0.107078,0.106037,0.110477,0.109832,0.119221,0.125432,0.133261,c07f66d9cbf781191bee66edfe8ad7856f045781
0001772695-25-000003,1.01,test,0.890713,0.007325,0.021319,0.021174,0.024803,0.010451,0.010451,0.013765,c07f66d9cbf781191bee66edfe8ad7856f045781
0000313143-25-000003,5.02,test,0.116544,0.020773,0.011790,0.011494,0.015589,0.012332,0.052994,0.758483,c07f66d9cbf781191bee66edfe8ad7856f045781
0001104659-25-000828,1.01,test,0.729568,0.019595,0.081975,0.014820,0.018661,0.018158,0.036715,0.080508,c07f66d9cbf781191bee66edfe8ad7856f045781
0001193125-25-001488,1.03,test,0.348418,0.086137,0.081553,0.085134,0.085801,0.087836,0.101494,0.123627,c07f66d9cbf781191bee66edfe8ad7856f045781
0001213900-25-000828,1.03,test,0.095244,0.511627,0.086890,0.124222,0.102482,0.021190,0.023409,0.034936,c07f66d9cbf781191bee66edfe8ad7856f045781
0001046257-25-000003,2.06,test,0.037329,0.011219,0.092841,0.017208,0.023110,0.777352,0.025756,0.015186,c07f66d9cbf781191bee66edfe8ad7856f045781
0001104659-25-001304,5.02,test,0.383471,0.010080,0.076999,0.012112,0.028493,0.009089,0.097407,0.382349,c07f66d9cbf781191bee66edfe8ad7856f045781
0001239819-25-000008,3.01,test,0.028835,0.012597,0.068634,0.011880,0.021055,0.012846,0.826388,0.017765,c07f66d9cbf781191bee66edfe8ad7856f045781
0001477932-25-000067,2.06,test,0.606520,0.010115,0.026006,0.030702,0.024864,0.279453,0.014631,0.007710,c07f66d9cbf781191bee66edfe8ad7856f045781
0001477932-25-000069,5.02,test,0.026063,0.012323,0.108186,0.015578,0.029533,0.011047,0.021334,0.775935,c07f66d9cbf781191bee66edfe8ad7856f045781
0001193125-25-002871,1.01,test,0.821723,0.007962,0.035062,0.060022,0.037579,0.012551,0.012453,0.012649,c07f66d9cbf781191bee66edfe8ad7856f045781
0001193125-25-002920,3.01,test,0.241933,0.036669,0.287865,0.036813,0.064357,0.045547,0.225286,0.061530,c07f66d9cbf781191bee66edfe8ad7856f045781
0001213900-25-001659,5.02,test,0.197581,0.032539,0.076398,0.044302,0.056003,0.056996,0.086994,0.449187,c07f66d9cbf781191bee66edfe8ad7856f045781
0001628280-25-000760,2.03,test,0.196200,0.027143,0.092996,0.022240,0.034379,0.022196,0.162259,0.442588,c07f66d9cbf781191bee66edfe8ad7856f045781
0000860413-25-000003,2.06,test,0.043296,0.012551,0.610066,0.192435,0.068514,0.039537,0.014760,0.018841,c07f66d9cbf781191bee66edfe8ad7856f045781
0001104659-25-002278,2.06,test,0.073587,0.015335,0.114085,0.026651,0.097439,0.638182,0.020118,0.014604,c07f66d9cbf781191bee66edfe8ad7856f045781
0001104659-25-002525,5.02,test,0.235782,0.018622,0.058949,0.020532,0.045464,0.018084,0.191877,0.410690,c07f66d9cbf781191bee66edfe8ad7856f045781
0001193125-25-004439,2.03,test,0.337992,0.023170,0.209761,0.053036,0.049725,0.043968,0.243922,0.038425,c07f66d9cbf781191bee66edfe8ad7856f045781
0001193125-25-004522,3.01,test,0.110828,0.032729,0.253193,0.030806,0.066632,0.044127,0.387206,0.074479,c07f66d9cbf781191bee66edfe8ad7856f045781
0001493152-25-001534,2.04,test,0.386486,0.020244,0.116498,0.209003,0.162335,0.028438,0.032036,0.044958,c07f66d9cbf781191bee66edfe8ad7856f045781
0001493152-25-001536,2.04,test,0.331455,0.019277,0.140296,0.214448,0.192747,0.027558,0.034974,0.039245,c07f66d9cbf781191bee66edfe8ad7856f045781
0001551152-25-000006,2.06,test,0.051978,0.006742,0.017283,0.007565,0.008293,0.894288,0.006272,0.007580,c07f66d9cbf781191bee66edfe8ad7856f045781
0001213900-25-002841,1.03,test,0.047685,0.498470,0.115401,0.118600,0.128990,0.026180,0.026283,0.038391,c07f66d9cbf781191bee66edfe8ad7856f045781
0001193125-25-006218,2.02,test,0.034140,0.006497,0.905766,0.008261,0.013540,0.007882,0.015954,0.007960,c07f66d9cbf781191bee66edfe8ad7856f045781
0000950170-25-005647,1.03,test,0.684840,0.111416,0.080761,0.027965,0.027639,0.014852,0.015841,0.036687,c07f66d9cbf781191bee66edfe8ad7856f045781
0001437749-25-001172,2.02,test,0.068099,0.033877,0.700659,0.038387,0.076045,0.020268,0.021158,0.041507,c07f66d9cbf781191bee66edfe8ad7856f045781
0001537028-25-000003,1.03,test,0.089590,0.376818,0.080151,0.235059,0.101221,0.022586,0.018542,0.076034,c07f66d9cbf781191bee66edfe8ad7856f045781
0001828852-25-000010,1.03,test,0.291153,0.242083,0.105147,0.064842,0.137070,0.052357,0.056501,0.050846,c07f66d9cbf781191bee66edfe8ad7856f045781
0001828852-25-000010,2.04,test,0.265469,0.143560,0.141887,0.061357,0.371820,0.008779,0.003578,0.003550,c07f66d9cbf781191bee66edfe8ad7856f045781
0000350852-25-000012,5.02,test,0.265673,0.022714,0.044256,0.017079,0.047619,0.016716,0.071485,0.514458,c07f66d9cbf781191bee66edfe8ad7856f045781
0000950170-25-006260,3.01,test,0.178636,0.014767,0.097241,0.023007,0.026584,0.019336,0.362975,0.277454,c07f66d9cbf781191bee66edfe8ad7856f045781
0001104659-25-004148,2.04,test,0.272086,0.093481,0.091137,0.098351,0.108017,0.095511,0.113644,0.127773,c07f66d9cbf781191bee66edfe8ad7856f045781
0001325814-25-000008,2.03,test,0.112874,0.038932,0.077957,0.363474,0.177576,0.057933,0.086798,0.084456,c07f66d9cbf781191bee66edfe8ad7856f045781
0000950170-25-006702,2.04,test,0.076981,0.049800,0.262724,0.058336,0.076382,0.062463,0.343494,0.069819,c07f66d9cbf781191bee66edfe8ad7856f045781
0001193125-25-008477,2.04,test,0.555251,0.009790,0.080070,0.131851,0.129998,0.012112,0.061873,0.019055,c07f66d9cbf781191bee66edfe8ad7856f045781
0001213900-25-004620,1.03,test,0.041397,0.680953,0.040994,0.092744,0.062999,0.024575,0.025454,0.030884,c07f66d9cbf781191bee66edfe8ad7856f045781
0001493152-25-002753,3.01,test,0.103630,0.027620,0.300448,0.031667,0.077691,0.076486,0.331755,0.050703,c07f66d9cbf781191bee66edfe8ad7856f045781
0001493152-25-002842,3.01,test,0.054165,0.020220,0.169716,0.019946,0.035074,0.035696,0.630109,0.035074,c07f66d9cbf781191bee66edfe8ad7856f045781
0001628280-25-001918,1.03,test,0.051576,0.337224,0.083880,0.200972,0.144720,0.058558,0.025482,0.097588,c07f66d9cbf781191bee66edfe8ad7856f045781
0001683168-25-000458,3.01,test,0.226389,0.032392,0.386041,0.035024,0.071865,0.053301,0.127739,0.067248,c07f66d9cbf781191bee66edfe8ad7856f045781
0001030469-25-000003,2.02,test,0.157553,0.011149,0.742885,0.012008,0.032896,0.010722,0.018417,0.014371,c07f66d9cbf781191bee66edfe8ad7856f045781
0001325814-25-000010,2.03,test,0.112874,0.038932,0.077957,0.363474,0.177576,0.057933,0.086798,0.084456,c07f66d9cbf781191bee66edfe8ad7856f045781
0001437749-25-001557,2.04,test,0.080109,0.029413,0.185170,0.285679,0.251251,0.060943,0.068923,0.038512,c07f66d9cbf781191bee66edfe8ad7856f045781
0001999371-25-000518,1.03,test,0.374758,0.015044,0.077942,0.319766,0.163980,0.011579,0.021888,0.015044,c07f66d9cbf781191bee66edfe8ad7856f045781
0001040971-25-000005,2.02,test,0.163497,0.016710,0.680660,0.018569,0.035723,0.017547,0.045070,0.022224,c07f66d9cbf781191bee66edfe8ad7856f045781
0001574197-25-000003,2.02,test,0.096143,0.026934,0.697941,0.025600,0.057916,0.025801,0.039265,0.030401,c07f66d9cbf781191bee66edfe8ad7856f045781
0001767837-25-000001,2.02,test,0.113510,0.007808,0.815310,0.010466,0.016562,0.008279,0.012599,0.015467,c07f66d9cbf781191bee66edfe8ad7856f045781
0001820144-25-000005,2.02,test,0.171504,0.037638,0.417130,0.040935,0.102911,0.036838,0.145838,0.047208,c07f66d9cbf781191bee66edfe8ad7856f045781
0000950170-25-008889,2.04,test,0.311556,0.090050,0.086094,0.088827,0.089349,0.089349,0.097749,0.147025,c07f66d9cbf781191bee66edfe8ad7856f045781
0001104659-25-006039,1.01,test,0.746275,0.011254,0.106362,0.018995,0.047522,0.024969,0.014621,0.030001,c07f66d9cbf781191bee66edfe8ad7856f045781
0001185185-25-000039,2.04,test,0.132525,0.026326,0.035703,0.548216,0.160795,0.033344,0.030007,0.033085,c07f66d9cbf781191bee66edfe8ad7856f045781
0001437749-25-001907,2.02,test,0.068404,0.027882,0.649632,0.052652,0.073530,0.020359,0.059083,0.048458,c07f66d9cbf781191bee66edfe8ad7856f045781
0000940944-25-000006,5.02,test,0.179177,0.031000,0.023491,0.019323,0.026361,0.016593,0.067577,0.636478,c07f66d9cbf781191bee66edfe8ad7856f045781
0000707549-25-000011,2.03,test,0.366972,0.079830,0.079518,0.080771,0.083172,0.089580,0.097238,0.122920,c07f66d9cbf781191bee66edfe8ad7856f045781
0001104659-25-007267,1.03,test,0.215486,0.011910,0.407725,0.212976,0.089543,0.035731,0.015263,0.011365,c07f66d9cbf781191bee66edfe8ad7856f045781
0001437749-25-002144,2.02,test,0.071655,0.027518,0.620672,0.058255,0.085093,0.028006,0.058483,0.050317,c07f66d9cbf781191bee66edfe8ad7856f045781
0000943374-25-000029,2.06,test,0.045472,0.021479,0.299204,0.046459,0.130044,0.408197,0.023134,0.026010,c07f66d9cbf781191bee66edfe8ad7856f045781
0001171843-25-000534,2.02,test,0.029442,0.007364,0.915007,0.008120,0.014140,0.007932,0.008883,0.009112,c07f66d9cbf781191bee66edfe8ad7856f045781
0001213900-25-008413,5.02,test,0.229841,0.013164,0.014542,0.018564,0.026026,0.012103,0.085253,0.600507,c07f66d9cbf781191bee66edfe8ad7856f045781
0001628280-25-003073,5.02,test,0.157406,0.008796,0.016434,0.011141,0.024146,0.011251,0.020412,0.750414,c07f66d9cbf781191bee66edfe8ad7856f045781
0001104659-25-008127,3.01,test,0.051317,0.014631,0.266627,0.015333,0.046542,0.036000,0.541567,0.027982,c07f66d9cbf781191bee66edfe8ad7856f045781
0001193125-25-017389,1.01,test,0.819873,0.009781,0.030812,0.016966,0.030963,0.027298,0.034239,0.030069,c07f66d9cbf781191bee66edfe8ad7856f045781
0001362468-25-000002,2.06,test,0.007985,0.005046,0.353072,0.007635,0.022200,0.592441,0.005981,0.005640,c07f66d9cbf781191bee66edfe8ad7856f045781
0001193125-25-019379,1.03,test,0.507132,0.084504,0.089866,0.053192,0.087442,0.028030,0.036345,0.113490,c07f66d9cbf781191bee66edfe8ad7856f045781
0000056978-25-000027,2.02,test,0.107258,0.017424,0.724082,0.021558,0.039113,0.018048,0.043847,0.028671,c07f66d9cbf781191bee66edfe8ad7856f045781
0001654954-25-001102,1.01,test,0.815355,0.013920,0.041153,0.015835,0.022905,0.019250,0.048632,0.022950,c07f66d9cbf781191bee66edfe8ad7856f045781
0001654954-25-001143,2.03,test,0.091375,0.030577,0.060336,0.515908,0.134189,0.047451,0.065494,0.054669,c07f66d9cbf781191bee66edfe8ad7856f045781
0000103730-25-000006,2.06,test,0.046594,0.011385,0.433737,0.014705,0.058272,0.414279,0.010843,0.010186,c07f66d9cbf781191bee66edfe8ad7856f045781
0001327811-25-000030,2.06,test,0.049830,0.031798,0.032298,0.034583,0.037908,0.716919,0.031674,0.064990,c07f66d9cbf781191bee66edfe8ad7856f045781
0001477932-25-000717,1.03,test,0.547771,0.020376,0.052542,0.103477,0.092847,0.040483,0.027796,0.114707,c07f66d9cbf781191bee66edfe8ad7856f045781
0001493152-25-005038,3.01,test,0.126147,0.039385,0.481684,0.038099,0.055002,0.048729,0.122027,0.088929,c07f66d9cbf781191bee66edfe8ad7856f045781
0001829126-25-000681,3.01,test,0.190767,0.039444,0.139568,0.038681,0.069497,0.070730,0.321981,0.129332,c07f66d9cbf781191bee66edfe8ad7856f045781
0001104659-25-010098,2.03,test,0.294666,0.017704,0.061973,0.019068,0.026473,0.016893,0.135560,0.427665,c07f66d9cbf781191bee66edfe8ad7856f045781
0001493152-25-005191,2.03,test,0.494897,0.039906,0.132131,0.040693,0.055080,0.051642,0.103609,0.082042,c07f66d9cbf781191bee66edfe8ad7856f045781
0000950170-25-015946,2.02,test,0.062910,0.033542,0.615275,0.049475,0.061094,0.030780,0.087941,0.058983,c07f66d9cbf781191bee66edfe8ad7856f045781
0001104659-25-010579,5.02,test,0.077143,0.013133,0.020104,0.020905,0.022648,0.018305,0.056219,0.771543,c07f66d9cbf781191bee66edfe8ad7856f045781
0001628280-25-004296,2.03,test,0.369134,0.086149,0.084648,0.084318,0.087335,0.086318,0.088192,0.113906,c07f66d9cbf781191bee66edfe8ad7856f045781
0001104659-25-010948,1.03,test,0.125311,0.352325,0.102777,0.202706,0.120041,0.026267,0.020337,0.050236,c07f66d9cbf781191bee66edfe8ad7856f045781
0001104659-25-010952,2.04,test,0.701787,0.005593,0.226064,0.008579,0.020803,0.005615,0.021780,0.009779,c07f66d9cbf781191bee66edfe8ad7856f045781
0001437749-25-003321,1.03,test,0.634667,0.041393,0.040831,0.043126,0.042210,0.042375,0.040434,0.114962,c07f66d9cbf781191bee66edfe8ad7856f045781
0001493152-25-005633,3.01,test,0.133608,0.029350,0.181199,0.032046,0.070132,0.046627,0.441412,0.065626,c07f66d9cbf781191bee66edfe8ad7856f045781
0000950170-25-018029,2.04,test,0.423557,0.008654,0.090555,0.119711,0.331643,0.008688,0.008688,0.008504,c07f66d9cbf781191bee66edfe8ad7856f045781
0001193125-25-024344,1.01,test,0.693519,0.006826,0.037737,0.199231,0.034059,0.007351,0.007964,0.013312,c07f66d9cbf781191bee66edfe8ad7856f045781
0001839882-25-008389,5.02,test,0.288297,0.014401,0.080086,0.019341,0.028864,0.017168,0.044444,0.507399,c07f66d9cbf781191bee66edfe8ad7856f045781
0001976927-25-000006,5.02,test,0.123147,0.026425,0.091829,0.026066,0.090317,0.021150,0.089003,0.532062,c07f66d9cbf781191bee66edfe8ad7856f045781
0000950170-25-018808,2.03,test,0.380117,0.014976,0.019533,0.014860,0.020114,0.013743,0.114620,0.422037,c07f66d9cbf781191bee66edfe8ad7856f045781
0001059556-25-000012,5.02,test,0.511353,0.018662,0.110588,0.022666,0.075267,0.018517,0.033498,0.209449,c07f66d9cbf781191bee66edfe8ad7856f045781
0001213900-25-013054,1.01,test,0.909751,0.006058,0.023729,0.007510,0.010864,0.009969,0.021105,0.011013,c07f66d9cbf781191bee66edfe8ad7856f045781
0001479094-25-000005,2.02,test,0.033946,0.015271,0.842770,0.019191,0.036920,0.015910,0.016035,0.019956,c07f66d9cbf781191bee66edfe8ad7856f045781
0001193125-25-025524,5.02,test,0.169053,0.032406,0.058852,0.029163,0.053377,0.028045,0.209262,0.419842,c07f66d9cbf781191bee66edfe8ad7856f045781
0001193125-25-026192,3.01,test,0.053684,0.024965,0.213886,0.028015,0.034391,0.028791,0.565340,0.050927,c07f66d9cbf781191bee66edfe8ad7856f045781
0001493152-25-006461,1.01,test,0.793868,0.007573,0.137853,0.019991,0.012437,0.009170,0.009135,0.009974,c07f66d9cbf781191bee66edfe8ad7856f045781
0001493152-25-006461,2.04,test,0.096478,0.028022,0.536407,0.041495,0.069899,0.060257,0.053541,0.113901,c07f66d9cbf781191bee66edfe8ad7856f045781
0001558370-25-000885,2.02,test,0.034779,0.019057,0.767215,0.036950,0.055468,0.014190,0.036806,0.035534,c07f66d9cbf781191bee66edfe8ad7856f045781
0001683168-25-000972,5.02,test,0.281837,0.016409,0.151078,0.013845,0.044084,0.015058,0.139468,0.338222,c07f66d9cbf781191bee66edfe8ad7856f045781
0001079973-25-000236,2.03,test,0.292930,0.100446,0.093261,0.096410,0.096976,0.099470,0.100054,0.120453,c07f66d9cbf781191bee66edfe8ad7856f045781
0001193125-25-027303,5.02,test,0.200613,0.024497,0.028307,0.014040,0.046944,0.014068,0.175389,0.496143,c07f66d9cbf781191bee66edfe8ad7856f045781
0001193125-25-027349,1.03,test,0.083349,0.396278,0.043262,0.269974,0.155735,0.017479,0.008910,0.025014,c07f66d9cbf781191bee66edfe8ad7856f045781
0001213900-25-014298,2.03,test,0.359789,0.085876,0.083559,0.084710,0.086044,0.088084,0.089646,0.122293,c07f66d9cbf781191bee66edfe8ad7856f045781
0001213900-25-014385,1.01,test,0.867609,0.005852,0.069432,0.007282,0.010150,0.008140,0.014913,0.016621,c07f66d9cbf781191bee66edfe8ad7856f045781
0001370946-25-000070,2.06,test,0.176708,0.017911,0.602777,0.031252,0.053421,0.053945,0.032055,0.031930,c07f66d9cbf781191bee66edfe8ad7856f045781
0001376986-25-000015,2.03,test,0.809820,0.004658,0.115025,0.010234,0.026236,0.018226,0.006857,0.008944,c07f66d9cbf781191bee66edfe8ad7856f045781
0001646972-25-000011,2.04,test,0.125303,0.025209,0.448707,0.157857,0.148511,0.034932,0.026214,0.033267,c07f66d9cbf781191bee66edfe8ad7856f045781
0001213900-25-014892,3.01,test,0.110277,0.029164,0.498135,0.031533,0.053955,0.038185,0.200566,0.038185,c07f66d9cbf781191bee66edfe8ad7856f045781
0001493152-25-007034,1.03,test,0.305608,0.224298,0.027781,0.155557,0.170596,0.053237,0.022106,0.040818,c07f66d9cbf781191bee66edfe8ad7856f045781
0001683168-25-001079,1.01,test,0.916666,0.011054,0.008693,0.009492,0.012673,0.011382,0.011382,0.018657,c07f66d9cbf781191bee66edfe8ad7856f045781
0001731289-25-000004,1.03,test,0.092922,0.444932,0.061899,0.157065,0.160241,0.032555,0.019862,0.030523,c07f66d9cbf781191bee66edfe8ad7856f045781
0001731289-25-000004,2.04,test,0.191230,0.182829,0.050770,0.075474,0.465051,0.012000,0.010969,0.011676,c07f66d9cbf781191bee66edfe8ad7856f045781
0001794515-25-000025,5.02,test,0.244507,0.010107,0.026164,0.020139,0.032849,0.009663,0.148219,0.508353,c07f66d9cbf781191bee66edfe8ad7856f045781
0000950170-25-023403,2.04,test,0.374904,0.083164,0.079822,0.083001,0.083489,0.088700,0.090097,0.116822,c07f66d9cbf781191bee66edfe8ad7856f045781
0001437749-25-004615,2.02,test,0.169825,0.042521,0.550079,0.031723,0.075728,0.020927,0.051190,0.058006,c07f66d9cbf781191bee66edfe8ad7856f045781
0001716583-25-000026,3.01,test,0.029718,0.015448,0.065228,0.016221,0.018779,0.018743,0.809121,0.026743,c07f66d9cbf781191bee66edfe8ad7856f045781
0000950103-25-002262,1.03,test,0.335422,0.155112,0.086840,0.219975,0.134173,0.019095,0.018328,0.031055,c07f66d9cbf781191bee66edfe8ad7856f045781
0001193125-25-032692,1.01,test,0.776131,0.006007,0.056747,0.066701,0.045464,0.011670,0.013751,0.023529,c07f66d9cbf781191bee66edfe8ad7856f045781
0001193125-25-033509,2.06,test,0.380962,0.003872,0.107718,0.004876,0.010702,0.028978,0.003812,0.459080,c07f66d9cbf781191bee66edfe8ad7856f045781
0001437749-25-004829,1.01,test,0.799149,0.008099,0.037267,0.011311,0.029741,0.008356,0.025389,0.080687,c07f66d9cbf781191bee66edfe8ad7856f045781
0001628280-25-007247,5.02,test,0.037641,0.019604,0.047956,0.023647,0.046119,0.016573,0.039757,0.768701,c07f66d9cbf781191bee66edfe8ad7856f045781
0000950170-25-026181,2.03,test,0.086975,0.026191,0.088172,0.431251,0.248996,0.043521,0.031965,0.042930,c07f66d9cbf781191bee66edfe8ad7856f045781
0001104659-25-016659,1.03,test,0.077197,0.352496,0.094492,0.255042,0.124328,0.034761,0.027125,0.034558,c07f66d9cbf781191bee66edfe8ad7856f045781
0001493152-25-008212,3.01,test,0.052596,0.027286,0.229472,0.022665,0.051983,0.027933,0.544460,0.043603,c07f66d9cbf781191bee66edfe8ad7856f045781
0001493152-25-008228,2.04,test,0.052971,0.026428,0.242912,0.192253,0.333809,0.039059,0.072191,0.040377,c07f66d9cbf781191bee66edfe8ad7856f045781
0001739410-25-000021,3.01,test,0.063660,0.026641,0.204195,0.028415,0.043582,0.029953,0.552601,0.050952,c07f66d9cbf781191bee66edfe8ad7856f045781
0001104659-25-017437,3.01,test,0.165066,0.030714,0.187960,0.028740,0.055290,0.037120,0.448914,0.046197,c07f66d9cbf781191bee66edfe8ad7856f045781
0001104659-25-018277,3.01,test,0.088745,0.030312,0.221586,0.032394,0.058887,0.047875,0.466585,0.053617,c07f66d9cbf781191bee66edfe8ad7856f045781
0001213900-25-017999,3.01,test,0.065554,0.043583,0.580578,0.040942,0.052674,0.072420,0.098216,0.046033,c07f66d9cbf781191bee66edfe8ad7856f045781
0001437749-25-005336,2.02,test,0.065384,0.017006,0.742092,0.030317,0.064433,0.017410,0.038026,0.025331,c07f66d9cbf781191bee66edfe8ad7856f045781
0001493152-25-008512,1.03,test,0.897173,0.024285,0.031489,0.006562,0.014138,0.005951,0.007777,0.012624,c07f66d9cbf781191bee66edfe8ad7856f045781
0001062993-25-003890,1.03,test,0.111373,0.382331,0.144718,0.131888,0.126526,0.036140,0.026031,0.040992,c07f66d9cbf781191bee66edfe8ad7856f045781
0001062993-25-003890,2.04,test,0.291012,0.213117,0.025690,0.065731,0.327353,0.025071,0.039868,0.012159,c07f66d9cbf781191bee66edfe8ad7856f045781
0001104659-25-019146,3.01,test,0.061363,0.027283,0.238933,0.027283,0.055654,0.039388,0.461681,0.088415,c07f66d9cbf781191bee66edfe8ad7856f045781
0001829126-25-001345,3.01,test,0.092686,0.053747,0.272419,0.050689,0.077593,0.069418,0.318490,0.064958,c07f66d9cbf781191bee66edfe8ad7856f045781
0000081061-25-000006,2.02,test,0.017059,0.011702,0.858061,0.009458,0.015563,0.010592,0.065396,0.012168,c07f66d9cbf781191bee66edfe8ad7856f045781
0001193125-25-043517,2.02,test,0.050357,0.027166,0.714083,0.028414,0.034341,0.025470,0.084250,0.035919,c07f66d9cbf781191bee66edfe8ad7856f045781
0001437749-25-005898,2.03,test,0.459392,0.061628,0.084730,0.087934,0.095265,0.070657,0.065475,0.074920,c07f66d9cbf781191bee66edfe8ad7856f045781
0001767837-25-000005,5.02,test,0.157047,0.022702,0.038618,0.021536,0.034080,0.018747,0.285036,0.422234,c07f66d9cbf781191bee66edfe8ad7856f045781
0001213900-25-020196,5.02,test,0.082920,0.015565,0.024583,0.016962,0.023457,0.015841,0.111309,0.709362,c07f66d9cbf781191bee66edfe8ad7856f045781
0001842563-25-000004,5.02,test,0.265230,0.024871,0.053534,0.025661,0.042681,0.022164,0.067278,0.498580,c07f66d9cbf781191bee66edfe8ad7856f045781
0000950170-25-033793,3.01,test,0.099958,0.034410,0.333074,0.032388,0.088213,0.038163,0.337165,0.036629,c07f66d9cbf781191bee66edfe8ad7856f045781
0001193125-25-046217,1.03,test,0.128220,0.402636,0.053190,0.172328,0.158021,0.032705,0.023237,0.029662,c07f66d9cbf781191bee66edfe8ad7856f045781
0001193125-25-046217,2.04,test,0.112842,0.014968,0.025887,0.106105,0.714183,0.008671,0.005856,0.011487,c07f66d9cbf781191bee66edfe8ad7856f045781
0001493152-25-009257,2.04,test,0.800683,0.006369,0.108891,0.008004,0.017145,0.008130,0.038807,0.011969,c07f66d9cbf781191bee66edfe8ad7856f045781
0001903596-25-000105,5.02,test,0.439079,0.018526,0.032260,0.017956,0.032961,0.015661,0.060211,0.383346,c07f66d9cbf781191bee66edfe8ad7856f045781
0001104659-25-021187,2.02,test,0.035908,0.007958,0.890597,0.008912,0.027131,0.007638,0.010480,0.011376,c07f66d9cbf781191bee66edfe8ad7856f045781
0001104659-25-021304,2.03,test,0.240158,0.101689,0.097603,0.100505,0.100898,0.101095,0.110383,0.147669,c07f66d9cbf781191bee66edfe8ad7856f045781
0001213900-25-021209,3.01,test,0.073822,0.024631,0.136444,0.024631,0.045215,0.028295,0.617499,0.049465,c07f66d9cbf781191bee66edfe8ad7856f045781
0001493152-25-009385,2.03,test,0.437711,0.036710,0.166950,0.044978,0.067652,0.051366,0.094847,0.099788,c07f66d9cbf781191bee66edfe8ad7856f045781
0001628280-25-010767,2.02,test,0.093410,0.021420,0.641939,0.034364,0.073678,0.053224,0.038863,0.043102,c07f66d9cbf781191bee66edfe8ad7856f045781
0001654954-25-002332,1.03,test,0.194189,0.204604,0.071299,0.185658,0.182602,0.048669,0.030755,0.082225,c07f66d9cbf781191bee66edfe8ad7856f045781
0001654954-25-002332,2.04,test,0.201295,0.024456,0.085526,0.093703,0.557153,0.020294,0.009130,0.008443,c07f66d9cbf781191bee66edfe8ad7856f045781
0000052827-25-000023,1.01,test,0.838181,0.007266,0.050583,0.019674,0.049267,0.010029,0.015262,0.009739,c07f66d9cbf781191bee66edfe8ad7856f045781
0001193125-25-050609,2.03,test,0.216359,0.119952,0.106272,0.110075,0.107315,0.110505,0.105034,0.124487,c07f66d9cbf781191bee66edfe8ad7856f045781
0001213900-25-021871,1.03,test,0.063596,0.385718,0.036024,0.216302,0.132805,0.026305,0.024091,0.115158,c07f66d9cbf781191bee66edfe8ad7856f045781
0001493152-25-009719,3.01,test,0.065896,0.032557,0.439137,0.035134,0.066154,0.048874,0.272201,0.040046,c07f66d9cbf781191bee66edfe8ad7856f045781
0001844452-25-000011,2.03,test,0.343748,0.089235,0.086490,0.087852,0.088714,0.090995,0.091709,0.121257,c07f66d9cbf781191bee66edfe8ad7856f045781
0001059556-25-000080,5.02,test,0.405948,0.004483,0.016004,0.005231,0.037264,0.004492,0.006347,0.520230,c07f66d9cbf781191bee66edfe8ad7856f045781
0001829126-25-001706,3.01,test,0.108832,0.039842,0.117790,0.041510,0.055207,0.070062,0.483719,0.083038,c07f66d9cbf781191bee66edfe8ad7856f045781
0001140361-25-008178,1.01,test,0.865052,0.007375,0.034539,0.009360,0.019815,0.007944,0.008244,0.047672,c07f66d9cbf781191bee66edfe8ad7856f045781
0001193125-25-052952,1.01,test,0.251960,0.020977,0.148482,0.095773,0.380808,0.037689,0.024192,0.040120,c07f66d9cbf781191bee66edfe8ad7856f045781
0001193125-25-053038,1.01,test,0.783087,0.007844,0.045359,0.095464,0.035777,0.008531,0.011280,0.012657,c07f66d9cbf781191bee66edfe8ad7856f045781
0001213900-25-023208,2.03,test,0.343748,0.089235,0.086490,0.087852,0.088714,0.090995,0.091709,0.121257,c07f66d9cbf781191bee66edfe8ad7856f045781
0001393052-25-000010,5.02,test,0.051995,0.020144,0.077220,0.022167,0.080531,0.019147,0.034132,0.694665,c07f66d9cbf781191bee66edfe8ad7856f045781
0001104659-25-023210,2.02,test,0.073522,0.016598,0.799752,0.016277,0.023316,0.018265,0.034392,0.017877,c07f66d9cbf781191bee66edfe8ad7856f045781
0001104659-25-023533,2.04,test,0.392863,0.021468,0.250169,0.114145,0.105258,0.035812,0.054288,0.025997,c07f66d9cbf781191bee66edfe8ad7856f045781
0001213900-25-023725,1.01,test,0.916660,0.006292,0.016036,0.006505,0.007664,0.007088,0.028755,0.011000,c07f66d9cbf781191bee66edfe8ad7856f045781
0001462418-25-000043,3.01,test,0.213018,0.042357,0.334961,0.042357,0.082447,0.065733,0.154032,0.065094,c07f66d9cbf781191bee66edfe8ad7856f045781
0001101680-25-000021,1.03,test,0.075683,0.058827,0.110011,0.353994,0.263902,0.054512,0.044492,0.038580,c07f66d9cbf781191bee66edfe8ad7856f045781
0001493152-25-010400,2.04,test,0.081142,0.026968,0.187559,0.255987,0.266705,0.059365,0.095983,0.026292,c07f66d9cbf781191bee66edfe8ad7856f045781
0001493152-25-010417,3.01,test,0.044949,0.033143,0.351227,0.028908,0.041247,0.035766,0.426462,0.038297,c07f66d9cbf781191bee66edfe8ad7856f045781
0001493152-25-010426,1.03,test,0.567943,0.254620,0.067864,0.020536,0.026472,0.011909,0.014648,0.036007,c07f66d9cbf781191bee66edfe8ad7856f045781
0000950170-25-041367,1.03,test,0.055448,0.326366,0.115902,0.207223,0.201240,0.025786,0.017550,0.050486,c07f66d9cbf781191bee66edfe8ad7856f045781
0000950170-25-041367,2.04,test,0.216546,0.006961,0.037337,0.103117,0.609100,0.012145,0.006813,0.007981,c07f66d9cbf781191bee66edfe8ad7856f045781
0001013762-25-000590,1.01,test,0.767526,0.008370,0.047603,0.049888,0.056779,0.015156,0.025580,0.029099,c07f66d9cbf781191bee66edfe8ad7856f045781
0001104659-25-024589,1.03,test,0.248617,0.282133,0.075972,0.175437,0.119755,0.031794,0.024907,0.041386,c07f66d9cbf781191bee66edfe8ad7856f045781
0001193125-25-056735,2.06,test,0.039320,0.007796,0.096466,0.010490,0.017060,0.809276,0.010531,0.009061,c07f66d9cbf781191bee66edfe8ad7856f045781
0001493152-25-010695,5.02,test,0.448864,0.027954,0.063119,0.037178,0.068917,0.039964,0.120247,0.193756,c07f66d9cbf781191bee66edfe8ad7856f045781
0000310522-25-000206,5.02,test,0.120415,0.015808,0.034800,0.021128,0.038860,0.012457,0.377435,0.379097,c07f66d9cbf781191bee66edfe8ad7856f045781
0001163609-25-000007,2.03,test,0.738370,0.004646,0.094841,0.079146,0.063262,0.010079,0.005053,0.004601,c07f66d9cbf781191bee66edfe8ad7856f045781
0001437749-25-008329,2.03,test,0.656562,0.009347,0.074934,0.071958,0.131449,0.013627,0.029045,0.013079,c07f66d9cbf781191bee66edfe8ad7856f045781
0000088053-25-000229,3.01,test,0.023543,0.012900,0.094950,0.015683,0.023269,0.015992,0.778869,0.034794,c07f66d9cbf781191bee66edfe8ad7856f045781
0001013237-25-000042,2.02,test,0.153837,0.047332,0.351450,0.106456,0.123009,0.050879,0.095426,0.071611,c07f66d9cbf781191bee66edfe8ad7856f045781
0001437749-25-008494,1.01,test,0.719918,0.007469,0.037343,0.125662,0.084939,0.006477,0.007843,0.010350,c07f66d9cbf781191bee66edfe8ad7856f045781
0001171843-25-001610,2.02,test,0.210738,0.097620,0.111704,0.091885,0.165087,0.089232,0.111051,0.122683,c07f66d9cbf781191bee66edfe8ad7856f045781
0001437749-25-008671,1.03,test,0.108308,0.414578,0.119974,0.127338,0.128587,0.032647,0.026361,0.042207,c07f66d9cbf781191bee66edfe8ad7856f045781
0001558370-25-003478,1.01,test,0.069949,0.022248,0.203892,0.031314,0.040129,0.029997,0.044159,0.558311,c07f66d9cbf781191bee66edfe8ad7856f045781
0001628280-25-014329,2.03,test,0.507421,0.063017,0.061078,0.062894,0.064134,0.066300,0.070852,0.104304,c07f66d9cbf781191bee66edfe8ad7856f045781
0001185185-25-000212,1.01,test,0.843257,0.010709,0.026896,0.021339,0.031352,0.013697,0.026556,0.026196,c07f66d9cbf781191bee66edfe8ad7856f045781
0001193125-25-060817,1.03,test,0.109178,0.482423,0.040539,0.172108,0.144497,0.023211,0.012184,0.015860,c07f66d9cbf781191bee66edfe8ad7856f045781
0001287750-25-000013,2.03,test,0.348923,0.087279,0.086094,0.086262,0.087792,0.091467,0.088135,0.124048,c07f66d9cbf781191bee66edfe8ad7856f045781
0001830210-25-000016,1.03,test,0.115916,0.382589,0.098521,0.172910,0.130456,0.047179,0.024910,0.027519,c07f66d9cbf781191bee66edfe8ad7856f045781
0001830210-25-000016,2.06,test,0.019622,0.011948,0.033837,0.027189,0.035879,0.830274,0.025392,0.015859,c07f66d9cbf781191bee66edfe8ad7856f045781
0001193125-25-064058,2.03,test,0.141209,0.038454,0.234412,0.189092,0.234412,0.063648,0.057839,0.040934,c07f66d9cbf781191bee66edfe8ad7856f045781
0001214816-25-000077,2.03,test,0.684965,0.023825,0.088088,0.040606,0.040765,0.026475,0.049172,0.046103,c07f66d9cbf781191bee66edfe8ad7856f045781
0001731289-25-000017,3.01,test,0.058226,0.009884,0.035213,0.012791,0.028239,0.016813,0.699022,0.139813,c07f66d9cbf781191bee66edfe8ad7856f045781
0000950103-25-003868,2.04,test,0.131484,0.038414,0.530936,0.093145,0.065344,0.053856,0.050593,0.036228,c07f66d9cbf781191bee66edfe8ad7856f045781
0001089063-25-000027,5.02,test,0.612999,0.012679,0.219668,0.014622,0.032314,0.012556,0.020103,0.075058,c07f66d9cbf781191bee66edfe8ad7856f045781
0001840292-25-000010,2.02,test,0.086981,0.015145,0.711414,0.040529,0.064261,0.016994,0.038148,0.026528,c07f66d9cbf781191bee66edfe8ad7856f045781
0001876945-25-000010,1.03,test,0.095863,0.376148,0.071938,0.040275,0.120709,0.046629,0.040989,0.207450,c07f66d9cbf781191bee66edfe8ad7856f045781
0001876945-25-000010,2.04,test,0.694851,0.004728,0.061551,0.177844,0.023800,0.006628,0.015306,0.015291,c07f66d9cbf781191bee66edfe8ad7856f045781
0000950170-25-046756,5.02,test,0.154815,0.015517,0.064066,0.023203,0.030980,0.017446,0.066228,0.627745,c07f66d9cbf781191bee66edfe8ad7856f045781
0001013762-25-003966,1.01,test,0.851237,0.011131,0.033428,0.012787,0.016940,0.013665,0.032717,0.028094,c07f66d9cbf781191bee66edfe8ad7856f045781
0001104659-25-029397,2.03,test,0.320278,0.091136,0.090603,0.089723,0.093845,0.092933,0.094952,0.126530,c07f66d9cbf781191bee66edfe8ad7856f045781
0001193125-25-066329,2.04,test,0.316128,0.092539,0.086425,0.093630,0.090749,0.090219,0.106512,0.123798,c07f66d9cbf781191bee66edfe8ad7856f045781
0001437749-25-009908,1.01,test,0.356134,0.086511,0.084672,0.085503,0.086680,0.089431,0.089781,0.121287,c07f66d9cbf781191bee66edfe8ad7856f045781
0001628280-25-015326,5.02,test,0.169901,0.013950,0.021064,0.012143,0.022379,0.011610,0.199570,0.549384,c07f66d9cbf781191bee66edfe8ad7856f045781
0001641172-25-001042,2.04,test,0.596454,0.008558,0.100202,0.145669,0.110144,0.012307,0.006691,0.019976,c07f66d9cbf781191bee66edfe8ad7856f045781
0001641172-25-001318,2.04,test,0.405371,0.062105,0.062960,0.073896,0.080684,0.084062,0.097896,0.133026,c07f66d9cbf781191bee66edfe8ad7856f045781
0001437749-25-010184,2.02,test,0.066059,0.026021,0.685330,0.034204,0.066707,0.024207,0.058411,0.039062,c07f66d9cbf781191bee66edfe8ad7856f045781
0001641172-25-001497,1.03,test,0.167932,0.078096,0.085104,0.087122,0.108213,0.081207,0.136261,0.256066,c07f66d9cbf781191bee66edfe8ad7856f045781
0001753926-25-000538,2.02,test,0.045854,0.009243,0.881407,0.010891,0.018204,0.009261,0.010934,0.014205,c07f66d9cbf781191bee66edfe8ad7856f045781
0000950170-25-048458,1.01,test,0.675374,0.006336,0.033856,0.171304,0.088374,0.007307,0.007673,0.009776,c07f66d9cbf781191bee66edfe8ad7856f045781
0000950170-25-048681,5.02,test,0.084298,0.012746,0.068366,0.015225,0.030367,0.011515,0.153690,0.623793,c07f66d9cbf781191bee66edfe8ad7856f045781
0001104659-25-030541,2.03,test,0.623569,0.042788,0.043974,0.044667,0.044667,0.047362,0.052119,0.100855,c07f66d9cbf781191bee66edfe8ad7856f045781
0001213900-25-026473,5.02,test,0.063241,0.010809,0.020193,0.013217,0.016417,0.009919,0.051666,0.814537,c07f66d9cbf781191bee66edfe8ad7856f045781
0001289308-25-000010,2.06,test,0.093738,0.019822,0.327811,0.034116,0.105909,0.285161,0.020814,0.112629,c07f66d9cbf781191bee66edfe8ad7856f045781
0001999371-25-003542,1.01,test,0.111267,0.029714,0.226529,0.089231,0.264193,0.049859,0.083091,0.146115,c07f66d9cbf781191bee66edfe8ad7856f045781
0001654954-25-003805,1.01,test,0.835164,0.007998,0.072762,0.010784,0.019912,0.014539,0.021976,0.016866,c07f66d9cbf781191bee66edfe8ad7856f045781
0001810806-25-000070,5.02,test,0.103094,0.014241,0.019015,0.017828,0.028157,0.014269,0.191900,0.611497,c07f66d9cbf781191bee66edfe8ad7856f045781
0000716634-25-000012,2.02,test,0.037206,0.010322,0.862663,0.018763,0.027514,0.019321,0.012353,0.011857,c07f66d9cbf781191bee66edfe8ad7856f045781
0000950170-25-049821,2.03,test,0.326092,0.012288,0.017705,0.013924,0.015933,0.011980,0.091687,0.510391,c07f66d9cbf781191bee66edfe8ad7856f045781
0001104659-25-031583,1.01,test,0.742533,0.009979,0.083718,0.052083,0.066226,0.012914,0.011990,0.020556,c07f66d9cbf781191bee66edfe8ad7856f045781
0001193125-25-072397,3.01,test,0.068850,0.023175,0.196903,0.026518,0.061777,0.035684,0.514231,0.072862,c07f66d9cbf781191bee66edfe8ad7856f045781
0001558370-25-004405,2.04,test,0.108833,0.033715,0.254532,0.150511,0.215071,0.122844,0.061349,0.053145,c07f66d9cbf781191bee66edfe8ad7856f045781
0001876945-25-000018,1.03,test,0.180678,0.553007,0.029916,0.030327,0.048180,0.056218,0.031229,0.070444,c07f66d9cbf781191bee66edfe8ad7856f045781
0000353184-25-000017,2.03,test,0.288226,0.090872,0.084372,0.093756,0.116682,0.091763,0.102370,0.131960,c07f66d9cbf781191bee66edfe8ad7856f045781
0000950170-25-050877,2.03,test,0.335923,0.089446,0.086694,0.087888,0.090501,0.092466,0.098815,0.118266,c07f66d9cbf781191bee66edfe8ad7856f045781
0001193125-25-072753,2.03,test,0.407839,0.016536,0.034803,0.020822,0.027856,0.017061,0.143760,0.331323,c07f66d9cbf781191bee66edfe8ad7856f045781
0001193125-25-073396,1.03,test,0.125356,0.383306,0.117417,0.079216,0.104535,0.039062,0.034946,0.116162,c07f66d9cbf781191bee66edfe8ad7856f045781
0001213900-25-029055,2.06,test,0.025659,0.006481,0.385614,0.006994,0.009087,0.533806,0.027101,0.005259,c07f66d9cbf781191bee66edfe8ad7856f045781
0001558370-25-004491,2.04,test,0.611418,0.011793,0.037151,0.189351,0.090658,0.011231,0.024246,0.024151,c07f66d9cbf781191bee66edfe8ad7856f045781
0001641172-25-002693,1.01,test,0.846760,0.006427,0.072540,0.009877,0.013527,0.015600,0.011105,0.024162,c07f66d9cbf781191bee66edfe8ad7856f045781
0001731122-25-000538,3.01,test,0.111285,0.031115,0.231711,0.030572,0.079144,0.038799,0.430574,0.046800,c07f66d9cbf781191bee66edfe8ad7856f045781
0001437749-25-011420,2.06,test,0.255098,0.003281,0.224245,0.004338,0.007028,0.495570,0.006693,0.003747,c07f66d9cbf781191bee66edfe8ad7856f045781
0001477932-25-002525,1.03,test,0.209924,0.383620,0.107324,0.074632,0.118391,0.046658,0.019892,0.039559,c07f66d9cbf781191bee66edfe8ad7856f045781
0001193125-25-076885,1.01,test,0.786999,0.009225,0.123658,0.010806,0.026025,0.016542,0.008109,0.018635,c07f66d9cbf781191bee66edfe8ad7856f045781
0001628280-25-017204,5.02,test,0.100122,0.022188,0.039477,0.023758,0.035735,0.022058,0.192332,0.564330,c07f66d9cbf781191bee66edfe8ad7856f045781
0001104659-25-033742,2.03,test,0.316761,0.090312,0.088738,0.089434,0.091020,0.094277,0.095202,0.134256,c07f66d9cbf781191bee66edfe8ad7856f045781
0001827090-25-000021,1.01,test,0.544595,0.011481,0.052059,0.035122,0.033091,0.022743,0.253322,0.047586,c07f66d9cbf781191bee66edfe8ad7856f045781
0001104659-25-035143,2.03,test,0.343748,0.089235,0.086490,0.087852,0.088714,0.090995,0.091709,0.121257,c07f66d9cbf781191bee66edfe8ad7856f045781
0001213900-25-032074,1.01,test,0.297715,0.085380,0.085882,0.095435,0.106050,0.103391,0.117158,0.108990,c07f66d9cbf781191bee66edfe8ad7856f045781
0001213900-25-032386,3.01,test,0.104307,0.021212,0.588059,0.021504,0.039940,0.033963,0.157580,0.033436,c07f66d9cbf781191bee66edfe8ad7856f045781
0001434728-25-000136,2.03,test,0.209852,0.106973,0.100492,0.105727,0.114765,0.113872,0.120038,0.128280,c07f66d9cbf781191bee66edfe8ad7856f045781
0001104659-25-036003,1.01,test,0.333203,0.014991,0.187916,0.238828,0.151994,0.025700,0.017322,0.030046,c07f66d9cbf781191bee66edfe8ad7856f045781
0001641172-25-005241,3.01,test,0.067497,0.016412,0.143031,0.023281,0.050999,0.053290,0.610472,0.035017,c07f66d9cbf781191bee66edfe8ad7856f045781
0000950170-25-055903,5.02,test,0.155985,0.022483,0.039228,0.025526,0.034349,0.018675,0.062870,0.640883,c07f66d9cbf781191bee66edfe8ad7856f045781
0001213900-25-033295,3.01,test,0.164422,0.066693,0.253669,0.056051,0.067743,0.069214,0.245145,0.077063,c07f66d9cbf781191bee66edfe8ad7856f045781
0001213900-25-033420,1.03,test,0.132866,0.366720,0.097349,0.242713,0.093528,0.018453,0.019566,0.028804,c07f66d9cbf781191bee66edfe8ad7856f045781
0001213900-25-033420,2.04,test,0.181404,0.008436,0.023567,0.057761,0.697518,0.015305,0.007832,0.008176,c07f66d9cbf781191bee66edfe8ad7856f045781
0001641172-25-005463,2.03,test,0.048358,0.083230,0.359950,0.174486,0.180025,0.080512,0.030679,0.042760,c07f66d9cbf781191bee66edfe8ad7856f045781
0001193125-25-086439,2.03,test,0.135407,0.067822,0.072904,0.077002,0.439239,0.069702,0.069838,0.068087,c07f66d9cbf781191bee66edfe8ad7856f045781
0001666138-25-000095,2.06,test,0.203009,0.011909,0.017773,0.019711,0.016534,0.693497,0.019444,0.018124,c07f66d9cbf781191bee66edfe8ad7856f045781
0001166691-25-000018,2.02,test,0.172146,0.024143,0.635242,0.031797,0.048580,0.025952,0.028226,0.033914,c07f66d9cbf781191bee66edfe8ad7856f045781
0001641172-25-006026,1.03,test,0.104835,0.419212,0.046023,0.141209,0.214034,0.026019,0.016474,0.032192,c07f66d9cbf781191bee66edfe8ad7856f045781
0001641172-25-006026,2.04,test,0.231317,0.050913,0.065119,0.120358,0.341530,0.070824,0.044843,0.075098,c07f66d9cbf781191bee66edfe8ad7856f045781
0001104659-25-039415,2.03,test,0.407017,0.070591,0.073117,0.071006,0.071703,0.076178,0.072548,0.157841,c07f66d9cbf781191bee66edfe8ad7856f045781
0001193125-25-096703,5.02,test,0.046394,0.014400,0.049002,0.022044,0.059397,0.015269,0.023975,0.769519,c07f66d9cbf781191bee66edfe8ad7856f045781
0001683168-25-002848,3.01,test,0.070719,0.021234,0.266923,0.018520,0.045615,0.017569,0.502038,0.057382,c07f66d9cbf781191bee66edfe8ad7856f045781
0001558370-25-005681,5.02,test,0.136292,0.012702,0.045032,0.013978,0.020738,0.011932,0.044508,0.714818,c07f66d9cbf781191bee66edfe8ad7856f045781
0001628280-25-020260,5.02,test,0.081809,0.011412,0.019037,0.011569,0.017538,0.010130,0.124318,0.724187,c07f66d9cbf781191bee66edfe8ad7856f045781
0000016875-25-000016,2.02,test,0.067443,0.031456,0.621104,0.035436,0.048152,0.026592,0.096608,0.073209,c07f66d9cbf781191bee66edfe8ad7856f045781
0001104659-25-042628,2.06,test,0.182958,0.064539,0.097644,0.090837,0.110429,0.136362,0.191364,0.125868,c07f66d9cbf781191bee66edfe8ad7856f045781
0001140361-25-016562,2.02,test,0.034423,0.016102,0.796577,0.023156,0.063313,0.020635,0.029501,0.016292,c07f66d9cbf781191bee66edfe8ad7856f045781
0001193125-25-107486,1.01,test,0.778431,0.015096,0.057811,0.027765,0.041356,0.019308,0.026546,0.033688,c07f66d9cbf781191bee66edfe8ad7856f045781
0001213900-25-037052,1.01,test,0.840091,0.008836,0.062972,0.012125,0.022986,0.012485,0.024254,0.016252,c07f66d9cbf781191bee66edfe8ad7856f045781
0000875045-25-000014,2.02,test,0.037114,0.014937,0.785434,0.022555,0.033464,0.016025,0.058789,0.031683,c07f66d9cbf781191bee66edfe8ad7856f045781
0000950170-25-061453,2.02,test,0.067163,0.032605,0.592112,0.047347,0.115821,0.027403,0.077834,0.039715,c07f66d9cbf781191bee66edfe8ad7856f045781
0000950170-25-061859,2.02,test,0.064824,0.034293,0.515259,0.077584,0.129169,0.031286,0.098844,0.048741,c07f66d9cbf781191bee66edfe8ad7856f045781
0001437749-25-014109,2.02,test,0.157712,0.032482,0.563007,0.030514,0.040583,0.029403,0.070258,0.076041,c07f66d9cbf781191bee66edfe8ad7856f045781
0001558370-25-006055,2.02,test,0.106391,0.015342,0.764175,0.018398,0.047257,0.013046,0.018542,0.016850,c07f66d9cbf781191bee66edfe8ad7856f045781
0001641172-25-008103,5.02,test,0.113085,0.012806,0.021321,0.010700,0.024207,0.009876,0.170764,0.637240,c07f66d9cbf781191bee66edfe8ad7856f045781
0000950170-25-062783,2.03,test,0.325451,0.092699,0.090022,0.090375,0.092880,0.091798,0.096580,0.120196,c07f66d9cbf781191bee66edfe8ad7856f045781
0001193125-25-111667,2.03,test,0.369134,0.086149,0.084648,0.084318,0.087335,0.086318,0.088192,0.113906,c07f66d9cbf781191bee66edfe8ad7856f045781
0001213900-25-039296,2.04,test,0.747038,0.004655,0.106341,0.078027,0.025990,0.009646,0.014780,0.013523,c07f66d9cbf781191bee66edfe8ad7856f045781
0001214659-25-006887,5.02,test,0.087428,0.009199,0.622629,0.010692,0.035854,0.011359,0.009547,0.213292,c07f66d9cbf781191bee66edfe8ad7856f045781
0001537435-25-000024,1.01,test,0.130449,0.039901,0.250466,0.058741,0.073390,0.065658,0.116591,0.264804,c07f66d9cbf781191bee66edfe8ad7856f045781
0001641172-25-008346,3.01,test,0.103262,0.031833,0.139362,0.031462,0.065830,0.044805,0.526140,0.057306,c07f66d9cbf781191bee66edfe8ad7856f045781
0001829126-25-003323,5.02,test,0.060386,0.010690,0.034206,0.011741,0.020365,0.008623,0.147904,0.706085,c07f66d9cbf781191bee66edfe8ad7856f045781
0000107263-25-000100,2.02,test,0.040765,0.017160,0.797082,0.037117,0.041977,0.015624,0.019445,0.030831,c07f66d9cbf781191bee66edfe8ad7856f045781
0000950170-25-063546,1.01,test,0.376221,0.044873,0.239872,0.066059,0.136341,0.034879,0.060738,0.041017,c07f66d9cbf781191bee66edfe8ad7856f045781
0000950170-25-063546,2.03,test,0.350430,0.084628,0.081864,0.084628,0.092222,0.096837,0.093492,0.115899,c07f66d9cbf781191bee66edfe8ad7856f045781
0001213900-25-039750,1.01,test,0.691693,0.018121,0.122449,0.028844,0.051020,0.021103,0.025855,0.040915,c07f66d9cbf781191bee66edfe8ad7856f045781
0001437749-25-014571,1.01,test,0.525023,0.039058,0.049374,0.084647,0.127195,0.042067,0.046655,0.085980,c07f66d9cbf781191bee66edfe8ad7856f045781
0001477932-25-003310,2.03,test,0.487538,0.067086,0.064390,0.066434,0.067348,0.069622,0.073679,0.103904,c07f66d9cbf781191bee66edfe8ad7856f045781
0001558370-25-006298,2.04,test,0.563956,0.017622,0.110671,0.096859,0.139084,0.028381,0.017281,0.026146,c07f66d9cbf781191bee66edfe8ad7856f045781
0001580642-25-002839,1.01,test,0.548423,0.009066,0.019802,0.282856,0.065532,0.012685,0.018932,0.042705,c07f66d9cbf781191bee66edfe8ad7856f045781
0001641172-25-008684,2.06,test,0.044537,0.009381,0.422556,0.019860,0.029610,0.363555,0.081996,0.028504,c07f66d9cbf781191bee66edfe8ad7856f045781
0001437749-25-014616,2.02,test,0.096919,0.023705,0.683012,0.033757,0.072377,0.022095,0.040798,0.027337,c07f66d9cbf781191bee66edfe8ad7856f045781
0001641172-25-008865,1.01,test,0.367850,0.086607,0.085098,0.084767,0.087628,0.086777,0.088316,0.112957,c07f66d9cbf781191bee66edfe8ad7856f045781
0001104659-25-045556,2.02,test,0.057286,0.017833,0.732097,0.037606,0.067434,0.019856,0.043031,0.024856,c07f66d9cbf781191bee66edfe8ad7856f045781
0001193125-25-114307,1.03,test,0.092924,0.228200,0.098052,0.312828,0.155315,0.040794,0.033036,0.038850,c07f66d9cbf781191bee66edfe8ad7856f045781
0001193125-25-114307,2.04,test,0.438493,0.018903,0.142323,0.191575,0.147632,0.030592,0.010749,0.019733,c07f66d9cbf781191bee66edfe8ad7856f045781
0001641172-25-009026,1.01,test,0.085984,0.012475,0.192212,0.256261,0.423329,0.013074,0.006523,0.010142,c07f66d9cbf781191bee66edfe8ad7856f045781
0001104659-25-046104,1.03,test,0.075652,0.348620,0.047807,0.167474,0.303034,0.016586,0.016170,0.024657,c07f66d9cbf781191bee66edfe8ad7856f045781
0001104659-25-046104,2.04,test,0.027312,0.175507,0.091269,0.121436,0.558849,0.011363,0.006500,0.007764,c07f66d9cbf781191bee66edfe8ad7856f045781
0001140361-25-017962,2.04,test,0.163434,0.015381,0.020778,0.016566,0.022379,0.014763,0.123547,0.623151,c07f66d9cbf781191bee66edfe8ad7856f045781
0000832428-25-000024,2.02,test,0.030011,0.019301,0.825127,0.020829,0.042905,0.019415,0.021786,0.020626,c07f66d9cbf781191bee66edfe8ad7856f045781
0000882184-25-000028,2.03,test,0.682063,0.043688,0.040326,0.042843,0.041687,0.041687,0.043264,0.064441,c07f66d9cbf781191bee66edfe8ad7856f045781
0001213900-25-041554,3.01,test,0.112703,0.031883,0.310272,0.030841,0.068025,0.043155,0.343440,0.059681,c07f66d9cbf781191bee66edfe8ad7856f045781
0001641172-25-009484,2.03,test,0.123629,0.114562,0.106992,0.159988,0.159675,0.106367,0.117968,0.110820,c07f66d9cbf781191bee66edfe8ad7856f045781
0000950170-25-068546,2.02,test,0.049182,0.022038,0.687942,0.048799,0.095730,0.024157,0.041254,0.030898,c07f66d9cbf781191bee66edfe8ad7856f045781
0001193125-25-117878,5.02,test,0.203889,0.016549,0.054131,0.012492,0.040050,0.009068,0.324861,0.338959,c07f66d9cbf781191bee66edfe8ad7856f045781
0001641172-25-009663,1.01,test,0.325574,0.015552,0.237469,0.180085,0.102910,0.080225,0.014440,0.043745,c07f66d9cbf781191bee66edfe8ad7856f045781
0001137547-25-000072,5.02,test,0.058278,0.044163,0.057937,0.066686,0.125317,0.027102,0.162014,0.458503,c07f66d9cbf781191bee66edfe8ad7856f045781
0001213900-25-042229,5.02,test,0.155979,0.028952,0.023722,0.037761,0.040789,0.024190,0.032552,0.656055,c07f66d9cbf781191bee66edfe8ad7856f045781
0001104659-25-049588,2.03,test,0.342596,0.088936,0.084203,0.087046,0.096351,0.096163,0.096163,0.108542,c07f66d9cbf781191bee66edfe8ad7856f045781
0001641172-25-010925,3.01,test,0.079420,0.023090,0.167477,0.023317,0.058162,0.032818,0.510604,0.105112,c07f66d9cbf781191bee66edfe8ad7856f045781
0002032966-25-000017,3.01,test,0.090316,0.010542,0.029740,0.010218,0.036921,0.011692,0.615696,0.194876,c07f66d9cbf781191bee66edfe8ad7856f045781
0001104659-25-050065,3.01,test,0.070120,0.026928,0.327892,0.025695,0.055145,0.035327,0.423289,0.035604,c07f66d9cbf781191bee66edfe8ad7856f045781
0001104659-25-050076,2.04,test,0.272086,0.093481,0.091137,0.098351,0.108017,0.095511,0.113644,0.127773,c07f66d9cbf781191bee66edfe8ad7856f045781
0001104659-25-050498,3.01,test,0.226072,0.027493,0.430689,0.027386,0.060639,0.047410,0.124666,0.055645,c07f66d9cbf781191bee66edfe8ad7856f045781
0001108426-25-000048,2.04,test,0.424255,0.013192,0.108295,0.204382,0.193292,0.015605,0.014717,0.026262,c07f66d9cbf781191bee66edfe8ad7856f045781
0001140361-25-019797,1.01,test,0.275934,0.020413,0.043638,0.369118,0.170914,0.034859,0.043809,0.041315,c07f66d9cbf781191bee66edfe8ad7856f045781
0001171200-25-000239,5.02,test,0.221715,0.013354,0.026044,0.015582,0.039212,0.013697,0.033213,0.637183,c07f66d9cbf781191bee66edfe8ad7856f045781
0001193125-25-122542,1.03,test,0.226604,0.051660,0.142778,0.110115,0.263636,0.049102,0.054564,0.101542,c07f66d9cbf781191bee66edfe8ad7856f045781
0001193125-25-122542,2.04,test,0.166824,0.030965,0.043667,0.184115,0.507117,0.027034,0.023672,0.016607,c07f66d9cbf781191bee66edfe8ad7856f045781
0001558370-25-007965,2.03,test,0.194393,0.120701,0.110115,0.111849,0.111413,0.113610,0.109685,0.128235,c07f66d9cbf781191bee66edfe8ad7856f045781
0001325814-25-000097,2.03,test,0.112874,0.038932,0.077957,0.363474,0.177576,0.057933,0.086798,0.084456,c07f66d9cbf781191bee66edfe8ad7856f045781
0000731766-25-000150,5.02,test,0.093370,0.017681,0.083370,0.019802,0.041595,0.016099,0.086269,0.641815,c07f66d9cbf781191bee66edfe8ad7856f045781
0001171843-25-003389,1.01,test,0.741805,0.019529,0.041666,0.019953,0.050703,0.026745,0.064787,0.034813,c07f66d9cbf781191bee66edfe8ad7856f045781
0001213900-25-046902,2.04,test,0.229352,0.105210,0.099029,0.101973,0.102974,0.102373,0.107495,0.151593,c07f66d9cbf781191bee66edfe8ad7856f045781
0001641172-25-012073,3.01,test,0.030235,0.009702,0.250573,0.008595,0.018374,0.018482,0.648353,0.015686,c07f66d9cbf781191bee66edfe8ad7856f045781
0001641172-25-012282,2.03,test,0.207177,0.011236,0.179018,0.359590,0.137808,0.016158,0.048192,0.040820,c07f66d9cbf781191bee66edfe8ad7856f045781
0001641172-25-012288,1.03,test,0.152199,0.372489,0.109197,0.124890,0.128227,0.053349,0.030785,0.028864,c07f66d9cbf781191bee66edfe8ad7856f045781
0001498710-25-000025,3.01,test,0.062223,0.279802,0.129874,0.035662,0.063637,0.045568,0.343177,0.040057,c07f66d9cbf781191bee66edfe8ad7856f045781
0001628280-25-027730,1.01,test,0.834331,0.011071,0.049136,0.013512,0.015705,0.011717,0.041988,0.022540,c07f66d9cbf781191bee66edfe8ad7856f045781
0001663577-25-000163,1.01,test,0.873654,0.006279,0.047493,0.007906,0.011684,0.008994,0.034712,0.009279,c07f66d9cbf781191bee66edfe8ad7856f045781
0000827187-25-000067,5.02,test,0.050557,0.010602,0.149677,0.015978,0.044334,0.009597,0.175986,0.543269,c07f66d9cbf781191bee66edfe8ad7856f045781
0001193125-25-129500,2.06,test,0.024751,0.011026,0.158601,0.068807,0.079507,0.530744,0.012062,0.114502,c07f66d9cbf781191bee66edfe8ad7856f045781
0001220754-25-000041,5.02,test,0.355108,0.010776,0.037319,0.012922,0.041713,0.007977,0.032423,0.501762,c07f66d9cbf781191bee66edfe8ad7856f045781
0001758699-25-000017,1.01,test,0.628633,0.018318,0.084373,0.031161,0.041686,0.025087,0.093392,0.077349,c07f66d9cbf781191bee66edfe8ad7856f045781
0001213900-25-048922,3.01,test,0.022514,0.009817,0.065722,0.010930,0.018091,0.019599,0.834183,0.019145,c07f66d9cbf781191bee66edfe8ad7856f045781
0001213900-25-048947,1.01,test,0.708891,0.008391,0.060124,0.137023,0.045964,0.011764,0.015893,0.011950,c07f66d9cbf781191bee66edfe8ad7856f045781
0001901612-25-000031,1.01,test,0.261086,0.025178,0.315160,0.125761,0.134527,0.043335,0.034080,0.060873,c07f66d9cbf781191bee66edfe8ad7856f045781
0001193125-25-132192,5.02,test,0.162838,0.020936,0.031676,0.023817,0.032237,0.016757,0.049204,0.662535,c07f66d9cbf781191bee66edfe8ad7856f045781
0001415404-25-000017,2.04,test,0.357878,0.049172,0.094228,0.085628,0.146515,0.066427,0.059662,0.140490,c07f66d9cbf781191bee66edfe8ad7856f045781
0001641172-25-013021,3.01,test,0.050830,0.022120,0.574313,0.024389,0.048883,0.042305,0.198792,0.038369,c07f66d9cbf781191bee66edfe8ad7856f045781
0001641172-25-013038,3.01,test,0.063518,0.032442,0.224093,0.031138,0.066306,0.049953,0.494025,0.038525,c07f66d9cbf781191bee66edfe8ad7856f045781
0001654954-25-006338,3.01,test,0.033848,0.017187,0.465895,0.015710,0.032807,0.018012,0.398209,0.018331,c07f66d9cbf781191bee66edfe8ad7856f045781
0001193125-25-132797,1.03,test,0.103680,0.115438,0.211909,0.227234,0.221321,0.029763,0.029705,0.060950,c07f66d9cbf781191bee66edfe8ad7856f045781
0001415404-25-000024,2.04,test,0.109674,0.041546,0.484968,0.090039,0.103029,0.075969,0.049145,0.045630,c07f66d9cbf781191bee66edfe8ad7856f045781
0001641172-25-013145,1.01,test,0.367850,0.086607,0.085098,0.084767,0.087628,0.086777,0.088316,0.112957,c07f66d9cbf781191bee66edfe8ad7856f045781
0001079973-25-000968,2.03,test,0.292930,0.100446,0.093261,0.096410,0.096976,0.099470,0.100054,0.120453,c07f66d9cbf781191bee66edfe8ad7856f045781
0001213900-25-050833,2.04,test,0.098274,0.044730,0.354243,0.139539,0.120525,0.149996,0.051888,0.040807,c07f66d9cbf781191bee66edfe8ad7856f045781
0001428336-25-000021,2.02,test,0.124540,0.074803,0.086943,0.179794,0.141674,0.073643,0.243361,0.075243,c07f66d9cbf781191bee66edfe8ad7856f045781
0001477932-25-004389,1.03,test,0.074836,0.659236,0.095251,0.037814,0.053535,0.040332,0.020240,0.018756,c07f66d9cbf781191bee66edfe8ad7856f045781
0002011641-25-000013,2.02,test,0.040607,0.014909,0.830069,0.018627,0.025912,0.015144,0.035211,0.019521,c07f66d9cbf781191bee66edfe8ad7856f045781
0001641172-25-013658,1.01,test,0.850997,0.009802,0.050610,0.012439,0.018455,0.014206,0.026722,0.016771,c07f66d9cbf781191bee66edfe8ad7856f045781
0001663577-25-000184,5.02,test,0.296015,0.009684,0.054119,0.016505,0.020743,0.008921,0.021193,0.572818,c07f66d9cbf781191bee66edfe8ad7856f045781
0000863110-25-000037,3.01,test,0.061018,0.023092,0.089477,0.021026,0.062587,0.023640,0.219734,0.499427,c07f66d9cbf781191bee66edfe8ad7856f045781
0000950170-25-082518,5.02,test,0.064225,0.020209,0.051405,0.029405,0.054989,0.021639,0.028113,0.730014,c07f66d9cbf781191bee66edfe8ad7856f045781
0001213900-25-051570,3.01,test,0.111379,0.017918,0.039908,0.017953,0.028354,0.020543,0.714327,0.049618,c07f66d9cbf781191bee66edfe8ad7856f045781
0001538716-25-000045,1.01,test,0.307040,0.036635,0.242297,0.186229,0.092641,0.050962,0.043166,0.041029,c07f66d9cbf781191bee66edfe8ad7856f045781
0001641172-25-013814,5.02,test,0.177499,0.015180,0.028139,0.025422,0.036273,0.016935,0.033942,0.666610,c07f66d9cbf781191bee66edfe8ad7856f045781
0001772695-25-000102,2.04,test,0.180441,0.197247,0.050877,0.122107,0.376669,0.028262,0.012714,0.031683,c07f66d9cbf781191bee66edfe8ad7856f045781
0001104659-25-057362,2.02,test,0.029635,0.009083,0.900573,0.009463,0.017576,0.008942,0.008820,0.015909,c07f66d9cbf781191bee66edfe8ad7856f045781
0001213900-25-051802,3.01,test,0.053687,0.014981,0.638887,0.014184,0.025089,0.014749,0.207923,0.030500,c07f66d9cbf781191bee66edfe8ad7856f045781
0001641172-25-014039,2.03,test,0.294216,0.034951,0.332739,0.043412,0.070741,0.058190,0.084171,0.081581,c07f66d9cbf781191bee66edfe8ad7856f045781
0001641172-25-014075,3.01,test,0.032579,0.020830,0.178024,0.021534,0.065428,0.042326,0.589016,0.050263,c07f66d9cbf781191bee66edfe8ad7856f045781
0000950170-25-083446,2.03,test,0.350430,0.084628,0.081864,0.084628,0.092222,0.096837,0.093492,0.115899,c07f66d9cbf781191bee66edfe8ad7856f045781
0001772695-25-000105,1.03,test,0.057073,0.426683,0.067709,0.232622,0.133087,0.021389,0.015802,0.045636,c07f66d9cbf781191bee66edfe8ad7856f045781
0001772695-25-000105,2.04,test,0.116857,0.009858,0.015032,0.040031,0.788499,0.009425,0.009171,0.011127,c07f66d9cbf781191bee66edfe8ad7856f045781
0000939930-25-000037,2.02,test,0.026026,0.005366,0.932812,0.006236,0.009985,0.005678,0.007348,0.006548,c07f66d9cbf781191bee66edfe8ad7856f045781
0000950103-25-007183,2.04,test,0.133098,0.117001,0.105289,0.200586,0.138130,0.093646,0.104674,0.107576,c07f66d9cbf781191bee66edfe8ad7856f045781
0001193125-25-138525,2.03,test,0.350430,0.084628,0.081864,0.084628,0.092222,0.096837,0.093492,0.115899,c07f66d9cbf781191bee66edfe8ad7856f045781
0001213900-25-053163,2.04,test,0.337495,0.100056,0.086591,0.090217,0.102629,0.094731,0.087441,0.100841,c07f66d9cbf781191bee66edfe8ad7856f045781
0001279569-25-000595,1.03,test,0.106900,0.522851,0.067158,0.041904,0.053858,0.025169,0.060791,0.121370,c07f66d9cbf781191bee66edfe8ad7856f045781
0001140361-25-022328,5.02,test,0.085823,0.015253,0.249097,0.017183,0.038345,0.013915,0.121385,0.458999,c07f66d9cbf781191bee66edfe8ad7856f045781
0001193125-25-139955,1.03,test,0.077172,0.154453,0.164254,0.299137,0.212768,0.024522,0.022768,0.044926,c07f66d9cbf781191bee66edfe8ad7856f045781
0001641172-25-014784,5.02,test,0.083811,0.013830,0.043353,0.012716,0.019887,0.012133,0.021420,0.792850,c07f66d9cbf781191bee66edfe8ad7856f045781
0000876437-25-000108,5.02,test,0.174940,0.032991,0.032991,0.023670,0.036411,0.027244,0.062789,0.608964,c07f66d9cbf781191bee66edfe8ad7856f045781
0001437749-25-020282,5.02,test,0.081801,0.025033,0.087332,0.028478,0.044236,0.019611,0.123942,0.589567,c07f66d9cbf781191bee66edfe8ad7856f045781
0001437749-25-020328,2.06,test,0.024044,0.008432,0.287954,0.025545,0.035500,0.595769,0.011822,0.010933,c07f66d9cbf781191bee66edfe8ad7856f045781
0001829126-25-004484,2.03,test,0.312880,0.091053,0.091053,0.089993,0.093577,0.093577,0.098452,0.129413,c07f66d9cbf781191bee66edfe8ad7856f045781
0001193125-25-141454,2.04,test,0.366797,0.084772,0.084112,0.083621,0.085437,0.088149,0.089188,0.117924,c07f66d9cbf781191bee66edfe8ad7856f045781
0001227654-25-000103,2.03,test,0.232981,0.012550,0.208270,0.191318,0.270445,0.059758,0.011054,0.013623,c07f66d9cbf781191bee66edfe8ad7856f045781
0001104659-25-060674,2.04,test,0.145284,0.072485,0.240471,0.157705,0.126719,0.106292,0.076112,0.074932,c07f66d9cbf781191bee66edfe8ad7856f045781
0001193125-25-142383,1.03,test,0.076353,0.341066,0.155524,0.203436,0.112898,0.031922,0.026986,0.051815,c07f66d9cbf781191bee66edfe8ad7856f045781
0001437749-25-020785,1.01,test,0.820273,0.016581,0.016165,0.020079,0.064689,0.013015,0.018789,0.030408,c07f66d9cbf781191bee66edfe8ad7856f045781
0001641172-25-015600,1.01,test,0.367850,0.086607,0.085098,0.084767,0.087628,0.086777,0.088316,0.112957,c07f66d9cbf781191bee66edfe8ad7856f045781
0000077543-25-000159,5.02,test,0.894794,0.004334,0.020119,0.005609,0.007941,0.004560,0.009104,0.053540,c07f66d9cbf781191bee66edfe8ad7856f045781
0001545654-25-000019,1.01,test,0.797769,0.009696,0.038685,0.019020,0.055522,0.023740,0.020207,0.035361,c07f66d9cbf781191bee66edfe8ad7856f045781
0001628280-25-032406,2.06,test,0.087898,0.007809,0.646954,0.011654,0.015775,0.212044,0.009872,0.007994,c07f66d9cbf781191bee66edfe8ad7856f045781
0001641172-25-015685,1.03,test,0.167932,0.078096,0.085104,0.087122,0.108213,0.081207,0.136261,0.256066,c07f66d9cbf781191bee66edfe8ad7856f045781
0001753926-25-000984,3.01,test,0.069491,0.039672,0.154022,0.041414,0.053177,0.056386,0.531718,0.054120,c07f66d9cbf781191bee66edfe8ad7856f045781
0001013237-25-000064,2.02,test,0.154657,0.048475,0.343792,0.108179,0.121155,0.051804,0.098884,0.073055,c07f66d9cbf781191bee66edfe8ad7856f045781
0001079973-25-001049,2.03,test,0.292930,0.100446,0.093261,0.096410,0.096976,0.099470,0.100054,0.120453,c07f66d9cbf781191bee66edfe8ad7856f045781
0001104659-25-061667,2.03,test,0.595547,0.008654,0.041327,0.227373,0.080874,0.014157,0.016519,0.015549,c07f66d9cbf781191bee66edfe8ad7856f045781
0001437749-25-021045,3.01,test,0.070500,0.018018,0.084460,0.016827,0.043307,0.018699,0.725008,0.023181,c07f66d9cbf781191bee66edfe8ad7856f045781
0001641172-25-016005,2.04,test,0.587494,0.012916,0.050786,0.056105,0.242287,0.017313,0.019927,0.013171,c07f66d9cbf781191bee66edfe8ad7856f045781
0001641172-25-016151,1.01,test,0.861379,0.007097,0.085611,0.006825,0.007689,0.007856,0.015823,0.007719,c07f66d9cbf781191bee66edfe8ad7856f045781
0001683168-25-004685,2.02,test,0.064454,0.008235,0.871699,0.009913,0.013871,0.009386,0.010761,0.011681,c07f66d9cbf781191bee66edfe8ad7856f045781
0001713683-25-000133,5.02,test,0.114180,0.016174,0.034747,0.013227,0.019021,0.011764,0.035536,0.755351,c07f66d9cbf781191bee66edfe8ad7856f045781
0001213900-25-057224,3.01,test,0.160412,0.040008,0.190866,0.043259,0.059942,0.061124,0.347475,0.096915,c07f66d9cbf781191bee66edfe8ad7856f045781
0001641172-25-016392,3.01,test,0.248383,0.045812,0.147306,0.037905,0.092723,0.045991,0.254273,0.127607,c07f66d9cbf781191bee66edfe8ad7856f045781
0001753926-25-001008,3.01,test,0.091880,0.025415,0.437588,0.025365,0.044604,0.049276,0.279851,0.046020,c07f66d9cbf781191bee66edfe8ad7856f045781
0001279569-25-000673,1.03,test,0.205038,0.422822,0.045616,0.067482,0.060787,0.036369,0.052351,0.109535,c07f66d9cbf781191bee66edfe8ad7856f045781
0001026214-25-000078,5.02,test,0.108157,0.025366,0.104115,0.108263,0.337116,0.019601,0.022605,0.274777,c07f66d9cbf781191bee66edfe8ad7856f045781
0001104659-25-063674,2.03,test,0.333575,0.089082,0.087530,0.087701,0.091194,0.089431,0.092631,0.128856,c07f66d9cbf781191bee66edfe8ad7856f045781
0001641172-25-016973,2.02,test,0.025219,0.008382,0.910978,0.009205,0.019602,0.007874,0.009498,0.009241,c07f66d9cbf781191bee66edfe8ad7856f045781
0000950170-25-092338,2.03,test,0.740925,0.004745,0.091803,0.041495,0.070336,0.014446,0.025304,0.010947,c07f66d9cbf781191bee66edfe8ad7856f045781
0001193125-25-153145,1.03,test,0.170247,0.493709,0.118475,0.053323,0.082346,0.019013,0.017413,0.045476,c07f66d9cbf781191bee66edfe8ad7856f045781
0001193125-25-153145,2.04,test,0.081626,0.031500,0.192116,0.342234,0.275379,0.038557,0.019445,0.019143,c07f66d9cbf781191bee66edfe8ad7856f045781
0001193125-25-154010,1.01,test,0.463201,0.013906,0.178264,0.178373,0.064111,0.016037,0.024453,0.061655,c07f66d9cbf781191bee66edfe8ad7856f045781
0001641172-25-017405,2.04,test,0.697480,0.007194,0.116945,0.083160,0.068439,0.008560,0.007569,0.010653,c07f66d9cbf781191bee66edfe8ad7856f045781
0000950170-25-092569,2.04,test,0.195453,0.048415,0.258680,0.129060,0.104925,0.065150,0.109961,0.088356,c07f66d9cbf781191bee66edfe8ad7856f045781
0000950170-25-092920,2.04,test,0.711598,0.009857,0.030992,0.159148,0.037383,0.022084,0.012559,0.016379,c07f66d9cbf781191bee66edfe8ad7856f045781
0001437749-25-021931,2.03,test,0.511561,0.041644,0.078259,0.082658,0.119564,0.047559,0.052336,0.066418,c07f66d9cbf781191bee66edfe8ad7856f045781
0001713445-25-000173,2.03,test,0.358755,0.088175,0.086301,0.086301,0.089388,0.088520,0.089563,0.112998,c07f66d9cbf781191bee66edfe8ad7856f045781
0000924168-25-000008,5.02,test,0.160918,0.015398,0.037409,0.025337,0.035696,0.017245,0.069685,0.638312,c07f66d9cbf781191bee66edfe8ad7856f045781
0000950170-25-093689,2.02,test,0.061019,0.032981,0.625781,0.048553,0.059141,0.030325,0.083975,0.058224,c07f66d9cbf781191bee66edfe8ad7856f045781
0000950170-25-093994,1.03,test,0.106646,0.406478,0.074451,0.097387,0.185986,0.038026,0.030022,0.061003,c07f66d9cbf781191bee66edfe8ad7856f045781
0001104659-25-065779,5.02,test,0.288197,0.016082,0.026880,0.020449,0.045060,0.021473,0.094096,0.487762,c07f66d9cbf781191bee66edfe8ad7856f045781
0001683168-25-004913,3.01,test,0.200829,0.030232,0.189770,0.029763,0.053789,0.078110,0.334523,0.082985,c07f66d9cbf781191bee66edfe8ad7856f045781
0000021175-25-000064,5.02,test,0.831704,0.010718,0.031749,0.011589,0.016231,0.008920,0.011794,0.077294,c07f66d9cbf781191bee66edfe8ad7856f045781
0000832428-25-000032,1.01,test,0.862580,0.006729,0.049647,0.010181,0.013540,0.013252,0.017972,0.026099,c07f66d9cbf781191bee66edfe8ad7856f045781
0000950170-25-094229,1.01,test,0.584314,0.015724,0.125261,0.101638,0.106100,0.028417,0.017958,0.020589,c07f66d9cbf781191bee66edfe8ad7856f045781
0001751788-25-000139,2.06,test,0.238285,0.019233,0.486192,0.036641,0.038928,0.130602,0.025084,0.025036,c07f66d9cbf781191bee66edfe8ad7856f045781
0001213900-25-061852,2.04,test,0.283004,0.107626,0.094425,0.097995,0.111695,0.100711,0.094794,0.109749,c07f66d9cbf781191bee66edfe8ad7856f045781
0001628280-25-034475,5.02,test,0.172581,0.009921,0.017756,0.008807,0.018680,0.007696,0.284191,0.480367,c07f66d9cbf781191bee66edfe8ad7856f045781
0000833079-25-000112,1.01,test,0.906528,0.007218,0.012868,0.013805,0.035081,0.005996,0.007835,0.010668,c07f66d9cbf781191bee66edfe8ad7856f045781
0000930413-25-002140,5.02,test,0.126033,0.025276,0.031060,0.016192,0.056132,0.012270,0.056517,0.676520,c07f66d9cbf781191bee66edfe8ad7856f045781
0001367859-25-000060,2.04,test,0.407933,0.024775,0.217473,0.098467,0.136841,0.038825,0.030119,0.045568,c07f66d9cbf781191bee66edfe8ad7856f045781
0001641172-25-018512,5.02,test,0.094510,0.033930,0.062835,0.024391,0.048840,0.023365,0.028965,0.683164,c07f66d9cbf781191bee66edfe8ad7856f045781
0000950170-25-095305,1.01,test,0.808212,0.007970,0.089622,0.015213,0.023039,0.015124,0.027575,0.013243,c07f66d9cbf781191bee66edfe8ad7856f045781
0001641172-25-018763,3.01,test,0.110288,0.033277,0.083331,0.035492,0.070035,0.184698,0.418107,0.064772,c07f66d9cbf781191bee66edfe8ad7856f045781
0001683168-25-005057,1.01,test,0.915239,0.006539,0.025165,0.013470,0.014678,0.005464,0.010368,0.009078,c07f66d9cbf781191bee66edfe8ad7856f045781
0001104659-25-067477,2.04,test,0.703849,0.009422,0.075243,0.070892,0.080645,0.031016,0.016929,0.012004,c07f66d9cbf781191bee66edfe8ad7856f045781
0001213900-25-063705,2.03,test,0.313937,0.028496,0.205684,0.117310,0.117999,0.116283,0.038048,0.062242,c07f66d9cbf781191bee66edfe8ad7856f045781
0001641172-25-018830,2.03,test,0.051491,0.083660,0.365754,0.178496,0.183803,0.073901,0.026454,0.036441,c07f66d9cbf781191bee66edfe8ad7856f045781
0001641172-25-019542,2.04,test,0.594404,0.009312,0.065849,0.027236,0.258411,0.020221,0.011123,0.013444,c07f66d9cbf781191bee66edfe8ad7856f045781
0000950103-25-008893,1.01,test,0.793856,0.009415,0.027058,0.068124,0.051801,0.009324,0.011335,0.029086,c07f66d9cbf781191bee66edfe8ad7856f045781
0001059556-25-000159,5.02,test,0.198708,0.024908,0.174505,0.030162,0.150359,0.037100,0.030044,0.354214,c07f66d9cbf781191bee66edfe8ad7856f045781
0001437749-25-022774,2.02,test,0.059449,0.045626,0.676714,0.047351,0.069639,0.020930,0.022106,0.058185,c07f66d9cbf781191bee66edfe8ad7856f045781
0001437749-25-022828,5.02,test,0.138184,0.024534,0.154607,0.036615,0.072463,0.028852,0.045302,0.499444,c07f66d9cbf781191bee66edfe8ad7856f045781
0000059255-25-000067,2.03,test,0.431960,0.049204,0.101851,0.035233,0.046042,0.039305,0.218693,0.077711,c07f66d9cbf781191bee66edfe8ad7856f045781
0001104659-25-068549,5.02,test,0.232437,0.025618,0.026717,0.014175,0.037129,0.012932,0.232664,0.418328,c07f66d9cbf781191bee66edfe8ad7856f045781
0001104659-25-069029,3.01,test,0.060522,0.016546,0.040951,0.019880,0.035579,0.021328,0.744907,0.060286,c07f66d9cbf781191bee66edfe8ad7856f045781
0001213900-25-065730,2.03,test,0.359789,0.085876,0.083559,0.084710,0.086044,0.088084,0.089646,0.122293,c07f66d9cbf781191bee66edfe8ad7856f045781
0001641172-25-020226,3.01,test,0.112086,0.026287,0.198067,0.027873,0.045687,0.031034,0.509374,0.049592,c07f66d9cbf781191bee66edfe8ad7856f045781
0001193125-25-161486,3.01,test,0.038495,0.009848,0.034812,0.009695,0.012970,0.013046,0.864251,0.016883,c07f66d9cbf781191bee66edfe8ad7856f045781
0001370946-25-000199,5.02,test,0.066360,0.012198,0.026409,0.009047,0.019530,0.007891,0.105397,0.753169,c07f66d9cbf781191bee66edfe8ad7856f045781
0001641172-25-020306,1.01,test,0.367850,0.086607,0.085098,0.084767,0.087628,0.086777,0.088316,0.112957,c07f66d9cbf781191bee66edfe8ad7856f045781
0001842356-25-000090,1.03,test,0.106850,0.289422,0.133955,0.238207,0.151679,0.017848,0.020704,0.041335,c07f66d9cbf781191bee66edfe8ad7856f045781
0001842356-25-000090,2.04,test,0.086902,0.023909,0.050963,0.053775,0.736561,0.020813,0.012773,0.014305,c07f66d9cbf781191bee66edfe8ad7856f045781
0000080035-25-000006,2.03,test,0.284693,0.097241,0.092607,0.096108,0.096484,0.100720,0.106798,0.125349,c07f66d9cbf781191bee66edfe8ad7856f045781
0001552781-25-000224,1.01,test,0.794946,0.008009,0.082649,0.026520,0.033198,0.016243,0.015929,0.022507,c07f66d9cbf781191bee66edfe8ad7856f045781
0001213900-25-067052,2.04,test,0.261779,0.098394,0.094256,0.096303,0.121738,0.103925,0.105150,0.118455,c07f66d9cbf781191bee66edfe8ad7856f045781
0001641172-25-020728,3.01,test,0.106339,0.034896,0.191991,0.034288,0.063684,0.142676,0.370796,0.055330,c07f66d9cbf781191bee66edfe8ad7856f045781
0001728951-25-000146,2.02,test,0.127847,0.013614,0.741118,0.019769,0.049555,0.016486,0.016454,0.015158,c07f66d9cbf781191bee66edfe8ad7856f045781
0000708955-25-000065,2.02,test,0.055923,0.019998,0.767105,0.022223,0.045598,0.020234,0.044368,0.024550,c07f66d9cbf781191bee66edfe8ad7856f045781
0001104659-25-070400,5.02,test,0.227412,0.096991,0.092414,0.041920,0.093915,0.033291,0.041069,0.372988,c07f66d9cbf781191bee66edfe8ad7856f045781
0001140361-25-027118,2.04,test,0.162507,0.036759,0.241581,0.058057,0.159208,0.135647,0.075278,0.130961,c07f66d9cbf781191bee66edfe8ad7856f045781
0001437749-25-023429,2.02,test,0.114808,0.022629,0.603466,0.028887,0.055899,0.021762,0.074562,0.077987,c07f66d9cbf781191bee66edfe8ad7856f045781
0001545654-25-000022,2.02,test,0.068641,0.011870,0.812076,0.013320,0.048154,0.011824,0.016193,0.017924,c07f66d9cbf781191bee66edfe8ad7856f045781
0001903596-25-000354,1.01,test,0.785824,0.005264,0.123398,0.009329,0.022227,0.011542,0.032562,0.009854,c07f66d9cbf781191bee66edfe8ad7856f045781
0001964333-25-000223,2.02,test,0.053263,0.009824,0.847949,0.011329,0.038552,0.010175,0.015215,0.013692,c07f66d9cbf781191bee66edfe8ad7856f045781
0001018164-25-000099,2.03,test,0.296442,0.015958,0.039690,0.017255,0.018840,0.011097,0.083738,0.516979,c07f66d9cbf781191bee66edfe8ad7856f045781
0000950170-25-099248,3.01,test,0.259107,0.027985,0.191147,0.038929,0.130287,0.035793,0.270615,0.046139,c07f66d9cbf781191bee66edfe8ad7856f045781
0001437749-25-023565,1.01,test,0.525837,0.018438,0.123382,0.119995,0.168191,0.018474,0.012403,0.013280,c07f66d9cbf781191bee66edfe8ad7856f045781
0001794783-25-000050,2.03,test,0.359789,0.085876,0.083559,0.084710,0.086044,0.088084,0.089646,0.122293,c07f66d9cbf781191bee66edfe8ad7856f045781
0000055242-25-000059,5.02,test,0.031668,0.017799,0.071087,0.022456,0.035225,0.015018,0.063103,0.743644,c07f66d9cbf781191bee66edfe8ad7856f045781
0000065984-25-000082,2.02,test,0.108745,0.015454,0.777285,0.017614,0.023935,0.013585,0.021247,0.022136,c07f66d9cbf781191bee66edfe8ad7856f045781
0000814547-25-000024,2.02,test,0.084007,0.007914,0.848439,0.010402,0.021407,0.008967,0.010966,0.007898,c07f66d9cbf781191bee66edfe8ad7856f045781
0001592386-25-000116,2.02,test,0.082242,0.014890,0.768195,0.020154,0.039886,0.014180,0.030196,0.030255,c07f66d9cbf781191bee66edfe8ad7856f045781
0001174922-25-000100,2.03,test,0.686322,0.014106,0.045981,0.099116,0.057448,0.019130,0.056723,0.021175,c07f66d9cbf781191bee66edfe8ad7856f045781
0001437749-25-024209,2.02,test,0.140298,0.028867,0.605128,0.027492,0.034348,0.027225,0.065054,0.071587,c07f66d9cbf781191bee66edfe8ad7856f045781
0001641172-25-021728,1.03,test,0.303170,0.033635,0.076766,0.099829,0.367343,0.039093,0.022670,0.057495,c07f66d9cbf781191bee66edfe8ad7856f045781
0001641172-25-021728,2.04,test,0.262714,0.014838,0.017863,0.075205,0.582359,0.016296,0.014494,0.016232,c07f66d9cbf781191bee66edfe8ad7856f045781
0001654954-25-008715,5.02,test,0.196060,0.010007,0.029673,0.011700,0.022333,0.012357,0.034556,0.683314,c07f66d9cbf781191bee66edfe8ad7856f045781
0001104659-25-072891,2.04,test,0.487151,0.021847,0.245554,0.130584,0.062390,0.012719,0.018415,0.021341,c07f66d9cbf781191bee66edfe8ad7856f045781
0001641172-25-021831,2.03,test,0.498642,0.064080,0.063457,0.063457,0.067286,0.069287,0.068346,0.105444,c07f66d9cbf781191bee66edfe8ad7856f045781
0000950170-25-102108,1.03,test,0.581809,0.244198,0.038262,0.032032,0.051087,0.013777,0.014751,0.024085,c07f66d9cbf781191bee66edfe8ad7856f045781
0001140361-25-028629,1.01,test,0.680362,0.026927,0.102719,0.029516,0.073554,0.021637,0.028552,0.036733,c07f66d9cbf781191bee66edfe8ad7856f045781
0001792781-25-000026,2.03,test,0.293580,0.096812,0.091839,0.096059,0.100276,0.098529,0.102654,0.120250,c07f66d9cbf781191bee66edfe8ad7856f045781
0000950103-25-009919,2.03,test,0.359789,0.085876,0.083559,0.084710,0.086044,0.088084,0.089646,0.122293,c07f66d9cbf781191bee66edfe8ad7856f045781
0000950170-25-102425,2.02,test,0.054776,0.025976,0.677818,0.041186,0.072354,0.023883,0.067376,0.036632,c07f66d9cbf781191bee66edfe8ad7856f045781
0001193125-25-173015,2.02,test,0.057744,0.008311,0.880627,0.008491,0.015256,0.008864,0.012116,0.008591,c07f66d9cbf781191bee66edfe8ad7856f045781
0001213900-25-072065,1.01,test,0.892476,0.007204,0.015735,0.008656,0.014667,0.010199,0.035047,0.016014,c07f66d9cbf781191bee66edfe8ad7856f045781
0001596532-25-000214,2.02,test,0.064750,0.020137,0.713686,0.041562,0.073300,0.019942,0.040917,0.025706,c07f66d9cbf781191bee66edfe8ad7856f045781
0000832428-25-000042,1.01,test,0.302685,0.024359,0.304241,0.133629,0.115872,0.051368,0.029671,0.038173,c07f66d9cbf781191bee66edfe8ad7856f045781
0000950170-25-104006,2.02,test,0.092159,0.069974,0.395270,0.079446,0.086406,0.064715,0.111600,0.100429,c07f66d9cbf781191bee66edfe8ad7856f045781
0001213900-25-072572,2.04,test,0.834315,0.005766,0.075529,0.026636,0.017181,0.018650,0.014299,0.007624,c07f66d9cbf781191bee66edfe8ad7856f045781
0001437749-25-025127,2.02,test,0.148276,0.019717,0.679953,0.026584,0.051043,0.024491,0.023507,0.026429,c07f66d9cbf781191bee66edfe8ad7856f045781
0001683168-25-005723,1.01,test,0.853413,0.007198,0.071994,0.013740,0.011280,0.009878,0.022325,0.010171,c07f66d9cbf781191bee66edfe8ad7856f045781
0001714174-25-000175,2.02,test,0.057871,0.007481,0.868030,0.011474,0.023797,0.008644,0.010632,0.012071,c07f66d9cbf781191bee66edfe8ad7856f045781
0000107687-25-000027,5.02,test,0.135742,0.016850,0.150546,0.025543,0.037092,0.016949,0.022148,0.595131,c07f66d9cbf781191bee66edfe8ad7856f045781
0001628280-25-039123,3.01,test,0.224700,0.019596,0.183395,0.030889,0.040051,0.027688,0.253811,0.219870,c07f66d9cbf781191bee66edfe8ad7856f045781
0001634117-25-000006,3.01,test,0.034827,0.014154,0.062512,0.014776,0.021000,0.021540,0.799664,0.031525,c07f66d9cbf781191bee66edfe8ad7856f045781
0001213900-25-074670,1.03,test,0.719121,0.115235,0.023549,0.058484,0.042934,0.008629,0.009817,0.022231,c07f66d9cbf781191bee66edfe8ad7856f045781
0001437749-25-026189,2.02,test,0.073114,0.026766,0.664674,0.038491,0.056553,0.024658,0.069223,0.046520,c07f66d9cbf781191bee66edfe8ad7856f045781
0001641172-25-023252,2.04,test,0.459872,0.029134,0.172809,0.040687,0.163932,0.041166,0.045478,0.046922,c07f66d9cbf781191bee66edfe8ad7856f045781
0001041657-25-000047,3.01,test,0.058441,0.030083,0.260004,0.031281,0.040009,0.039389,0.477230,0.063561,c07f66d9cbf781191bee66edfe8ad7856f045781
0001104659-25-077025,1.01,test,0.781217,0.010811,0.078110,0.016453,0.022532,0.021797,0.036360,0.032720,c07f66d9cbf781191bee66edfe8ad7856f045781
0001193125-25-179448,2.06,test,0.398588,0.029936,0.263966,0.038514,0.076444,0.051423,0.044590,0.096540,c07f66d9cbf781191bee66edfe8ad7856f045781
0001477932-25-005726,2.06,test,0.327361,0.039193,0.195381,0.056693,0.107165,0.156381,0.039270,0.078557,c07f66d9cbf781191bee66edfe8ad7856f045781
0001104659-25-078665,2.02,test,0.088356,0.024946,0.643687,0.051588,0.074987,0.025738,0.045437,0.045260,c07f66d9cbf781191bee66edfe8ad7856f045781
0001104659-25-079220,1.01,test,0.687894,0.007123,0.085102,0.134860,0.050963,0.005975,0.009947,0.018136,c07f66d9cbf781191bee66edfe8ad7856f045781
0001171843-25-005450,1.03,test,0.086320,0.363777,0.053077,0.179031,0.174713,0.041095,0.032763,0.069225,c07f66d9cbf781191bee66edfe8ad7856f045781
0001104659-25-079855,1.03,test,0.432274,0.075467,0.054783,0.054676,0.281492,0.026804,0.036924,0.037579,c07f66d9cbf781191bee66edfe8ad7856f045781
0000045012-25-000062,1.01,test,0.725644,0.008836,0.090030,0.055358,0.065900,0.010826,0.012534,0.030871,c07f66d9cbf781191bee66edfe8ad7856f045781
0000950142-25-002244,5.02,test,0.163093,0.020801,0.030000,0.014635,0.033272,0.015070,0.196530,0.526599,c07f66d9cbf781191bee66edfe8ad7856f045781
0001104659-25-080959,5.02,test,0.147881,0.016568,0.019219,0.021482,0.027800,0.016503,0.092949,0.657599,c07f66d9cbf781191bee66edfe8ad7856f045781
0001437749-25-027446,2.04,test,0.169975,0.029136,0.459341,0.058513,0.065021,0.050245,0.119826,0.047944,c07f66d9cbf781191bee66edfe8ad7856f045781
0000051434-25-000059,2.06,test,0.407083,0.078532,0.081183,0.077921,0.081501,0.082140,0.084088,0.107551,c07f66d9cbf781191bee66edfe8ad7856f045781
0001437749-25-027478,1.03,test,0.774426,0.006124,0.027989,0.149107,0.023317,0.005249,0.007712,0.006077,c07f66d9cbf781191bee66edfe8ad7856f045781
0001437749-25-027478,2.04,test,0.053783,0.008252,0.017504,0.059214,0.836808,0.010350,0.006352,0.007737,c07f66d9cbf781191bee66edfe8ad7856f045781
0001108205-25-000093,3.01,test,0.083190,0.027353,0.208324,0.027567,0.047261,0.053345,0.505974,0.046985,c07f66d9cbf781191bee66edfe8ad7856f045781
0001193125-25-186437,3.01,test,0.085948,0.030171,0.584169,0.030467,0.058956,0.072517,0.091224,0.046547,c07f66d9cbf781191bee66edfe8ad7856f045781
0001213900-25-079935,3.01,test,0.070201,0.018638,0.179352,0.015572,0.025574,0.017994,0.611498,0.061171,c07f66d9cbf781191bee66edfe8ad7856f045781
0001213900-25-079944,2.04,test,0.795840,0.006680,0.078626,0.048028,0.030499,0.018176,0.014280,0.007871,c07f66d9cbf781191bee66edfe8ad7856f045781
0001493152-25-012265,5.02,test,0.133477,0.024261,0.071236,0.027652,0.031890,0.026959,0.063856,0.620668,c07f66d9cbf781191bee66edfe8ad7856f045781
0001213900-25-080110,2.03,test,0.292043,0.095556,0.090825,0.095556,0.101322,0.098397,0.105978,0.120323,c07f66d9cbf781191bee66edfe8ad7856f045781
0001213900-25-080370,3.01,test,0.031083,0.018561,0.163342,0.018488,0.034541,0.020665,0.691062,0.022258,c07f66d9cbf781191bee66edfe8ad7856f045781
0001477932-25-006234,1.01,test,0.876962,0.010503,0.026873,0.012184,0.021093,0.012065,0.023439,0.016882,c07f66d9cbf781191bee66edfe8ad7856f045781
0001193125-25-191221,2.04,test,0.102640,0.039110,0.263640,0.069858,0.097367,0.051914,0.222441,0.153031,c07f66d9cbf781191bee66edfe8ad7856f045781
0001437749-25-027951,2.06,test,0.215405,0.070205,0.092644,0.100958,0.122974,0.119423,0.152745,0.125645,c07f66d9cbf781191bee66edfe8ad7856f045781
0001641172-25-025820,1.03,test,0.483735,0.124659,0.042871,0.027330,0.046355,0.022047,0.155824,0.097179,c07f66d9cbf781191bee66edfe8ad7856f045781
0000950103-25-011031,1.03,test,0.149895,0.322088,0.060253,0.173923,0.164306,0.030445,0.050343,0.048747,c07f66d9cbf781191bee66edfe8ad7856f045781
0000950103-25-011031,2.04,test,0.878310,0.010960,0.015068,0.011110,0.023775,0.024244,0.010397,0.026137,c07f66d9cbf781191bee66edfe8ad7856f045781
0000950170-25-112243,2.03,test,0.330773,0.011379,0.020808,0.011446,0.015164,0.010240,0.086625,0.513564,c07f66d9cbf781191bee66edfe8ad7856f045781
0001641172-25-026064,2.04,test,0.360799,0.020380,0.113836,0.303073,0.053536,0.029943,0.035837,0.082596,c07f66d9cbf781191bee66edfe8ad7856f045781
0000764622-25-000078,1.01,test,0.928853,0.006807,0.021318,0.007260,0.012350,0.006295,0.008291,0.008826,c07f66d9cbf781191bee66edfe8ad7856f045781
0000950170-25-112478,2.03,test,0.325752,0.026805,0.040554,0.033752,0.048159,0.026648,0.270585,0.227745,c07f66d9cbf781191bee66edfe8ad7856f045781
0001104659-25-086379,2.02,test,0.131507,0.085240,0.155256,0.138088,0.137549,0.079297,0.145850,0.127212,c07f66d9cbf781191bee66edfe8ad7856f045781
0001213900-25-083485,3.01,test,0.065731,0.018667,0.134083,0.019833,0.026274,0.091615,0.622268,0.021528,c07f66d9cbf781191bee66edfe8ad7856f045781
0001477932-25-006468,5.02,test,0.191574,0.033454,0.053983,0.045636,0.051915,0.032109,0.033323,0.558005,c07f66d9cbf781191bee66edfe8ad7856f045781
0001104659-25-086777,1.03,test,0.139536,0.361532,0.099236,0.108884,0.173148,0.048128,0.039358,0.030177,c07f66d9cbf781191bee66edfe8ad7856f045781
0000900075-25-000017,2.02,test,0.114635,0.091573,0.256573,0.100574,0.096156,0.085189,0.139088,0.116213,c07f66d9cbf781191bee66edfe8ad7856f045781
0001213900-25-084498,3.01,test,0.194107,0.031873,0.106674,0.031257,0.129809,0.049851,0.343759,0.112670,c07f66d9cbf781191bee66edfe8ad7856f045781
0001842356-25-000098,1.03,test,0.172202,0.365819,0.067765,0.144020,0.144020,0.019151,0.044615,0.042406,c07f66d9cbf781191bee66edfe8ad7856f045781
0000950170-25-113236,1.03,test,0.282438,0.408768,0.082435,0.043653,0.100020,0.018922,0.021865,0.041899,c07f66d9cbf781191bee66edfe8ad7856f045781
0001437749-25-028480,1.01,test,0.830139,0.008331,0.035664,0.020084,0.046696,0.016344,0.027802,0.014940,c07f66d9cbf781191bee66edfe8ad7856f045781
0000950142-25-002399,3.01,test,0.290159,0.014139,0.079869,0.015681,0.019026,0.022071,0.369944,0.189110,c07f66d9cbf781191bee66edfe8ad7856f045781
0001104659-25-088056,3.01,test,0.210938,0.014761,0.017494,0.014503,0.013948,0.012874,0.668113,0.047369,c07f66d9cbf781191bee66edfe8ad7856f045781
0001213900-25-085603,5.02,test,0.057848,0.012377,0.074242,0.015433,0.026381,0.011856,0.032386,0.769476,c07f66d9cbf781191bee66edfe8ad7856f045781
0000035527-25-000185,2.06,test,0.099681,0.019523,0.269577,0.133287,0.082760,0.351680,0.022340,0.021151,c07f66d9cbf781191bee66edfe8ad7856f045781
0001477720-25-000202,2.06,test,0.058586,0.023304,0.569164,0.029748,0.076186,0.168368,0.025694,0.048950,c07f66d9cbf781191bee66edfe8ad7856f045781
0001683168-25-006787,2.03,test,0.196153,0.111112,0.122990,0.116217,0.110679,0.108538,0.119672,0.114639,c07f66d9cbf781191bee66edfe8ad7856f045781
0001699350-25-000008,2.02,test,0.049910,0.016539,0.780337,0.026898,0.052510,0.016124,0.038832,0.018851,c07f66d9cbf781191bee66edfe8ad7856f045781
0000055529-25-000033,2.02,test,0.029794,0.006654,0.919649,0.007097,0.014850,0.006786,0.007600,0.007570,c07f66d9cbf781191bee66edfe8ad7856f045781
0001104659-25-088983,5.02,test,0.085539,0.027327,0.279821,0.030574,0.095425,0.026331,0.016317,0.438665,c07f66d9cbf781191bee66edfe8ad7856f045781
0001193125-25-199310,1.03,test,0.300167,0.338973,0.058020,0.057120,0.102827,0.031917,0.043540,0.067436,c07f66d9cbf781191bee66edfe8ad7856f045781
0001562463-25-000083,2.06,test,0.560253,0.005509,0.169703,0.033092,0.051530,0.165610,0.007723,0.006580,c07f66d9cbf781191bee66edfe8ad7856f045781
0001594805-25-000081,5.02,test,0.272305,0.017145,0.037595,0.023804,0.047478,0.018647,0.092144,0.490882,c07f66d9cbf781191bee66edfe8ad7856f045781
0001193125-25-201230,1.01,test,0.879044,0.007687,0.027334,0.025804,0.019920,0.017223,0.008542,0.014446,c07f66d9cbf781191bee66edfe8ad7856f045781
0001641172-25-027095,3.01,test,0.087183,0.023260,0.323224,0.019321,0.043455,0.031117,0.448301,0.024139,c07f66d9cbf781191bee66edfe8ad7856f045781
0001641172-25-027096,3.01,test,0.192469,0.027325,0.221964,0.029201,0.057508,0.040069,0.370723,0.060741,c07f66d9cbf781191bee66edfe8ad7856f045781
0000015847-25-000007,2.02,test,0.043019,0.020600,0.788266,0.030445,0.035873,0.018793,0.033438,0.029566,c07f66d9cbf781191bee66edfe8ad7856f045781
0001104659-25-089452,2.03,test,0.348923,0.087279,0.086094,0.086262,0.087792,0.091467,0.088135,0.124048,c07f66d9cbf781191bee66edfe8ad7856f045781
0001213900-25-087039,1.01,test,0.805216,0.017225,0.031620,0.024339,0.045206,0.024339,0.031559,0.020496,c07f66d9cbf781191bee66edfe8ad7856f045781
0001641172-25-027228,1.03,test,0.142078,0.463700,0.068570,0.089783,0.113385,0.029434,0.025078,0.067970,c07f66d9cbf781191bee66edfe8ad7856f045781
0001104659-25-090346,5.02,test,0.065968,0.014505,0.084787,0.019424,0.033990,0.011862,0.014505,0.754959,c07f66d9cbf781191bee66edfe8ad7856f045781
0001437749-25-029303,1.01,test,0.792025,0.011898,0.043862,0.021713,0.024034,0.018213,0.035555,0.052701,c07f66d9cbf781191bee66edfe8ad7856f045781
0001493152-25-013894,2.04,test,0.598343,0.005378,0.074399,0.135611,0.147420,0.009076,0.020335,0.009438,c07f66d9cbf781191bee66edfe8ad7856f045781
0001683168-25-007069,1.03,test,0.222982,0.153104,0.077438,0.033896,0.071969,0.036794,0.119938,0.283879,c07f66d9cbf781191bee66edfe8ad7856f045781
0001013237-25-000084,2.02,test,0.155167,0.045912,0.401884,0.084942,0.105299,0.048210,0.090067,0.068520,c07f66d9cbf781191bee66edfe8ad7856f045781
0001493152-25-013968,3.01,test,0.025564,0.012655,0.058004,0.011636,0.021653,0.011750,0.839963,0.018776,c07f66d9cbf781191bee66edfe8ad7856f045781
0001493152-25-014015,5.02,test,0.151547,0.018282,0.203891,0.016613,0.021001,0.015335,0.081137,0.492194,c07f66d9cbf781191bee66edfe8ad7856f045781
0001493152-25-014094,2.03,test,0.316581,0.092853,0.088083,0.090702,0.090525,0.092491,0.097309,0.131456,c07f66d9cbf781191bee66edfe8ad7856f045781
0001699031-25-000180,2.03,test,0.330612,0.092618,0.089419,0.090120,0.093893,0.092257,0.097824,0.113257,c07f66d9cbf781191bee66edfe8ad7856f045781
0001829126-25-007474,1.03,test,0.033928,0.428749,0.084549,0.241389,0.130953,0.024847,0.016074,0.039512,c07f66d9cbf781191bee66edfe8ad7856f045781
0001829126-25-007474,2.04,test,0.078737,0.222664,0.067611,0.147676,0.375174,0.039863,0.039168,0.029107,c07f66d9cbf781191bee66edfe8ad7856f045781
0001193125-25-208137,5.02,test,0.232098,0.017338,0.019494,0.024909,0.029407,0.014772,0.077629,0.584351,c07f66d9cbf781191bee66edfe8ad7856f045781
0001437749-25-029485,3.01,test,0.182424,0.035158,0.274387,0.038992,0.094733,0.039145,0.237230,0.097931,c07f66d9cbf781191bee66edfe8ad7856f045781
0001437749-25-029714,2.03,test,0.365615,0.086587,0.083596,0.084747,0.087096,0.090212,0.087437,0.114709,c07f66d9cbf781191bee66edfe8ad7856f045781
0001079973-25-001494,2.03,test,0.292930,0.100446,0.093261,0.096410,0.096976,0.099470,0.100054,0.120453,c07f66d9cbf781191bee66edfe8ad7856f045781
0001104659-25-092977,2.06,test,0.656477,0.016612,0.123108,0.023749,0.042296,0.021456,0.068654,0.047648,c07f66d9cbf781191bee66edfe8ad7856f045781
0001805284-25-000122,1.01,test,0.870338,0.006816,0.021201,0.044424,0.030937,0.007799,0.007969,0.010516,c07f66d9cbf781191bee66edfe8ad7856f045781
0000950103-25-012239,2.04,test,0.133098,0.117001,0.105289,0.200586,0.138130,0.093646,0.104674,0.107576,c07f66d9cbf781191bee66edfe8ad7856f045781
0001170010-25-000115,2.02,test,0.285359,0.009015,0.636972,0.010981,0.020475,0.008945,0.011508,0.016744,c07f66d9cbf781191bee66edfe8ad7856f045781
0001493152-25-015708,2.04,test,0.581679,0.005368,0.121778,0.085572,0.174481,0.015098,0.009292,0.006732,c07f66d9cbf781191bee66edfe8ad7856f045781
0001683168-25-007245,2.03,test,0.816793,0.005120,0.056349,0.063077,0.028113,0.005790,0.011594,0.013164,c07f66d9cbf781191bee66edfe8ad7856f045781
0001731122-25-001318,5.02,test,0.166772,0.017386,0.039874,0.026150,0.070668,0.013408,0.039874,0.625868,c07f66d9cbf781191bee66edfe8ad7856f045781
0001193125-25-223652,2.06,test,0.412502,0.049871,0.079384,0.060156,0.098795,0.085667,0.067900,0.145724,c07f66d9cbf781191bee66edfe8ad7856f045781
0001193125-25-224251,1.03,test,0.684034,0.036385,0.046903,0.045727,0.045106,0.034652,0.047086,0.060107,c07f66d9cbf781191bee66edfe8ad7856f045781
0001104659-25-095342,2.04,test,0.482184,0.017675,0.056447,0.172938,0.203076,0.025024,0.019603,0.023053,c07f66d9cbf781191bee66edfe8ad7856f045781
0001185185-25-001326,1.01,test,0.858236,0.005265,0.042438,0.018942,0.032570,0.015643,0.010783,0.016123,c07f66d9cbf781191bee66edfe8ad7856f045781
0001193125-25-226780,1.01,test,0.591200,0.008566,0.059925,0.231348,0.080520,0.009083,0.009481,0.009878,c07f66d9cbf781191bee66edfe8ad7856f045781
0001213900-25-095389,3.01,test,0.068928,0.037257,0.146207,0.039737,0.064500,0.115433,0.464190,0.063748,c07f66d9cbf781191bee66edfe8ad7856f045781
0001214659-25-014468,1.01,test,0.803445,0.008143,0.077425,0.028840,0.033553,0.013140,0.016225,0.019230,c07f66d9cbf781191bee66edfe8ad7856f045781
0001818502-25-000038,2.04,test,0.587393,0.038781,0.043432,0.040404,0.053842,0.054158,0.079417,0.102573,c07f66d9cbf781191bee66edfe8ad7856f045781
0001104659-25-096673,3.01,test,0.104875,0.065501,0.169565,0.062379,0.083287,0.081517,0.343870,0.089006,c07f66d9cbf781191bee66edfe8ad7856f045781
0001185185-25-001378,1.01,test,0.817871,0.008535,0.029272,0.038178,0.041869,0.009729,0.039971,0.014576,c07f66d9cbf781191bee66edfe8ad7856f045781
0001193125-25-229394,2.02,test,0.060142,0.032571,0.636761,0.046203,0.055514,0.029599,0.082045,0.057165,c07f66d9cbf781191bee66edfe8ad7856f045781
0001193125-25-230209,2.03,test,0.487538,0.067086,0.064390,0.066434,0.067348,0.069622,0.073679,0.103904,c07f66d9cbf781191bee66edfe8ad7856f045781
0001193125-25-231878,2.03,test,0.350430,0.084628,0.081864,0.084628,0.092222,0.096837,0.093492,0.115899,c07f66d9cbf781191bee66edfe8ad7856f045781
0001040130-25-000064,2.06,test,0.121644,0.011962,0.351732,0.019153,0.032708,0.354231,0.024883,0.083686,c07f66d9cbf781191bee66edfe8ad7856f045781
0001104659-25-097318,3.01,test,0.146470,0.021728,0.040515,0.021184,0.032938,0.032810,0.660291,0.044064,c07f66d9cbf781191bee66edfe8ad7856f045781
0001104659-25-097588,2.06,test,0.153941,0.085681,0.089094,0.098042,0.120594,0.105184,0.147467,0.199995,c07f66d9cbf781191bee66edfe8ad7856f045781
0001628280-25-044498,2.03,test,0.272243,0.098407,0.096316,0.098407,0.100153,0.099179,0.112825,0.122470,c07f66d9cbf781191bee66edfe8ad7856f045781
0001193125-25-235776,5.02,test,0.224875,0.019040,0.026538,0.030189,0.032325,0.017269,0.032642,0.617121,c07f66d9cbf781191bee66edfe8ad7856f045781
0001335258-25-000137,1.01,test,0.849096,0.006728,0.064839,0.022190,0.017502,0.011071,0.014077,0.014496,c07f66d9cbf781191bee66edfe8ad7856f045781
0001161697-25-000362,5.02,test,0.310488,0.013365,0.027051,0.014794,0.035143,0.012098,0.157463,0.429599,c07f66d9cbf781191bee66edfe8ad7856f045781
0001467858-25-000136,2.06,test,0.511020,0.032963,0.155425,0.041832,0.062187,0.065554,0.032899,0.098121,c07f66d9cbf781191bee66edfe8ad7856f045781
0001628280-25-044839,2.06,test,0.505124,0.003553,0.109990,0.005089,0.011616,0.352633,0.004634,0.007362,c07f66d9cbf781191bee66edfe8ad7856f045781
0001104659-25-099741,2.04,test,0.820769,0.006224,0.106407,0.011492,0.012402,0.010691,0.019993,0.012020,c07f66d9cbf781191bee66edfe8ad7856f045781
0001193125-25-240315,2.06,test,0.114625,0.075467,0.025278,0.038771,0.102448,0.023608,0.047134,0.572668,c07f66d9cbf781191bee66edfe8ad7856f045781
0001437749-25-030970,2.02,test,0.058723,0.046137,0.680299,0.047509,0.065318,0.021061,0.022289,0.058665,c07f66d9cbf781191bee66edfe8ad7856f045781
0000035527-25-000200,2.02,test,0.044323,0.022114,0.749300,0.023311,0.029011,0.020056,0.076061,0.035824,c07f66d9cbf781191bee66edfe8ad7856f045781
0001140361-25-038507,2.06,test,0.155405,0.012424,0.456537,0.017728,0.036269,0.238793,0.036411,0.046434,c07f66d9cbf781191bee66edfe8ad7856f045781
0001193125-25-242520,5.02,test,0.189160,0.019671,0.074166,0.023775,0.047652,0.019442,0.127399,0.498734,c07f66d9cbf781191bee66edfe8ad7856f045781
0001213900-25-100408,2.04,test,0.626932,0.008995,0.071517,0.179926,0.077442,0.012885,0.011195,0.011108,c07f66d9cbf781191bee66edfe8ad7856f045781
0001493152-25-018533,1.03,test,0.067111,0.527615,0.095292,0.119932,0.095758,0.039957,0.025102,0.029233,c07f66d9cbf781191bee66edfe8ad7856f045781
0001493152-25-018533,2.04,test,0.049751,0.227312,0.024895,0.110270,0.516777,0.034093,0.019925,0.016977,c07f66d9cbf781191bee66edfe8ad7856f045781
0001493152-25-018633,2.03,test,0.051879,0.085701,0.359736,0.177919,0.188104,0.072308,0.026914,0.037440,c07f66d9cbf781191bee66edfe8ad7856f045781
0001646972-25-000095,2.04,test,0.164536,0.028218,0.477992,0.126462,0.084489,0.043027,0.029920,0.045356,c07f66d9cbf781191bee66edfe8ad7856f045781
0000020212-25-000134,2.02,test,0.097726,0.042361,0.497020,0.068625,0.099265,0.039872,0.095276,0.059855,c07f66d9cbf781191bee66edfe8ad7856f045781
0001104659-25-101390,2.06,test,0.110907,0.010208,0.553552,0.016281,0.029596,0.259508,0.010168,0.009779,c07f66d9cbf781191bee66edfe8ad7856f045781
0001300514-25-000157,2.02,test,0.106238,0.012304,0.756768,0.019206,0.031976,0.031419,0.019547,0.022542,c07f66d9cbf781191bee66edfe8ad7856f045781
0001849820-25-000246,3.01,test,0.097127,0.064197,0.265570,0.062710,0.099043,0.099625,0.240391,0.071338,c07f66d9cbf781191bee66edfe8ad7856f045781
0000790816-25-000042,2.02,test,0.071076,0.050994,0.413026,0.096581,0.104022,0.049425,0.127451,0.087425,c07f66d9cbf781191bee66edfe8ad7856f045781
0001104659-25-101675,3.01,test,0.070531,0.026510,0.102722,0.027837,0.053867,0.040109,0.634028,0.044396,c07f66d9cbf781191bee66edfe8ad7856f045781
0001193125-25-248905,2.06,test,0.015025,0.005394,0.359787,0.008290,0.016041,0.578882,0.007077,0.009504,c07f66d9cbf781191bee66edfe8ad7856f045781
0001640334-25-001869,5.02,test,0.114453,0.010861,0.029784,0.015317,0.021348,0.011294,0.078855,0.718088,c07f66d9cbf781191bee66edfe8ad7856f045781
0001701605-25-000114,2.02,test,0.063685,0.027605,0.704691,0.033364,0.049116,0.020276,0.062637,0.038627,c07f66d9cbf781191bee66edfe8ad7856f045781
0001593275-25-000251,2.03,test,0.359789,0.085876,0.083559,0.084710,0.086044,0.088084,0.089646,0.122293,c07f66d9cbf781191bee66edfe8ad7856f045781
0000915913-25-000153,2.06,test,0.151740,0.015799,0.317699,0.017557,0.026823,0.397494,0.039180,0.033709,c07f66d9cbf781191bee66edfe8ad7856f045781
0001104659-25-102597,2.02,test,0.191179,0.045144,0.420489,0.042908,0.077470,0.034953,0.127228,0.060629,c07f66d9cbf781191bee66edfe8ad7856f045781
0001213900-25-102580,2.03,test,0.248301,0.046518,0.237162,0.082121,0.109112,0.067948,0.146970,0.061867,c07f66d9cbf781191bee66edfe8ad7856f045781
0001104659-25-103211,2.04,test,0.316742,0.018597,0.371072,0.038383,0.078680,0.082134,0.050899,0.043494,c07f66d9cbf781191bee66edfe8ad7856f045781
0001477294-25-000128,2.06,test,0.016955,0.007657,0.554922,0.010527,0.022243,0.368937,0.008830,0.009928,c07f66d9cbf781191bee66edfe8ad7856f045781
0001592386-25-000144,2.02,test,0.082087,0.015066,0.768245,0.020353,0.038473,0.014154,0.029788,0.031833,c07f66d9cbf781191bee66edfe8ad7856f045781
0000064040-25-000163,2.02,test,0.066080,0.026131,0.671388,0.051263,0.069387,0.029960,0.048724,0.037068,c07f66d9cbf781191bee66edfe8ad7856f045781
0000768835-25-000034,1.03,test,0.527795,0.219803,0.033348,0.070116,0.092662,0.016949,0.016916,0.022410,c07f66d9cbf781191bee66edfe8ad7856f045781
0000799233-25-000049,5.02,test,0.172090,0.018555,0.116812,0.032756,0.059024,0.025912,0.132495,0.442355,c07f66d9cbf781191bee66edfe8ad7856f045781
0001193125-25-258077,1.01,test,0.883558,0.007548,0.025634,0.024700,0.018883,0.016746,0.008355,0.014577,c07f66d9cbf781191bee66edfe8ad7856f045781
0001193125-25-258567,2.03,test,0.751776,0.008351,0.009190,0.007199,0.009226,0.006790,0.062012,0.145456,c07f66d9cbf781191bee66edfe8ad7856f045781
0001193125-25-258802,1.01,test,0.707775,0.006468,0.034254,0.167170,0.053158,0.009615,0.008823,0.012737,c07f66d9cbf781191bee66edfe8ad7856f045781
0001206774-25-000735,5.02,test,0.054991,0.014164,0.021139,0.014844,0.034178,0.014757,0.077853,0.768074,c07f66d9cbf781191bee66edfe8ad7856f045781
0001570585-25-000224,2.02,test,0.090507,0.012454,0.793398,0.015929,0.027096,0.015022,0.021729,0.023865,c07f66d9cbf781191bee66edfe8ad7856f045781
0000034903-25-000062,2.02,test,0.097681,0.082739,0.238247,0.131187,0.103373,0.072307,0.153374,0.121092,c07f66d9cbf781191bee66edfe8ad7856f045781
0001104659-25-104631,1.03,test,0.073327,0.358250,0.062171,0.270174,0.148269,0.029511,0.019430,0.038868,c07f66d9cbf781191bee66edfe8ad7856f045781
0001104659-25-104631,2.04,test,0.548692,0.011146,0.094237,0.200649,0.105928,0.018233,0.009204,0.011911,c07f66d9cbf781191bee66edfe8ad7856f045781
0001493152-25-020392,1.01,test,0.367850,0.086607,0.085098,0.084767,0.087628,0.086777,0.088316,0.112957,c07f66d9cbf781191bee66edfe8ad7856f045781
0001104659-25-105246,2.03,test,0.359789,0.085876,0.083559,0.084710,0.086044,0.088084,0.089646,0.122293,c07f66d9cbf781191bee66edfe8ad7856f045781
0001104659-25-105537,2.02,test,0.051494,0.029340,0.665670,0.048280,0.067754,0.025342,0.067030,0.045090,c07f66d9cbf781191bee66edfe8ad7856f045781
0001104659-25-105542,3.01,test,0.080936,0.044176,0.234882,0.044697,0.059330,0.055735,0.399939,0.080306,c07f66d9cbf781191bee66edfe8ad7856f045781
0000927003-25-000021,2.02,test,0.045325,0.020711,0.806935,0.020751,0.024499,0.021119,0.032519,0.028143,c07f66d9cbf781191bee66edfe8ad7856f045781
0001193125-25-263748,2.03,test,0.086975,0.026191,0.088172,0.431251,0.248996,0.043521,0.031965,0.042930,c07f66d9cbf781191bee66edfe8ad7856f045781
0001628280-25-048516,2.02,test,0.025990,0.013722,0.859826,0.019052,0.025889,0.013857,0.026296,0.015368,c07f66d9cbf781191bee66edfe8ad7856f045781
0001552275-25-000079,2.02,test,0.078168,0.068446,0.437263,0.073003,0.079244,0.062932,0.117573,0.083372,c07f66d9cbf781191bee66edfe8ad7856f045781
0001104659-25-107765,1.03,test,0.473947,0.202392,0.053462,0.133259,0.077407,0.014097,0.012176,0.033260,c07f66d9cbf781191bee66edfe8ad7856f045781
0001104659-25-107773,2.03,test,0.316889,0.088600,0.084874,0.088774,0.090348,0.090702,0.101780,0.138034,c07f66d9cbf781191bee66edfe8ad7856f045781
0001437749-25-033622,2.02,test,0.043213,0.015851,0.790287,0.021750,0.042751,0.019920,0.049255,0.016972,c07f66d9cbf781191bee66edfe8ad7856f045781
0001104659-25-108461,1.01,test,0.889418,0.005299,0.062310,0.005674,0.012189,0.008788,0.005865,0.010456,c07f66d9cbf781191bee66edfe8ad7856f045781
0001104659-25-108571,1.03,test,0.790279,0.008064,0.020835,0.097025,0.034251,0.007862,0.010559,0.031125,c07f66d9cbf781191bee66edfe8ad7856f045781
0001104659-25-108583,2.04,test,0.790377,0.006468,0.011154,0.125270,0.034897,0.017911,0.006765,0.007159,c07f66d9cbf781191bee66edfe8ad7856f045781
0001437749-25-033877,3.01,test,0.056471,0.026210,0.248552,0.023725,0.031125,0.030168,0.547146,0.036603,c07f66d9cbf781191bee66edfe8ad7856f045781
0001618755-25-000048,2.06,test,0.417038,0.023957,0.101256,0.048488,0.040632,0.067517,0.031737,0.269375,c07f66d9cbf781191bee66edfe8ad7856f045781
0001618756-25-000302,2.06,test,0.417038,0.023957,0.101256,0.048488,0.040632,0.067517,0.031737,0.269375,c07f66d9cbf781191bee66edfe8ad7856f045781
0001628280-25-051018,2.02,test,0.064715,0.026224,0.721351,0.029027,0.049185,0.020826,0.054336,0.034336,c07f66d9cbf781191bee66edfe8ad7856f045781
0001140361-25-041711,1.01,test,0.804587,0.009655,0.084927,0.012519,0.016912,0.009468,0.020400,0.041532,c07f66d9cbf781191bee66edfe8ad7856f045781
0001517375-25-000144,5.02,test,0.174027,0.073043,0.121788,0.058406,0.085982,0.053596,0.191132,0.242026,c07f66d9cbf781191bee66edfe8ad7856f045781
0001193125-25-282339,2.04,test,0.598407,0.009513,0.038423,0.257623,0.055579,0.018680,0.014114,0.007659,c07f66d9cbf781191bee66edfe8ad7856f045781
0001628280-25-052329,1.03,test,0.150175,0.351563,0.062817,0.183639,0.147703,0.033134,0.039042,0.031927,c07f66d9cbf781191bee66edfe8ad7856f045781
0001140361-25-042498,2.06,test,0.088538,0.007718,0.184980,0.008104,0.013518,0.679942,0.008952,0.008247,c07f66d9cbf781191bee66edfe8ad7856f045781
0001493152-25-023766,2.02,test,0.084932,0.008071,0.840372,0.009736,0.021558,0.009128,0.015958,0.010243,c07f66d9cbf781191bee66edfe8ad7856f045781
0001104659-25-113746,2.06,test,0.196213,0.011136,0.374946,0.025416,0.032603,0.304085,0.024063,0.031538,c07f66d9cbf781191bee66edfe8ad7856f045781
0001193125-25-285373,5.02,test,0.204703,0.018985,0.062614,0.021014,0.058534,0.020608,0.061164,0.552379,c07f66d9cbf781191bee66edfe8ad7856f045781
0001393052-25-000070,5.02,test,0.029161,0.008058,0.187660,0.012026,0.034360,0.009275,0.013654,0.705806,c07f66d9cbf781191bee66edfe8ad7856f045781
0000056978-25-000078,2.02,test,0.091529,0.016620,0.752275,0.020363,0.036301,0.017147,0.038946,0.026819,c07f66d9cbf781191bee66edfe8ad7856f045781
0001213900-25-112705,2.04,test,0.668276,0.013010,0.045945,0.163768,0.063169,0.013581,0.015181,0.017068,c07f66d9cbf781191bee66edfe8ad7856f045781
0001104659-25-114793,3.01,test,0.074509,0.032519,0.041633,0.020630,0.040077,0.031273,0.714211,0.045148,c07f66d9cbf781191bee66edfe8ad7856f045781
0001493152-25-024671,2.04,test,0.117929,0.035721,0.372768,0.130663,0.165334,0.074741,0.056527,0.046317,c07f66d9cbf781191bee66edfe8ad7856f045781
0001493152-25-024673,2.04,test,0.198304,0.055336,0.134310,0.113987,0.212541,0.096929,0.120395,0.068198,c07f66d9cbf781191bee66edfe8ad7856f045781
0000913760-25-000191,2.02,test,0.084848,0.032904,0.559217,0.060994,0.101649,0.030018,0.087456,0.042915,c07f66d9cbf781191bee66edfe8ad7856f045781
0001104659-25-115184,5.02,test,0.146979,0.011757,0.024503,0.012106,0.018227,0.010518,0.121367,0.654544,c07f66d9cbf781191bee66edfe8ad7856f045781
0001193125-25-293580,1.01,test,0.743293,0.006661,0.050755,0.107324,0.061013,0.008586,0.007431,0.014937,c07f66d9cbf781191bee66edfe8ad7856f045781
0001654954-25-013407,5.02,test,0.214438,0.015497,0.089615,0.053826,0.049249,0.015618,0.025252,0.536504,c07f66d9cbf781191bee66edfe8ad7856f045781
0001163609-25-000036,1.01,test,0.858981,0.008274,0.040018,0.030060,0.031503,0.008860,0.012205,0.010099,c07f66d9cbf781191bee66edfe8ad7856f045781
0001193125-25-294927,2.03,test,0.086975,0.026191,0.088172,0.431251,0.248996,0.043521,0.031965,0.042930,c07f66d9cbf781191bee66edfe8ad7856f045781
0001193125-25-297177,1.03,test,0.088054,0.371991,0.094838,0.139888,0.216557,0.023699,0.019381,0.045593,c07f66d9cbf781191bee66edfe8ad7856f045781
0001104659-25-116456,3.01,test,0.102072,0.025063,0.300446,0.024965,0.062031,0.036253,0.351772,0.097398,c07f66d9cbf781191bee66edfe8ad7856f045781
0001193125-25-300824,3.01,test,0.151770,0.036243,0.135317,0.041634,0.053773,0.182891,0.323423,0.074949,c07f66d9cbf781191bee66edfe8ad7856f045781
0001213900-25-115539,2.04,test,0.153709,0.028853,0.461755,0.062408,0.162825,0.045481,0.041573,0.043398,c07f66d9cbf781191bee66edfe8ad7856f045781
0001517413-25-000331,3.01,test,0.235472,0.016869,0.086551,0.017852,0.035261,0.021830,0.382255,0.203908,c07f66d9cbf781191bee66edfe8ad7856f045781
0001493152-25-025400,3.01,test,0.163790,0.036440,0.095073,0.022759,0.068278,0.058230,0.475449,0.079981,c07f66d9cbf781191bee66edfe8ad7856f045781
0001999371-25-018942,1.01,test,0.847113,0.006825,0.036074,0.026367,0.041239,0.011496,0.010906,0.019981,c07f66d9cbf781191bee66edfe8ad7856f045781
0001193125-25-303276,3.01,test,0.086676,0.008453,0.009230,0.008209,0.008981,0.010216,0.824373,0.043861,c07f66d9cbf781191bee66edfe8ad7856f045781
0001493152-25-025447,1.03,test,0.150899,0.132908,0.112578,0.118674,0.114574,0.115925,0.115698,0.138744,c07f66d9cbf781191bee66edfe8ad7856f045781
0001493152-25-025447,2.04,test,0.290099,0.015433,0.017217,0.062976,0.567087,0.015954,0.013780,0.017454,c07f66d9cbf781191bee66edfe8ad7856f045781
0001683168-25-008743,1.01,test,0.561597,0.006208,0.100701,0.230479,0.060007,0.011176,0.016325,0.013507,c07f66d9cbf781191bee66edfe8ad7856f045781
0001493152-25-025730,2.03,test,0.343748,0.089235,0.086490,0.087852,0.088714,0.090995,0.091709,0.121257,c07f66d9cbf781191bee66edfe8ad7856f045781
0001493152-25-025763,2.04,test,0.118213,0.042315,0.142314,0.068953,0.427367,0.061809,0.084483,0.054546,c07f66d9cbf781191bee66edfe8ad7856f045781
0001104659-25-118132,2.03,test,0.369134,0.086149,0.084648,0.084318,0.087335,0.086318,0.088192,0.113906,c07f66d9cbf781191bee66edfe8ad7856f045781
0001177609-25-000048,2.02,test,0.024866,0.008737,0.915049,0.008568,0.009653,0.009337,0.014099,0.009690,c07f66d9cbf781191bee66edfe8ad7856f045781
0001193125-25-306028,5.02,test,0.127230,0.035279,0.039088,0.018195,0.032691,0.019106,0.131718,0.596693,c07f66d9cbf781191bee66edfe8ad7856f045781
0001437749-25-036765,2.06,test,0.064002,0.012383,0.057259,0.026994,0.047238,0.697558,0.024820,0.069745,c07f66d9cbf781191bee66edfe8ad7856f045781
0001493152-25-025963,2.04,test,0.482481,0.029374,0.140380,0.183936,0.078532,0.037865,0.014470,0.032962,c07f66d9cbf781191bee66edfe8ad7856f045781
0001193125-25-308060,1.03,test,0.174142,0.332974,0.106217,0.193465,0.132448,0.017129,0.014201,0.029424,c07f66d9cbf781191bee66edfe8ad7856f045781
0001493152-25-026180,3.01,test,0.101262,0.028037,0.152756,0.027710,0.047879,0.046679,0.535388,0.060289,c07f66d9cbf781191bee66edfe8ad7856f045781
0001104659-25-118916,2.04,test,0.651659,0.007169,0.082890,0.077602,0.096500,0.056802,0.014397,0.012981,c07f66d9cbf781191bee66edfe8ad7856f045781
0001213900-25-118493,3.01,test,0.066685,0.021883,0.148744,0.022315,0.047333,0.070847,0.559302,0.062890,c07f66d9cbf781191bee66edfe8ad7856f045781
0001437749-25-037049,2.04,test,0.593081,0.014518,0.176173,0.029614,0.084364,0.040796,0.027766,0.033689,c07f66d9cbf781191bee66edfe8ad7856f045781
0001818383-25-000169,5.02,test,0.322521,0.018235,0.034335,0.018668,0.031385,0.016219,0.040854,0.517783,c07f66d9cbf781191bee66edfe8ad7856f045781
0001104659-25-119304,2.02,test,0.026615,0.012745,0.861785,0.017285,0.028331,0.012671,0.024615,0.015955,c07f66d9cbf781191bee66edfe8ad7856f045781
0000018349-25-000137,2.03,test,0.194629,0.104995,0.094485,0.135343,0.105200,0.102163,0.117130,0.146056,c07f66d9cbf781191bee66edfe8ad7856f045781
0001193125-25-312044,2.04,test,0.205916,0.038728,0.413936,0.096983,0.087617,0.049245,0.043971,0.063603,c07f66d9cbf781191bee66edfe8ad7856f045781
0001104659-25-120120,2.03,test,0.268219,0.095823,0.099641,0.099641,0.105860,0.106899,0.109007,0.114910,c07f66d9cbf781191bee66edfe8ad7856f045781
0001104659-25-120333,5.02,test,0.774856,0.006092,0.076338,0.010322,0.020289,0.006460,0.038184,0.067459,c07f66d9cbf781191bee66edfe8ad7856f045781
0001171843-25-007891,2.02,test,0.210386,0.102134,0.122957,0.095946,0.139057,0.093358,0.114162,0.122000,c07f66d9cbf781191bee66edfe8ad7856f045781
0000037785-25-000134,2.06,test,0.020789,0.005471,0.080967,0.007655,0.016002,0.841019,0.021575,0.006522,c07f66d9cbf781191bee66edfe8ad7856f045781
0001193125-25-317646,2.04,test,0.301921,0.053033,0.057230,0.077919,0.296371,0.061279,0.082945,0.069303,c07f66d9cbf781191bee66edfe8ad7856f045781
0001213900-25-120904,2.02,test,0.094384,0.005873,0.861502,0.006616,0.010308,0.006083,0.007252,0.007981,c07f66d9cbf781191bee66edfe8ad7856f045781
0001493152-25-027576,3.01,test,0.129881,0.038281,0.274154,0.036742,0.067184,0.056025,0.294988,0.102745,c07f66d9cbf781191bee66edfe8ad7856f045781
0000037996-25-000238,2.06,test,0.873768,0.009289,0.027011,0.013306,0.019859,0.013649,0.020171,0.022947,c07f66d9cbf781191bee66edfe8ad7856f045781
0001104659-25-120980,2.03,test,0.240158,0.101689,0.097603,0.100505,0.100898,0.101095,0.110383,0.147669,c07f66d9cbf781191bee66edfe8ad7856f045781
0001140361-25-045482,3.01,test,0.139821,0.007164,0.008812,0.007391,0.009380,0.007094,0.808846,0.011493,c07f66d9cbf781191bee66edfe8ad7856f045781
0001140361-25-045494,1.03,test,0.041391,0.539258,0.076726,0.130261,0.120825,0.026776,0.024958,0.039805,c07f66d9cbf781191bee66edfe8ad7856f045781
0001140361-25-045494,2.04,test,0.066679,0.026575,0.066875,0.152221,0.630785,0.022075,0.014534,0.020257,c07f66d9cbf781191bee66edfe8ad7856f045781
0001140361-25-045538,3.01,test,0.064043,0.010273,0.027625,0.012935,0.037356,0.015848,0.788629,0.043291,c07f66d9cbf781191bee66edfe8ad7856f045781
0001193125-25-318337,1.03,test,0.089875,0.325911,0.109047,0.210141,0.204224,0.018241,0.018349,0.024213,c07f66d9cbf781191bee66edfe8ad7856f045781
0001193125-25-318337,2.04,test,0.663654,0.013814,0.036253,0.058473,0.193040,0.009077,0.007423,0.018265,c07f66d9cbf781191bee66edfe8ad7856f045781
0001193125-25-319188,3.01,test,0.119785,0.011762,0.020643,0.012255,0.018076,0.011007,0.781475,0.024998,c07f66d9cbf781191bee66edfe8ad7856f045781
0001493152-25-027744,5.02,test,0.081518,0.014007,0.026974,0.022428,0.017129,0.010973,0.027053,0.799919,c07f66d9cbf781191bee66edfe8ad7856f045781
0001628280-25-056882,2.06,test,0.235742,0.027037,0.050611,0.028893,0.031364,0.024859,0.225056,0.376438,c07f66d9cbf781191bee66edfe8ad7856f045781
0001829126-25-010028,2.03,test,0.514065,0.019433,0.061697,0.160421,0.089331,0.089681,0.036877,0.028496,c07f66d9cbf781191bee66edfe8ad7856f045781
0001104659-25-121390,1.03,test,0.118522,0.594023,0.047515,0.049263,0.076077,0.034559,0.021882,0.058159,c07f66d9cbf781191bee66edfe8ad7856f045781
0001493152-25-027956,1.01,test,0.367850,0.086607,0.085098,0.084767,0.087628,0.086777,0.088316,0.112957,c07f66d9cbf781191bee66edfe8ad7856f045781
0000066382-25-000139,2.02,test,0.056634,0.022904,0.779519,0.023220,0.034183,0.017630,0.041718,0.024192,c07f66d9cbf781191bee66edfe8ad7856f045781
0001477932-25-009007,1.01,test,0.803543,0.008010,0.040795,0.013519,0.017632,0.013758,0.067161,0.035582,c07f66d9cbf781191bee66edfe8ad7856f045781
0001104659-25-122563,1.03,test,0.283492,0.087223,0.092849,0.090168,0.097115,0.109831,0.129919,0.109403,c07f66d9cbf781191bee66edfe8ad7856f045781
0001193125-25-325599,2.06,test,0.662208,0.003685,0.243851,0.004667,0.010777,0.065999,0.004704,0.004111,c07f66d9cbf781191bee66edfe8ad7856f045781
0001193125-25-327862,2.02,test,0.065427,0.008149,0.864366,0.009380,0.025225,0.008118,0.010403,0.008933,c07f66d9cbf781191bee66edfe8ad7856f045781
0001193125-25-331149,1.01,test,0.653024,0.014929,0.059508,0.112761,0.094722,0.015830,0.015584,0.033643,c07f66d9cbf781191bee66edfe8ad7856f045781
0001437749-25-038702,2.04,test,0.667860,0.005579,0.034558,0.195691,0.066337,0.010586,0.007625,0.011764,c07f66d9cbf781191bee66edfe8ad7856f045781
0001104659-25-124838,2.03,test,0.159179,0.035001,0.248718,0.147649,0.192758,0.122166,0.042801,0.051728,c07f66d9cbf781191bee66edfe8ad7856f045781
0001193125-25-332152,1.03,test,0.066664,0.405783,0.089706,0.079011,0.098331,0.038432,0.154093,0.067979,c07f66d9cbf781191bee66edfe8ad7856f045781
0001193125-25-332643,3.01,test,0.082509,0.027023,0.624887,0.026971,0.038035,0.030147,0.113108,0.057320,c07f66d9cbf781191bee66edfe8ad7856f045781
0001213900-25-125838,3.01,test,0.092772,0.032312,0.195632,0.033079,0.050934,0.071270,0.476803,0.047198,c07f66d9cbf781191bee66edfe8ad7856f045781
0001437749-25-038831,1.03,test,0.502868,0.200027,0.069128,0.113154,0.090553,0.007786,0.008065,0.008419,c07f66d9cbf781191bee66edfe8ad7856f045781
0001829126-25-010328,3.01,test,0.152288,0.026697,0.235868,0.026438,0.048154,0.039611,0.415734,0.055209,c07f66d9cbf781191bee66edfe8ad7856f045781
0001140361-25-046897,5.02,test,0.275282,0.019649,0.137059,0.026031,0.056359,0.016514,0.042170,0.426938,c07f66d9cbf781191bee66edfe8ad7856f045781
0000943374-25-000530,5.02,test,0.283535,0.024077,0.076219,0.025530,0.047790,0.021795,0.088502,0.432551,c07f66d9cbf781191bee66edfe8ad7856f045781
0001437749-25-039100,1.01,test,0.736410,0.006211,0.079085,0.100052,0.053424,0.008624,0.005689,0.010504,c07f66d9cbf781191bee66edfe8ad7856f045781
