date,1 Mo,1.5 Month,2 Mo,3 Mo,4 Mo,6 Mo,1 Yr,2 Yr,3 Yr,5 Yr,7 Yr,10 Yr,20 Yr,30 Yr
2015-01-02,0.02,,,0.02,,0.11,0.25,0.66,1.07,1.61,1.92,2.12,2.41,2.69
2015-01-05,0.02,,,0.03,,0.10,0.26,0.68,1.06,1.57,1.85,2.04,2.32,2.60
2015-01-06,0.02,,,0.03,,0.10,0.25,0.65,1.02,1.50,1.78,1.97,2.25,2.52
2015-01-07,0.02,,,0.03,,0.09,0.25,0.62,1.00,1.47,1.76,1.96,2.25,2.52
2015-01-08,0.01,,,0.03,,0.08,0.23,0.62,1.00,1.50,1.81,2.03,2.33,2.59
2015-01-09,0.02,,,0.02,,0.08,0.22,0.59,0.96,1.45,1.75,1.98,2.29,2.55
2015-01-12,0.02,,,0.03,,0.09,0.19,0.56,0.91,1.39,1.69,1.92,2.23,2.49
2015-01-13,0.02,,,0.03,,0.08,0.20,0.54,0.88,1.37,1.67,1.91,2.24,2.49
2015-01-14,0.02,,,0.04,,0.09,0.18,0.51,0.83,1.33,1.62,1.86,2.20,2.47
2015-01-15,0.03,,,0.03,,0.08,0.16,0.44,0.75,1.22,1.53,1.77,2.12,2.40
2015-01-16,0.02,,,0.03,,0.07,0.17,0.49,0.80,1.29,1.60,1.83,2.17,2.44
2015-01-20,0.01,,,0.03,,0.08,0.17,0.53,0.85,1.31,1.61,1.82,2.15,2.39
2015-01-21,0.01,,,0.03,,0.08,0.17,0.53,0.87,1.35,1.66,1.87,2.20,2.44
2015-01-22,0.02,,,0.03,,0.08,0.17,0.53,0.90,1.39,1.69,1.90,2.21,2.46
2015-01-23,0.02,,,0.02,,0.07,0.17,0.52,0.86,1.33,1.62,1.81,2.12,2.38
2015-01-26,0.02,,,0.03,,0.08,0.18,0.54,0.89,1.36,1.64,1.83,2.14,2.40
2015-01-27,0.02,,,0.02,,0.08,0.17,0.54,0.87,1.34,1.62,1.83,2.15,2.40
2015-01-28,0.02,,,0.02,,0.08,0.17,0.50,0.81,1.25,1.53,1.73,2.05,2.29
2015-01-29,0.01,,,0.03,,0.07,0.17,0.51,0.84,1.28,1.59,1.77,2.11,2.33
2015-01-30,0.01,,,0.02,,0.07,0.18,0.47,0.77,1.18,1.49,1.68,2.04,2.25
2015-02-02,0.01,,,0.02,,0.07,0.17,0.49,0.78,1.19,1.49,1.68,2.07,2.25
2015-02-03,0.02,,,0.02,,0.07,0.21,0.52,0.85,1.28,1.60,1.79,2.16,2.37
2015-02-04,0.01,,,0.01,,0.06,0.20,0.52,0.86,1.29,1.61,1.81,2.17,2.39
2015-02-05,0.02,,,0.02,,0.06,0.20,0.52,0.87,1.30,1.62,1.83,2.20,2.42
2015-02-06,0.01,,,0.02,,0.07,0.26,0.65,1.03,1.48,1.77,1.95,2.28,2.51
2015-02-09,0.02,,,0.01,,0.08,0.24,0.65,1.04,1.49,1.78,1.96,2.28,2.52
2015-02-10,0.02,,,0.01,,0.08,0.25,0.67,1.05,1.52,1.82,2.01,2.33,2.58
2015-02-11,0.02,,,0.01,,0.07,0.24,0.67,1.06,1.53,1.83,2.00,2.33,2.57
2015-02-12,0.02,,,0.02,,0.07,0.23,0.61,1.02,1.50,1.81,1.99,2.33,2.58
2015-02-13,0.02,,,0.01,,0.07,0.23,0.66,1.03,1.53,1.84,2.02,2.39,2.63
2015-02-17,0.02,,,0.02,,0.07,0.25,0.70,1.10,1.62,1.95,2.14,2.49,2.73
2015-02-18,0.02,,,0.02,,0.07,0.23,0.62,1.00,1.52,1.86,2.07,2.46,2.70
2015-02-19,0.02,,,0.02,,0.07,0.23,0.67,1.05,1.58,1.92,2.11,2.50,2.73
2015-02-20,0.02,,,0.02,,0.07,0.23,0.67,1.07,1.61,1.94,2.13,2.50,2.73
2015-02-23,0.01,,,0.02,,0.08,0.22,0.64,1.03,1.56,1.88,2.06,2.44,2.66
2015-02-24,0.02,,,0.02,,0.08,0.22,0.60,0.97,1.47,1.79,1.99,2.38,2.60
2015-02-25,0.02,,,0.02,,0.07,0.21,0.61,0.98,1.47,1.78,1.96,2.35,2.56
2015-02-26,0.02,,,0.03,,0.07,0.22,0.66,1.04,1.54,1.86,2.03,2.39,2.63
2015-02-27,0.02,,,0.02,,0.07,0.22,0.63,1.01,1.50,1.82,2.00,2.38,2.60
2015-03-02,0.02,,,0.02,,0.08,0.22,0.66,1.06,1.57,1.89,2.08,2.46,2.68
2015-03-03,0.01,,,0.02,,0.08,0.26,0.68,1.09,1.61,1.94,2.12,2.49,2.71
2015-03-04,0.01,,,0.01,,0.08,0.26,0.66,1.07,1.60,1.93,2.12,2.49,2.72
2015-03-05,0.02,,,0.02,,0.08,0.25,0.65,1.05,1.57,1.90,2.11,2.49,2.71
2015-03-06,0.02,,,0.01,,0.08,0.27,0.73,1.16,1.70,2.04,2.24,2.63,2.83
2015-03-09,0.01,,,0.02,,0.10,0.27,0.70,1.13,1.66,1.99,2.20,2.58,2.80
2015-03-10,0.03,,,0.02,,0.10,0.25,0.70,1.10,1.62,1.94,2.14,2.51,2.73
2015-03-11,0.03,,,0.03,,0.10,0.25,0.70,1.09,1.60,1.92,2.11,2.47,2.69
2015-03-12,0.03,,,0.03,,0.10,0.24,0.67,1.06,1.59,1.91,2.10,2.47,2.69
2015-03-13,0.03,,,0.03,,0.11,0.24,0.68,1.07,1.60,1.93,2.13,2.48,2.70
2015-03-16,0.02,,,0.05,,0.15,0.26,0.66,1.06,1.57,1.90,2.10,2.45,2.67
2015-03-17,0.05,,,0.05,,0.15,0.27,0.70,1.07,1.56,1.87,2.06,2.40,2.61
2015-03-18,0.02,,,0.03,,0.12,0.23,0.57,0.92,1.41,1.73,1.93,2.31,2.51
2015-03-19,0.02,,,0.03,,0.12,0.26,0.63,0.99,1.48,1.79,1.98,2.33,2.54
2015-03-20,0.00,,,0.01,,0.11,0.24,0.60,0.95,1.42,1.73,1.93,2.29,2.50
2015-03-23,0.02,,,0.03,,0.11,0.24,0.60,0.93,1.41,1.71,1.92,2.29,2.51
2015-03-24,0.03,,,0.02,,0.11,0.24,0.58,0.91,1.37,1.68,1.88,2.24,2.46
2015-03-25,0.02,,,0.04,,0.11,0.25,0.59,0.94,1.41,1.73,1.93,2.28,2.50
2015-03-26,0.02,,,0.03,,0.13,0.28,0.61,0.98,1.47,1.81,2.01,2.37,2.60
2015-03-27,0.02,,,0.04,,0.12,0.27,0.58,0.92,1.42,1.74,1.95,2.29,2.53
2015-03-30,0.02,,,0.04,,0.14,0.27,0.58,0.93,1.41,1.74,1.96,2.32,2.55
2015-03-31,0.05,,,0.03,,0.14,0.26,0.56,0.89,1.37,1.71,1.94,2.31,2.54
2015-04-01,0.02,,,0.03,,0.12,0.27,0.55,0.86,1.32,1.65,1.87,2.23,2.47
2015-04-02,0.02,,,0.02,,0.10,0.25,0.55,0.87,1.35,1.69,1.92,2.29,2.53
2015-04-03,0.04,,,0.02,,0.10,0.21,0.49,0.80,1.26,1.60,1.85,2.24,2.49
2015-04-06,0.02,,,0.03,,0.10,0.21,0.51,0.83,1.31,1.67,1.92,2.31,2.57
2015-04-07,0.02,,,0.02,,0.10,0.22,0.52,0.85,1.32,1.66,1.89,2.27,2.52
2015-04-08,0.02,,,0.03,,0.10,0.22,0.54,0.86,1.35,1.68,1.92,2.28,2.53
2015-04-09,0.02,,,0.03,,0.10,0.22,0.56,0.89,1.40,1.73,1.97,2.35,2.61
2015-04-10,0.01,,,0.02,,0.09,0.24,0.57,0.91,1.41,1.73,1.96,2.33,2.58
2015-04-13,0.02,,,0.03,,0.11,0.23,0.54,0.89,1.38,1.71,1.94,2.33,2.58
2015-04-14,0.02,,,0.02,,0.10,0.23,0.53,0.85,1.34,1.67,1.90,2.29,2.54
2015-04-15,0.02,,,0.02,,0.08,0.23,0.51,0.85,1.33,1.66,1.91,2.30,2.55
2015-04-16,0.03,,,0.02,,0.08,0.22,0.50,0.81,1.31,1.64,1.90,2.31,2.56
2015-04-17,0.03,,,0.01,,0.08,0.23,0.51,0.84,1.31,1.63,1.87,2.26,2.51
2015-04-20,0.03,,,0.03,,0.10,0.24,0.55,0.86,1.33,1.65,1.90,2.31,2.56
2015-04-21,0.02,,,0.03,,0.09,0.23,0.55,0.86,1.35,1.67,1.92,2.33,2.58
2015-04-22,0.01,,,0.03,,0.10,0.23,0.57,0.91,1.41,1.75,1.99,2.42,2.66
2015-04-23,0.01,,,0.03,,0.09,0.24,0.55,0.87,1.37,1.70,1.96,2.38,2.63
2015-04-24,0.03,,,0.03,,0.10,0.24,0.54,0.84,1.34,1.68,1.93,2.36,2.62
2015-04-27,0.01,,,0.02,,0.10,0.25,0.54,0.87,1.36,1.69,1.94,2.36,2.61
2015-04-28,0.00,,,0.02,,0.09,0.24,0.56,0.90,1.39,1.75,2.00,2.42,2.68
2015-04-29,0.00,,,0.01,,0.07,0.25,0.56,0.91,1.43,1.80,2.06,2.49,2.76
2015-04-30,0.00,,,0.01,,0.06,0.24,0.58,0.91,1.43,1.79,2.05,2.49,2.75
2015-05-01,0.00,,,0.01,,0.05,0.25,0.60,0.97,1.50,1.87,2.12,2.57,2.82
2015-05-04,0.01,,,0.02,,0.08,0.25,0.60,0.96,1.51,1.90,2.16,2.62,2.88
2015-05-05,0.01,,,0.01,,0.08,0.24,0.62,1.00,1.54,1.92,2.19,2.64,2.90
2015-05-06,0.02,,,0.02,,0.08,0.25,0.65,1.03,1.58,1.97,2.25,2.72,2.98
2015-05-07,0.01,,,0.01,,0.08,0.24,0.63,1.02,1.55,1.93,2.18,2.63,2.90
2015-05-08,0.01,,,0.01,,0.08,0.23,0.59,0.96,1.50,1.89,2.16,2.63,2.90
2015-05-11,0.02,,,0.02,,0.09,0.25,0.62,1.02,1.59,2.00,2.28,2.76,3.03
2015-05-12,0.01,,,0.03,,0.09,0.25,0.61,1.00,1.58,2.00,2.28,2.75,3.02
2015-05-13,0.02,,,0.02,,0.09,0.24,0.59,0.97,1.57,2.00,2.27,2.79,3.07
2015-05-14,0.00,,,0.01,,0.08,0.23,0.56,0.91,1.51,1.94,2.23,2.76,3.03
2015-05-15,0.02,,,0.02,,0.09,0.23,0.55,0.90,1.46,1.87,2.14,2.66,2.93
2015-05-18,0.01,,,0.02,,0.08,0.22,0.58,0.95,1.54,1.95,2.23,2.75,3.02
2015-05-19,0.02,,,0.02,,0.07,0.23,0.63,1.01,1.60,2.01,2.27,2.79,3.05
2015-05-20,0.02,,,0.02,,0.08,0.23,0.60,0.98,1.57,1.98,2.26,2.79,3.06
2015-05-21,0.02,,,0.02,,0.07,0.22,0.60,0.95,1.53,1.92,2.19,2.71,2.98
2015-05-22,0.01,,,0.02,,0.08,0.23,0.64,1.01,1.57,1.96,2.21,2.73,2.99
2015-05-26,0.01,,,0.02,,0.09,0.24,0.64,0.99,1.54,1.90,2.14,2.64,2.89
2015-05-27,0.02,,,0.01,,0.09,0.27,0.64,1.00,1.53,1.90,2.14,2.63,2.88
2015-05-28,0.01,,,0.01,,0.08,0.26,0.62,0.97,1.51,1.89,2.13,2.64,2.89
2015-05-29,0.01,,,0.01,,0.06,0.26,0.61,0.94,1.49,1.86,2.12,2.63,2.88
2015-06-01,0.02,,,0.02,,0.07,0.26,0.64,0.99,1.55,1.93,2.19,2.69,2.94
2015-06-02,0.02,,,0.01,,0.07,0.26,0.64,1.02,1.61,2.01,2.27,2.77,3.02
2015-06-03,0.02,,,0.02,,0.07,0.26,0.69,1.07,1.69,2.12,2.38,2.87,3.11
2015-06-04,0.02,,,0.02,,0.08,0.27,0.66,1.04,1.65,2.05,2.31,2.78,3.03
2015-06-05,0.02,,,0.03,,0.08,0.29,0.73,1.13,1.75,2.16,2.41,2.87,3.11
2015-06-08,0.01,,,0.02,,0.09,0.27,0.70,1.09,1.72,2.13,2.39,2.86,3.11
2015-06-09,0.01,,,0.02,,0.08,0.27,0.72,1.12,1.74,2.16,2.42,2.89,3.15
2015-06-10,0.01,,,0.02,,0.10,0.28,0.75,1.15,1.80,2.22,2.50,2.96,3.22
2015-06-11,0.01,,,0.01,,0.10,0.28,0.73,1.12,1.74,2.14,2.39,2.84,3.11
2015-06-12,0.01,,,0.02,,0.10,0.28,0.74,1.12,1.75,2.15,2.39,2.84,3.10
2015-06-15,0.00,,,0.02,,0.11,0.28,0.72,1.10,1.71,2.11,2.36,2.83,3.09
2015-06-16,0.00,,,0.01,,0.11,0.28,0.71,1.08,1.68,2.07,2.32,2.79,3.06
2015-06-17,0.00,,,0.01,,0.10,0.27,0.67,1.03,1.63,2.05,2.32,2.82,3.09
2015-06-18,0.00,,,0.01,,0.08,0.26,0.66,1.03,1.65,2.08,2.35,2.86,3.14
2015-06-19,0.00,,,0.01,,0.05,0.25,0.65,0.99,1.59,1.99,2.26,2.76,3.05
2015-06-22,0.00,,,0.01,,0.08,0.27,0.68,1.06,1.68,2.10,2.37,2.87,3.16
2015-06-23,0.00,,,0.01,,0.09,0.30,0.70,1.07,1.71,2.14,2.42,2.92,3.20
2015-06-24,0.00,,,0.01,,0.08,0.30,0.68,1.06,1.69,2.12,2.38,2.87,3.16
2015-06-25,0.00,,,0.01,,0.07,0.29,0.68,1.06,1.70,2.14,2.40,2.88,3.16
2015-06-26,0.00,,,0.01,,0.08,0.29,0.72,1.09,1.75,2.20,2.49,2.98,3.25
2015-06-29,0.00,,,0.02,,0.11,0.27,0.64,1.00,1.62,2.05,2.33,2.82,3.09
2015-06-30,0.02,,,0.01,,0.11,0.28,0.64,1.01,1.63,2.07,2.35,2.83,3.11
2015-07-01,0.01,,,0.01,,0.13,0.28,0.69,1.08,1.70,2.14,2.43,2.92,3.20
2015-07-02,0.01,,,0.01,,0.10,0.26,0.64,1.01,1.64,2.09,2.40,2.90,3.19
2015-07-06,0.01,,,0.02,,0.09,0.26,0.60,0.95,1.56,2.00,2.30,2.78,3.08
2015-07-07,0.02,,,0.02,,0.08,0.25,0.58,0.96,1.55,1.98,2.27,2.74,3.04
2015-07-08,0.02,,,0.02,,0.08,0.24,0.55,0.91,1.50,1.92,2.22,2.69,2.99
2015-07-09,0.02,,,0.03,,0.08,0.25,0.60,0.95,1.58,2.01,2.32,2.80,3.11
2015-07-10,0.01,,,0.01,,0.09,0.28,0.65,1.04,1.68,2.12,2.42,2.91,3.20
2015-07-13,0.02,,,0.02,,0.10,0.28,0.69,1.06,1.71,2.14,2.44,2.92,3.21
2015-07-14,0.03,,,0.01,,0.10,0.27,0.66,1.03,1.67,2.10,2.41,2.90,3.20
2015-07-15,0.03,,,0.02,,0.11,0.28,0.64,1.00,1.63,2.05,2.36,2.83,3.13
2015-07-16,0.03,,,0.02,,0.10,0.29,0.67,1.05,1.66,2.07,2.36,2.81,3.11
2015-07-17,0.03,,,0.03,,0.11,0.29,0.68,1.05,1.67,2.07,2.34,2.77,3.08
2015-07-20,0.03,,,0.04,,0.14,0.31,0.71,1.09,1.72,2.11,2.38,2.79,3.10
2015-07-21,0.04,,,0.03,,0.13,0.34,0.71,1.07,1.69,2.08,2.35,2.77,3.08
2015-07-22,0.04,,,0.04,,0.13,0.34,0.75,1.08,1.69,2.07,2.33,2.73,3.04
2015-07-23,0.04,,,0.03,,0.13,0.33,0.71,1.06,1.65,2.03,2.28,2.67,2.98
2015-07-24,0.04,,,0.04,,0.14,0.32,0.70,1.04,1.64,2.02,2.27,2.67,2.96
2015-07-27,0.04,,,0.05,,0.15,0.32,0.68,1.00,1.58,1.96,2.23,2.64,2.93
2015-07-28,0.05,,,0.05,,0.14,0.32,0.69,1.03,1.61,1.99,2.26,2.66,2.96
2015-07-29,0.05,,,0.06,,0.14,0.33,0.70,1.05,1.62,2.02,2.29,2.69,2.99
2015-07-30,0.05,,,0.07,,0.15,0.36,0.72,1.07,1.62,2.02,2.28,2.66,2.96
2015-07-31,0.04,,,0.08,,0.14,0.33,0.67,1.00,1.54,1.93,2.20,2.61,2.92
2015-08-03,0.03,,,0.08,,0.17,0.33,0.68,0.99,1.52,1.89,2.16,2.55,2.86
2015-08-04,0.05,,,0.08,,0.18,0.37,0.74,1.08,1.60,1.97,2.23,2.59,2.90
2015-08-05,0.05,,,0.08,,0.19,0.38,0.73,1.10,1.65,2.02,2.28,2.64,2.94
2015-08-06,0.04,,,0.04,,0.20,0.35,0.71,1.08,1.62,1.98,2.23,2.59,2.90
2015-08-07,0.03,,,0.06,,0.23,0.38,0.73,1.08,1.59,1.93,2.18,2.52,2.83
2015-08-10,0.03,,,0.12,,0.24,0.40,0.73,1.09,1.62,1.98,2.24,2.58,2.89
2015-08-11,0.06,,,0.10,,0.23,0.37,0.68,1.03,1.53,1.89,2.15,2.50,2.81
2015-08-12,0.06,,,0.10,,0.22,0.37,0.67,1.01,1.52,1.88,2.14,2.52,2.84
2015-08-13,0.06,,,0.10,,0.24,0.40,0.72,1.06,1.58,1.94,2.19,2.54,2.86
2015-08-14,0.04,,,0.09,,0.25,0.41,0.73,1.08,1.61,1.96,2.20,2.54,2.84
2015-08-17,0.03,,,0.10,,0.24,0.40,0.72,1.07,1.58,1.92,2.16,2.51,2.81
2015-08-18,0.05,,,0.07,,0.25,0.42,0.74,1.07,1.60,1.95,2.20,2.56,2.87
2015-08-19,0.05,,,0.05,,0.22,0.39,0.67,0.98,1.50,1.85,2.12,2.49,2.81
2015-08-20,0.01,,,0.02,,0.22,0.39,0.69,1.00,1.50,1.84,2.09,2.45,2.76
2015-08-21,0.02,,,0.03,,0.21,0.36,0.64,0.95,1.44,1.79,2.05,2.44,2.74
2015-08-24,0.02,,,0.06,,0.20,0.33,0.59,0.90,1.39,1.75,2.01,2.42,2.73
2015-08-25,0.04,,,0.07,,0.19,0.36,0.67,0.98,1.48,1.86,2.12,2.54,2.84
2015-08-26,0.03,,,0.06,,0.20,0.35,0.67,0.98,1.49,1.90,2.18,2.64,2.94
2015-08-27,0.02,,,0.06,,0.22,0.36,0.68,0.99,1.49,1.91,2.18,2.61,2.93
2015-08-28,0.02,,,0.06,,0.25,0.38,0.72,1.04,1.52,1.92,2.19,2.61,2.92
2015-08-31,0.00,,,0.08,,0.27,0.39,0.74,1.07,1.54,1.94,2.21,2.64,2.95
2015-09-01,0.01,,,0.03,,0.26,0.39,0.70,1.03,1.49,1.89,2.17,2.62,2.93
2015-09-02,0.01,,,0.03,,0.25,0.37,0.72,1.04,1.52,1.92,2.20,2.66,2.97
2015-09-03,0.02,,,0.02,,0.24,0.36,0.71,1.00,1.49,1.90,2.18,2.64,2.95
2015-09-04,0.02,,,0.02,,0.23,0.36,0.71,1.00,1.47,1.85,2.13,2.58,2.89
2015-09-08,0.02,,,0.06,,0.27,0.39,0.74,1.05,1.53,1.92,2.20,2.66,2.97
2015-09-09,0.02,,,0.03,,0.26,0.39,0.75,1.06,1.53,1.91,2.21,2.64,2.96
2015-09-10,0.02,,,0.02,,0.25,0.39,0.75,1.06,1.55,1.93,2.23,2.66,2.98
2015-09-11,0.04,,,0.04,,0.25,0.40,0.71,1.03,1.52,1.89,2.20,2.63,2.95
2015-09-14,0.02,,,0.07,,0.26,0.40,0.73,1.03,1.51,1.88,2.18,2.62,2.95
2015-09-15,0.00,,,0.07,,0.27,0.47,0.82,1.12,1.61,1.99,2.28,2.73,3.06
2015-09-16,0.00,,,0.06,,0.24,0.46,0.82,1.13,1.62,2.01,2.30,2.75,3.08
2015-09-17,0.00,,,0.01,,0.16,0.39,0.70,1.00,1.50,1.90,2.21,2.69,3.02
2015-09-18,0.00,,,0.00,,0.10,0.35,0.69,0.97,1.45,1.83,2.13,2.58,2.93
2015-09-21,0.00,,,0.01,,0.11,0.36,0.72,1.01,1.51,1.90,2.20,2.67,3.02
2015-09-22,0.00,,,0.00,,0.10,0.35,0.69,0.97,1.44,1.83,2.14,2.60,2.94
2015-09-23,0.00,,,0.01,,0.09,0.34,0.70,1.00,1.47,1.85,2.16,2.60,2.95
2015-09-24,0.00,,,0.01,,0.09,0.32,0.67,0.97,1.44,1.84,2.13,2.55,2.91
2015-09-25,0.00,,,0.00,,0.07,0.35,0.70,1.00,1.48,1.87,2.17,2.60,2.96
2015-09-28,0.00,,,0.01,,0.10,0.34,0.67,0.97,1.42,1.80,2.10,2.51,2.87
2015-09-29,0.00,,,0.01,,0.09,0.33,0.64,0.92,1.37,1.74,2.05,2.48,2.85
2015-09-30,0.00,,,0.00,,0.08,0.33,0.64,0.92,1.37,1.75,2.06,2.51,2.87
2015-10-01,0.00,,,0.00,,0.08,0.31,0.64,0.92,1.37,1.75,2.05,2.49,2.85
2015-10-02,0.00,,,0.00,,0.06,0.25,0.58,0.85,1.29,1.67,1.99,2.44,2.82
2015-10-05,0.00,,,0.01,,0.06,0.26,0.61,0.89,1.35,1.74,2.07,2.52,2.90
2015-10-06,0.00,,,0.00,,0.07,0.26,0.61,0.90,1.34,1.72,2.05,2.50,2.88
2015-10-07,0.00,,,0.00,,0.08,0.27,0.65,0.92,1.37,1.75,2.08,2.51,2.89
2015-10-08,0.00,,,0.00,,0.07,0.27,0.65,0.93,1.40,1.79,2.12,2.56,2.96
2015-10-09,0.01,,,0.01,,0.07,0.28,0.65,0.96,1.41,1.80,2.12,2.55,2.94
2015-10-13,0.00,,,0.01,,0.08,0.27,0.64,0.92,1.36,1.74,2.06,2.49,2.89
2015-10-14,0.00,,,0.00,,0.08,0.21,0.57,0.84,1.29,1.66,1.99,2.42,2.84
2015-10-15,0.00,,,0.01,,0.08,0.22,0.61,0.90,1.34,1.72,2.04,2.46,2.87
2015-10-16,0.03,,,0.01,,0.07,0.23,0.61,0.91,1.36,1.73,2.04,2.46,2.87
2015-10-19,0.06,,,0.02,,0.12,0.23,0.61,0.89,1.35,1.73,2.04,2.48,2.89
2015-10-20,0.08,,,0.02,,0.12,0.23,0.66,0.93,1.40,1.78,2.08,2.53,2.92
2015-10-21,0.01,,,0.01,,0.12,0.23,0.64,0.91,1.37,1.74,2.04,2.48,2.87
2015-10-22,0.02,,,0.00,,0.11,0.23,0.61,0.89,1.36,1.74,2.04,2.48,2.87
2015-10-23,0.01,,,0.01,,0.13,0.24,0.66,0.94,1.43,1.81,2.09,2.54,2.90
2015-10-26,0.01,,,0.02,,0.16,0.25,0.66,0.94,1.41,1.78,2.07,2.50,2.87
2015-10-27,0.01,,,0.03,,0.18,0.29,0.65,0.92,1.38,1.75,2.05,2.48,2.86
2015-10-28,0.03,,,0.04,,0.21,0.33,0.73,1.00,1.47,1.83,2.10,2.50,2.87
2015-10-29,0.02,,,0.07,,0.21,0.33,0.75,1.05,1.53,1.90,2.19,2.60,2.96
2015-10-30,0.01,,,0.08,,0.23,0.34,0.75,1.05,1.52,1.88,2.16,2.57,2.93
2015-11-02,0.01,,,0.08,,0.27,0.37,0.77,1.08,1.57,1.93,2.20,2.60,2.95
2015-11-03,0.07,,,0.06,,0.26,0.39,0.80,1.10,1.59,1.96,2.23,2.65,3.00
2015-11-04,0.07,,,0.05,,0.27,0.40,0.84,1.16,1.64,1.99,2.25,2.66,3.00
2015-11-05,0.04,,,0.05,,0.27,0.42,0.85,1.16,1.65,2.00,2.26,2.68,3.01
2015-11-06,0.04,,,0.08,,0.32,0.47,0.90,1.23,1.73,2.09,2.34,2.76,3.09
2015-11-09,0.06,,,0.14,,0.34,0.47,0.89,1.27,1.75,2.11,2.36,2.79,3.12
2015-11-10,0.08,,,0.13,,0.34,0.51,0.87,1.22,1.72,2.08,2.32,2.76,3.10
2015-11-12,0.08,,,0.14,,0.35,0.51,0.89,1.24,1.73,2.09,2.32,2.75,3.09
2015-11-13,0.03,,,0.14,,0.31,0.50,0.86,1.20,1.67,2.05,2.28,2.72,3.06
2015-11-16,0.05,,,0.15,,0.33,0.50,0.88,1.18,1.66,2.02,2.27,2.72,3.07
2015-11-17,0.07,,,0.14,,0.34,0.50,0.86,1.18,1.66,2.02,2.25,2.69,3.04
2015-11-18,0.07,,,0.12,,0.31,0.49,0.90,1.21,1.69,2.04,2.27,2.70,3.04
2015-11-19,0.06,,,0.11,,0.31,0.49,0.91,1.21,1.68,2.02,2.24,2.66,3.00
2015-11-20,0.05,,,0.12,,0.31,0.49,0.93,1.23,1.70,2.04,2.26,2.68,3.02
2015-11-23,0.06,,,0.14,,0.35,0.50,0.94,1.26,1.70,2.03,2.25,2.66,3.00
2015-11-24,0.13,,,0.16,,0.36,0.52,0.93,1.23,1.66,2.01,2.24,2.65,3.00
2015-11-25,0.14,,,0.19,,0.39,0.52,0.93,1.25,1.66,2.01,2.23,2.64,3.00
2015-11-27,0.13,,,0.18,,0.38,0.50,0.92,1.23,1.64,1.99,2.22,2.64,3.00
2015-11-30,0.11,,,0.22,,0.42,0.51,0.94,1.24,1.65,1.99,2.21,2.63,2.98
2015-12-01,0.19,,,0.21,,0.42,0.51,0.91,1.19,1.59,1.93,2.15,2.55,2.91
2015-12-02,0.19,,,0.21,,0.42,0.52,0.94,1.23,1.63,1.97,2.18,2.55,2.91
2015-12-03,0.18,,,0.21,,0.45,0.57,0.96,1.27,1.74,2.10,2.33,2.72,3.07
2015-12-04,0.17,,,0.23,,0.49,0.60,0.96,1.25,1.71,2.06,2.28,2.65,3.01
2015-12-07,0.21,,,0.29,,0.57,0.67,0.94,1.24,1.67,2.02,2.23,2.59,2.95
2015-12-08,0.23,,,0.27,,0.58,0.76,0.94,1.25,1.68,2.02,2.24,2.61,2.97
2015-12-09,0.19,,,0.26,,0.53,0.72,0.93,1.22,1.64,1.99,2.22,2.59,2.97
2015-12-10,0.19,,,0.24,,0.55,0.71,0.95,1.25,1.68,2.03,2.24,2.60,2.98
2015-12-11,0.15,,,0.23,,0.52,0.68,0.88,1.16,1.56,1.91,2.13,2.49,2.87
2015-12-14,0.13,,,0.26,,0.54,0.68,0.97,1.25,1.66,2.02,2.23,2.59,2.96
2015-12-15,0.21,,,0.25,,0.54,0.69,0.98,1.29,1.71,2.06,2.28,2.62,3.00
2015-12-16,0.20,,,0.27,,0.51,0.70,1.02,1.35,1.75,2.11,2.30,2.65,3.02
2015-12-17,0.18,,,0.23,,0.48,0.69,1.00,1.33,1.73,2.05,2.24,2.57,2.94
2015-12-18,0.16,,,0.19,,0.47,0.67,0.97,1.27,1.67,2.00,2.19,2.54,2.90
2015-12-21,0.14,,,0.24,,0.51,0.64,0.96,1.28,1.67,2.00,2.20,2.55,2.92
2015-12-22,0.19,,,0.21,,0.47,0.66,0.99,1.31,1.71,2.04,2.24,2.60,2.96
2015-12-23,0.19,,,0.20,,0.47,0.65,1.01,1.32,1.74,2.07,2.27,2.64,3.00
2015-12-24,0.15,,,0.20,,0.49,0.64,1.03,1.33,1.73,2.06,2.25,2.61,2.96
2015-12-28,0.13,,,0.23,,0.51,0.66,1.05,1.33,1.73,2.05,2.24,2.59,2.95
2015-12-29,0.18,,,0.23,,0.50,0.67,1.09,1.38,1.81,2.12,2.32,2.69,3.04
2015-12-30,0.08,,,0.21,,0.47,0.64,1.08,1.36,1.80,2.14,2.31,2.69,3.04
2015-12-31,0.14,,,0.16,,0.49,0.65,1.06,1.31,1.76,2.09,2.27,2.67,3.01
2016-01-04,0.17,,,0.22,,0.49,0.61,1.02,1.31,1.73,2.06,2.24,2.64,2.98
2016-01-05,0.20,,,0.20,,0.49,0.68,1.04,1.32,1.73,2.06,2.25,2.67,3.01
2016-01-06,0.21,,,0.21,,0.47,0.67,0.99,1.26,1.65,1.98,2.18,2.59,2.94
2016-01-07,0.20,,,0.20,,0.46,0.66,0.96,1.22,1.61,1.94,2.16,2.56,2.92
2016-01-08,0.20,,,0.20,,0.45,0.64,0.94,1.20,1.57,1.91,2.13,2.55,2.91
2016-01-11,0.19,,,0.21,,0.48,0.63,0.94,1.20,1.58,1.94,2.17,2.59,2.96
2016-01-12,0.22,,,0.21,,0.47,0.62,0.93,1.18,1.55,1.88,2.12,2.51,2.89
2016-01-13,0.22,,,0.22,,0.46,0.60,0.91,1.15,1.51,1.85,2.08,2.47,2.85
2016-01-14,0.22,,,0.25,,0.43,0.55,0.90,1.14,1.52,1.87,2.10,2.51,2.90
2016-01-15,0.19,,,0.24,,0.37,0.49,0.85,1.08,1.46,1.79,2.03,2.44,2.81
2016-01-19,0.21,,,0.26,,0.37,0.48,0.88,1.11,1.49,1.82,2.06,2.45,2.82
2016-01-20,0.26,,,0.26,,0.35,0.43,0.85,1.06,1.44,1.76,2.01,2.41,2.77
2016-01-21,0.27,,,0.28,,0.38,0.44,0.84,1.06,1.44,1.77,2.02,2.42,2.79
2016-01-22,0.26,,,0.31,,0.41,0.47,0.88,1.11,1.49,1.81,2.07,2.46,2.83
2016-01-25,0.25,,,0.31,,0.42,0.47,0.88,1.10,1.47,1.79,2.03,2.42,2.80
2016-01-26,0.29,,,0.31,,0.45,0.47,0.85,1.07,1.45,1.76,2.01,2.41,2.79
2016-01-27,0.28,,,0.32,,0.43,0.47,0.84,1.07,1.43,1.76,2.02,2.42,2.80
2016-01-28,0.26,,,0.35,,0.45,0.47,0.83,1.05,1.40,1.75,2.00,2.41,2.79
2016-01-29,0.22,,,0.33,,0.43,0.47,0.76,0.97,1.33,1.67,1.94,2.36,2.75
2016-02-01,0.19,,,0.35,,0.47,0.47,0.81,1.01,1.38,1.72,1.97,2.38,2.77
2016-02-02,0.26,,,0.34,,0.47,0.54,0.75,0.93,1.28,1.61,1.87,2.27,2.67
2016-02-03,0.27,,,0.33,,0.46,0.54,0.72,0.91,1.27,1.61,1.88,2.30,2.70
2016-02-04,0.24,,,0.29,,0.43,0.52,0.70,0.90,1.25,1.60,1.87,2.29,2.70
2016-02-05,0.23,,,0.30,,0.45,0.55,0.74,0.91,1.25,1.58,1.86,2.27,2.68
2016-02-08,0.21,,,0.32,,0.42,0.51,0.66,0.83,1.16,1.48,1.75,2.17,2.56
2016-02-09,0.27,,,0.30,,0.43,0.52,0.69,0.85,1.15,1.47,1.74,2.16,2.55
2016-02-10,0.27,,,0.31,,0.42,0.52,0.71,0.85,1.15,1.46,1.71,2.13,2.53
2016-02-11,0.27,,,0.28,,0.39,0.47,0.64,0.81,1.11,1.39,1.63,2.06,2.50
2016-02-12,0.26,,,0.30,,0.39,0.51,0.71,0.89,1.20,1.50,1.74,2.15,2.60
2016-02-16,0.23,,,0.30,,0.42,0.51,0.74,0.91,1.23,1.53,1.78,2.19,2.64
2016-02-17,0.28,,,0.30,,0.43,0.53,0.74,0.93,1.26,1.57,1.81,2.24,2.68
2016-02-18,0.28,,,0.30,,0.45,0.53,0.71,0.88,1.21,1.51,1.75,2.17,2.62
2016-02-19,0.26,,,0.31,,0.46,0.53,0.76,0.91,1.24,1.53,1.76,2.17,2.61
2016-02-22,0.28,,,0.33,,0.46,0.55,0.78,0.92,1.25,1.54,1.77,2.18,2.62
2016-02-23,0.28,,,0.32,,0.47,0.55,0.76,0.90,1.23,1.51,1.74,2.16,2.60
2016-02-24,0.28,,,0.33,,0.46,0.55,0.75,0.90,1.21,1.52,1.75,2.16,2.61
2016-02-25,0.27,,,0.32,,0.46,0.56,0.72,0.85,1.16,1.47,1.71,2.14,2.58
2016-02-26,0.26,,,0.33,,0.47,0.60,0.80,0.93,1.23,1.55,1.76,2.20,2.63
2016-02-29,0.23,,,0.33,,0.49,0.62,0.78,0.91,1.22,1.52,1.74,2.19,2.61
2016-03-01,0.29,,,0.33,,0.50,0.68,0.85,0.98,1.31,1.62,1.83,2.28,2.70
2016-03-02,0.28,,,0.36,,0.48,0.67,0.85,1.00,1.34,1.65,1.84,2.27,2.69
2016-03-03,0.25,,,0.28,,0.46,0.65,0.85,0.99,1.33,1.63,1.83,2.23,2.65
2016-03-04,0.25,,,0.29,,0.47,0.67,0.88,1.04,1.38,1.69,1.88,2.29,2.70
2016-03-07,0.27,,,0.32,,0.49,0.67,0.91,1.08,1.42,1.72,1.91,2.30,2.71
2016-03-08,0.27,,,0.29,,0.48,0.68,0.88,1.04,1.34,1.64,1.83,2.22,2.63
2016-03-09,0.27,,,0.30,,0.47,0.68,0.90,1.07,1.39,1.69,1.90,2.27,2.68
2016-03-10,0.27,,,0.32,,0.50,0.69,0.93,1.11,1.45,1.75,1.93,2.29,2.70
2016-03-11,0.27,,,0.33,,0.51,0.70,0.97,1.16,1.49,1.79,1.98,2.34,2.75
2016-03-14,0.28,,,0.34,,0.52,0.70,0.97,1.15,1.49,1.78,1.97,2.33,2.74
2016-03-15,0.29,,,0.34,,0.52,0.71,0.98,1.16,1.50,1.78,1.97,2.33,2.73
2016-03-16,0.28,,,0.31,,0.47,0.66,0.87,1.05,1.41,1.72,1.94,2.32,2.73
2016-03-17,0.29,,,0.29,,0.47,0.64,0.87,1.04,1.39,1.70,1.91,2.28,2.69
2016-03-18,0.27,,,0.30,,0.44,0.62,0.84,1.00,1.34,1.66,1.88,2.26,2.68
2016-03-21,0.26,,,0.31,,0.46,0.63,0.87,1.05,1.38,1.70,1.92,2.31,2.72
2016-03-22,0.28,,,0.30,,0.46,0.64,0.91,1.08,1.42,1.74,1.94,2.32,2.72
2016-03-23,0.27,,,0.30,,0.46,0.64,0.87,1.03,1.37,1.67,1.88,2.25,2.65
2016-03-24,0.24,,,0.30,,0.46,0.63,0.89,1.05,1.39,1.70,1.91,2.28,2.67
2016-03-28,0.19,,,0.29,,0.49,0.65,0.89,1.04,1.37,1.68,1.89,2.26,2.66
2016-03-29,0.18,,,0.23,,0.45,0.63,0.78,0.94,1.29,1.59,1.81,2.20,2.60
2016-03-30,0.14,,,0.20,,0.39,0.61,0.76,0.91,1.26,1.60,1.83,2.24,2.65
2016-03-31,0.18,,,0.21,,0.39,0.59,0.73,0.87,1.21,1.54,1.78,2.20,2.61
2016-04-01,0.20,,,0.23,,0.40,0.62,0.76,0.90,1.24,1.56,1.79,2.20,2.62
2016-04-04,0.18,,,0.23,,0.38,0.59,0.75,0.88,1.22,1.53,1.78,2.19,2.60
2016-04-05,0.19,,,0.23,,0.36,0.56,0.72,0.85,1.17,1.49,1.73,2.13,2.54
2016-04-06,0.19,,,0.23,,0.36,0.55,0.73,0.88,1.20,1.52,1.76,2.17,2.58
2016-04-07,0.20,,,0.23,,0.36,0.52,0.70,0.83,1.14,1.46,1.70,2.10,2.52
2016-04-08,0.20,,,0.23,,0.34,0.54,0.70,0.84,1.16,1.47,1.72,2.13,2.55
2016-04-11,0.19,,,0.23,,0.34,0.53,0.70,0.85,1.16,1.48,1.73,2.14,2.56
2016-04-12,0.21,,,0.22,,0.34,0.54,0.74,0.90,1.22,1.54,1.79,2.18,2.61
2016-04-13,0.21,,,0.23,,0.36,0.55,0.75,0.90,1.22,1.53,1.77,2.16,2.58
2016-04-14,0.21,,,0.22,,0.37,0.55,0.77,0.92,1.26,1.57,1.80,2.18,2.61
2016-04-15,0.19,,,0.22,,0.37,0.53,0.74,0.87,1.22,1.52,1.76,2.14,2.56
2016-04-18,0.16,,,0.22,,0.35,0.52,0.75,0.90,1.24,1.54,1.78,2.17,2.58
2016-04-19,0.18,,,0.21,,0.36,0.53,0.77,0.92,1.26,1.57,1.79,2.19,2.60
2016-04-20,0.18,,,0.23,,0.36,0.54,0.80,0.97,1.32,1.63,1.85,2.25,2.66
2016-04-21,0.19,,,0.23,,0.37,0.56,0.82,0.98,1.35,1.65,1.88,2.29,2.69
2016-04-22,0.19,,,0.23,,0.38,0.56,0.84,1.01,1.37,1.67,1.89,2.30,2.70
2016-04-25,0.17,,,0.25,,0.40,0.57,0.85,1.01,1.38,1.69,1.91,2.32,2.72
2016-04-26,0.19,,,0.24,,0.43,0.61,0.86,1.04,1.40,1.72,1.94,2.35,2.76
2016-04-27,0.18,,,0.24,,0.40,0.58,0.83,0.99,1.33,1.64,1.87,2.30,2.71
2016-04-28,0.17,,,0.22,,0.39,0.56,0.78,0.93,1.28,1.60,1.84,2.27,2.68
2016-04-29,0.16,,,0.22,,0.40,0.56,0.77,0.92,1.28,1.60,1.83,2.26,2.66
2016-05-02,0.11,,,0.22,,0.41,0.55,0.80,0.96,1.32,1.64,1.88,2.31,2.71
2016-05-03,0.18,,,0.21,,0.40,0.53,0.75,0.92,1.25,1.57,1.81,2.24,2.66
2016-05-04,0.18,,,0.19,,0.39,0.52,0.75,0.89,1.23,1.55,1.79,2.22,2.64
2016-05-05,0.20,,,0.20,,0.39,0.51,0.72,0.87,1.20,1.52,1.76,2.17,2.60
2016-05-06,0.20,,,0.19,,0.39,0.51,0.74,0.90,1.23,1.55,1.79,2.20,2.62
2016-05-09,0.21,,,0.24,,0.38,0.51,0.72,0.86,1.20,1.51,1.77,2.18,2.61
2016-05-10,0.25,,,0.24,,0.36,0.52,0.72,0.88,1.20,1.52,1.77,2.18,2.61
2016-05-11,0.25,,,0.26,,0.37,0.53,0.74,0.87,1.20,1.51,1.73,2.15,2.58
2016-05-12,0.25,,,0.27,,0.37,0.54,0.76,0.92,1.24,1.54,1.75,2.18,2.60
2016-05-13,0.25,,,0.29,,0.38,0.55,0.76,0.91,1.22,1.51,1.71,2.14,2.55
2016-05-16,0.21,,,0.28,,0.38,0.57,0.79,0.94,1.26,1.55,1.75,2.18,2.59
2016-05-17,0.25,,,0.28,,0.40,0.58,0.82,0.97,1.29,1.57,1.76,2.18,2.59
2016-05-18,0.25,,,0.30,,0.43,0.63,0.90,1.08,1.41,1.69,1.87,2.27,2.67
2016-05-19,0.25,,,0.31,,0.43,0.64,0.89,1.06,1.38,1.67,1.85,2.24,2.64
2016-05-20,0.26,,,0.33,,0.46,0.67,0.89,1.05,1.38,1.65,1.85,2.24,2.63
2016-05-23,0.26,,,0.35,,0.48,0.69,0.91,1.05,1.38,1.65,1.84,2.23,2.63
2016-05-24,0.28,,,0.35,,0.48,0.69,0.92,1.08,1.41,1.68,1.86,2.25,2.65
2016-05-25,0.24,,,0.33,,0.47,0.67,0.92,1.08,1.40,1.69,1.87,2.27,2.67
2016-05-26,0.17,,,0.31,,0.46,0.65,0.87,1.03,1.35,1.65,1.83,2.24,2.64
2016-05-27,0.23,,,0.32,,0.47,0.68,0.90,1.06,1.39,1.67,1.85,2.25,2.65
2016-05-31,0.27,,,0.34,,0.49,0.68,0.87,1.03,1.37,1.66,1.84,2.23,2.64
2016-06-01,0.27,,,0.30,,0.49,0.70,0.91,1.07,1.39,1.67,1.85,2.22,2.63
2016-06-02,0.19,,,0.29,,0.48,0.68,0.89,1.03,1.36,1.63,1.81,2.17,2.58
2016-06-03,0.19,,,0.30,,0.43,0.60,0.78,0.92,1.23,1.50,1.71,2.09,2.52
2016-06-06,0.19,,,0.28,,0.43,0.60,0.80,0.94,1.25,1.53,1.73,2.12,2.55
2016-06-07,0.20,,,0.28,,0.43,0.59,0.78,0.94,1.23,1.51,1.72,2.10,2.54
2016-06-08,0.20,,,0.24,,0.43,0.60,0.78,0.93,1.23,1.51,1.71,2.08,2.51
2016-06-09,0.21,,,0.26,,0.43,0.59,0.77,0.91,1.22,1.49,1.68,2.05,2.48
2016-06-10,0.18,,,0.26,,0.42,0.57,0.73,0.87,1.17,1.44,1.64,2.02,2.44
2016-06-13,0.23,,,0.27,,0.40,0.55,0.73,0.84,1.14,1.42,1.62,2.01,2.43
2016-06-14,0.24,,,0.27,,0.41,0.55,0.74,0.85,1.15,1.42,1.62,2.00,2.43
2016-06-15,0.23,,,0.26,,0.37,0.52,0.69,0.81,1.10,1.38,1.60,1.99,2.43
2016-06-16,0.23,,,0.27,,0.36,0.53,0.70,0.81,1.10,1.37,1.57,1.96,2.39
2016-06-17,0.22,,,0.27,,0.37,0.51,0.70,0.83,1.13,1.41,1.62,1.99,2.43
2016-06-20,0.23,,,0.28,,0.41,0.56,0.74,0.87,1.17,1.45,1.67,2.03,2.47
2016-06-21,0.25,,,0.27,,0.41,0.57,0.76,0.89,1.22,1.49,1.71,2.07,2.50
2016-06-22,0.25,,,0.27,,0.40,0.56,0.75,0.88,1.20,1.49,1.69,2.06,2.50
2016-06-23,0.27,,,0.31,,0.43,0.58,0.78,0.92,1.25,1.54,1.74,2.12,2.55
2016-06-24,0.24,,,0.27,,0.38,0.48,0.64,0.76,1.08,1.35,1.57,1.96,2.42
2016-06-27,0.22,,,0.27,,0.35,0.45,0.61,0.70,1.00,1.26,1.46,1.83,2.28
2016-06-28,0.25,,,0.26,,0.35,0.45,0.61,0.71,1.00,1.26,1.46,1.83,2.27
2016-06-29,0.18,,,0.26,,0.35,0.46,0.62,0.74,1.03,1.30,1.50,1.86,2.30
2016-06-30,0.20,,,0.26,,0.36,0.45,0.58,0.71,1.01,1.29,1.49,1.86,2.30
2016-07-01,0.24,,,0.28,,0.37,0.45,0.59,0.71,1.00,1.27,1.46,1.81,2.24
2016-07-05,0.27,,,0.28,,0.35,0.44,0.56,0.66,0.94,1.19,1.37,1.72,2.14
2016-07-06,0.26,,,0.27,,0.36,0.46,0.58,0.69,0.95,1.20,1.38,1.72,2.14
2016-07-07,0.27,,,0.29,,0.37,0.47,0.58,0.69,0.97,1.21,1.40,1.72,2.14
2016-07-08,0.26,,,0.28,,0.36,0.48,0.61,0.71,0.95,1.19,1.37,1.69,2.11
2016-07-11,0.28,,,0.31,,0.40,0.50,0.66,0.77,1.03,1.27,1.43,1.73,2.14
2016-07-12,0.29,,,0.29,,0.40,0.52,0.69,0.81,1.10,1.35,1.53,1.82,2.24
2016-07-13,0.29,,,0.31,,0.40,0.51,0.68,0.80,1.07,1.32,1.48,1.77,2.18
2016-07-14,0.29,,,0.32,,0.41,0.53,0.68,0.82,1.10,1.36,1.53,1.84,2.25
2016-07-15,0.27,,,0.32,,0.42,0.52,0.71,0.87,1.15,1.42,1.60,1.90,2.30
2016-07-18,0.26,,,0.32,,0.44,0.52,0.68,0.85,1.14,1.40,1.59,1.90,2.30
2016-07-19,0.29,,,0.31,,0.44,0.56,0.70,0.84,1.12,1.38,1.56,1.88,2.27
2016-07-20,0.28,,,0.32,,0.44,0.56,0.73,0.86,1.15,1.41,1.59,1.91,2.30
2016-07-21,0.28,,,0.32,,0.44,0.54,0.70,0.82,1.11,1.38,1.57,1.90,2.29
2016-07-22,0.29,,,0.33,,0.44,0.55,0.71,0.84,1.13,1.40,1.57,1.90,2.29
2016-07-25,0.28,,,0.32,,0.44,0.55,0.72,0.87,1.15,1.41,1.58,1.90,2.29
2016-07-26,0.24,,,0.31,,0.43,0.55,0.75,0.87,1.15,1.40,1.57,1.89,2.28
2016-07-27,0.25,,,0.31,,0.40,0.53,0.73,0.83,1.10,1.35,1.52,1.84,2.23
2016-07-28,0.19,,,0.25,,0.39,0.53,0.72,0.82,1.09,1.35,1.52,1.83,2.23
2016-07-29,0.19,,,0.28,,0.38,0.50,0.67,0.76,1.03,1.29,1.46,1.78,2.18
2016-08-01,0.20,,,0.29,,0.40,0.50,0.67,0.78,1.06,1.33,1.51,1.84,2.24
2016-08-02,0.28,,,0.29,,0.41,0.50,0.67,0.79,1.07,1.36,1.55,1.88,2.29
2016-08-03,0.26,,,0.28,,0.42,0.53,0.67,0.78,1.07,1.35,1.55,1.88,2.29
2016-08-04,0.24,,,0.26,,0.41,0.51,0.64,0.76,1.03,1.31,1.51,1.84,2.25
2016-08-05,0.23,,,0.28,,0.45,0.56,0.72,0.86,1.13,1.41,1.59,1.91,2.32
2016-08-08,0.27,,,0.31,,0.45,0.57,0.74,0.86,1.15,1.42,1.59,1.91,2.30
2016-08-09,0.27,,,0.29,,0.44,0.55,0.71,0.84,1.11,1.38,1.55,1.86,2.25
2016-08-10,0.27,,,0.28,,0.43,0.55,0.69,0.80,1.07,1.34,1.50,1.83,2.23
2016-08-11,0.27,,,0.28,,0.45,0.55,0.76,0.88,1.16,1.42,1.57,1.89,2.28
2016-08-12,0.27,,,0.29,,0.43,0.56,0.71,0.82,1.10,1.36,1.51,1.85,2.23
2016-08-15,0.26,,,0.31,,0.46,0.56,0.72,0.85,1.14,1.40,1.55,1.90,2.27
2016-08-16,0.27,,,0.27,,0.45,0.57,0.76,0.87,1.16,1.42,1.57,1.92,2.29
2016-08-17,0.27,,,0.30,,0.46,0.58,0.74,0.86,1.15,1.41,1.56,1.90,2.27
2016-08-18,0.27,,,0.30,,0.44,0.58,0.71,0.81,1.12,1.38,1.53,1.89,2.26
2016-08-19,0.27,,,0.30,,0.44,0.59,0.76,0.88,1.17,1.43,1.58,1.93,2.29
2016-08-22,0.24,,,0.29,,0.45,0.58,0.76,0.86,1.15,1.40,1.55,1.88,2.24
2016-08-23,0.28,,,0.30,,0.45,0.58,0.74,0.86,1.15,1.40,1.55,1.88,2.24
2016-08-24,0.28,,,0.31,,0.46,0.59,0.76,0.87,1.13,1.40,1.56,1.89,2.24
2016-08-25,0.28,,,0.33,,0.46,0.60,0.78,0.89,1.16,1.43,1.58,1.91,2.27
2016-08-26,0.28,,,0.34,,0.47,0.62,0.84,0.96,1.23,1.49,1.62,1.96,2.29
2016-08-29,0.25,,,0.33,,0.49,0.62,0.81,0.92,1.18,1.43,1.57,1.90,2.22
2016-08-30,0.23,,,0.33,,0.47,0.61,0.80,0.92,1.18,1.44,1.57,1.91,2.23
2016-08-31,0.26,,,0.33,,0.47,0.61,0.80,0.92,1.19,1.45,1.58,1.90,2.23
2016-09-01,0.27,,,0.33,,0.47,0.60,0.78,0.91,1.18,1.44,1.57,1.90,2.23
2016-09-02,0.25,,,0.33,,0.45,0.59,0.80,0.92,1.20,1.47,1.60,1.95,2.28
2016-09-06,0.24,,,0.32,,0.45,0.56,0.74,0.86,1.13,1.40,1.55,1.90,2.24
2016-09-07,0.25,,,0.34,,0.49,0.57,0.74,0.86,1.12,1.39,1.54,1.89,2.23
2016-09-08,0.26,,,0.35,,0.50,0.57,0.78,0.91,1.19,1.46,1.61,1.98,2.32
2016-09-09,0.24,,,0.35,,0.51,0.58,0.79,0.93,1.23,1.51,1.67,2.05,2.39
2016-09-12,0.24,,,0.37,,0.53,0.57,0.79,0.92,1.21,1.50,1.68,2.05,2.40
2016-09-13,0.25,,,0.36,,0.54,0.63,0.80,0.95,1.26,1.56,1.73,2.12,2.47
2016-09-14,0.24,,,0.33,,0.52,0.62,0.77,0.90,1.21,1.52,1.70,2.10,2.44
2016-09-15,0.20,,,0.29,,0.49,0.60,0.74,0.87,1.20,1.51,1.71,2.13,2.48
2016-09-16,0.20,,,0.30,,0.50,0.61,0.77,0.91,1.21,1.51,1.70,2.10,2.44
2016-09-19,0.16,,,0.30,,0.48,0.60,0.79,0.92,1.22,1.52,1.70,2.10,2.45
2016-09-20,0.17,,,0.30,,0.49,0.61,0.79,0.93,1.20,1.50,1.69,2.09,2.43
2016-09-21,0.12,,,0.22,,0.44,0.61,0.79,0.92,1.20,1.48,1.66,2.06,2.39
2016-09-22,0.10,,,0.18,,0.39,0.60,0.79,0.91,1.18,1.46,1.63,2.02,2.34
2016-09-23,0.09,,,0.18,,0.40,0.60,0.77,0.90,1.16,1.44,1.62,2.02,2.34
2016-09-26,0.12,,,0.25,,0.42,0.58,0.76,0.87,1.13,1.41,1.59,2.00,2.32
2016-09-27,0.16,,,0.26,,0.42,0.58,0.75,0.86,1.12,1.39,1.56,1.96,2.28
2016-09-28,0.14,,,0.27,,0.44,0.60,0.75,0.87,1.13,1.41,1.57,1.96,2.29
2016-09-29,0.12,,,0.26,,0.43,0.59,0.73,0.85,1.12,1.39,1.56,1.95,2.28
2016-09-30,0.20,,,0.29,,0.45,0.59,0.77,0.88,1.14,1.42,1.60,1.99,2.32
2016-10-03,0.25,,,0.32,,0.48,0.63,0.80,0.91,1.18,1.46,1.63,2.01,2.34
2016-10-04,0.28,,,0.33,,0.48,0.64,0.82,0.95,1.22,1.51,1.69,2.08,2.40
2016-10-05,0.26,,,0.32,,0.48,0.65,0.85,0.98,1.26,1.54,1.72,2.11,2.44
2016-10-06,0.26,,,0.33,,0.46,0.65,0.86,1.00,1.28,1.58,1.75,2.14,2.46
2016-10-07,0.26,,,0.33,,0.46,0.66,0.83,0.99,1.26,1.55,1.73,2.14,2.46
2016-10-11,0.27,,,0.35,,0.48,0.69,0.87,1.03,1.30,1.58,1.77,2.17,2.50
2016-10-12,0.26,,,0.37,,0.49,0.68,0.87,0.99,1.31,1.60,1.79,2.19,2.51
2016-10-13,0.26,,,0.30,,0.45,0.66,0.85,1.00,1.27,1.56,1.75,2.15,2.48
2016-10-14,0.26,,,0.32,,0.46,0.66,0.84,1.00,1.28,1.58,1.80,2.22,2.55
2016-10-17,0.24,,,0.34,,0.47,0.65,0.81,0.98,1.26,1.56,1.77,2.19,2.52
2016-10-18,0.26,,,0.34,,0.47,0.66,0.82,0.96,1.24,1.54,1.75,2.18,2.51
2016-10-19,0.25,,,0.35,,0.48,0.65,0.81,0.96,1.24,1.54,1.76,2.18,2.51
2016-10-20,0.25,,,0.35,,0.48,0.66,0.84,0.98,1.26,1.55,1.76,2.17,2.50
2016-10-21,0.25,,,0.34,,0.47,0.66,0.84,0.98,1.25,1.53,1.74,2.15,2.48
2016-10-24,0.23,,,0.33,,0.46,0.66,0.84,1.00,1.27,1.56,1.77,2.18,2.52
2016-10-25,0.22,,,0.34,,0.49,0.66,0.86,1.00,1.29,1.56,1.77,2.17,2.50
2016-10-26,0.25,,,0.33,,0.49,0.67,0.86,1.01,1.30,1.59,1.79,2.20,2.53
2016-10-27,0.19,,,0.30,,0.49,0.68,0.87,1.04,1.33,1.64,1.85,2.26,2.60
2016-10-28,0.18,,,0.30,,0.49,0.66,0.86,1.02,1.33,1.63,1.86,2.27,2.62
2016-10-31,0.20,,,0.34,,0.51,0.66,0.86,1.00,1.31,1.62,1.84,2.25,2.58
2016-11-01,0.24,,,0.35,,0.50,0.65,0.83,0.99,1.30,1.61,1.83,2.24,2.58
2016-11-02,0.24,,,0.37,,0.51,0.64,0.81,0.98,1.26,1.57,1.81,2.22,2.56
2016-11-03,0.24,,,0.38,,0.52,0.64,0.81,0.98,1.26,1.58,1.82,2.25,2.60
2016-11-04,0.25,,,0.38,,0.52,0.62,0.80,0.95,1.24,1.55,1.79,2.22,2.56
2016-11-07,0.28,,,0.41,,0.54,0.63,0.82,0.99,1.29,1.60,1.83,2.26,2.60
2016-11-08,0.28,,,0.43,,0.56,0.71,0.87,1.04,1.34,1.65,1.88,2.29,2.63
2016-11-09,0.30,,,0.45,,0.56,0.72,0.90,1.12,1.49,1.84,2.07,2.52,2.88
2016-11-10,0.30,,,0.48,,0.59,0.72,0.92,1.17,1.56,1.92,2.15,2.58,2.94
2016-11-14,0.32,,,0.55,,0.65,0.77,1.00,1.27,1.66,2.01,2.23,2.65,2.99
2016-11-15,0.30,,,0.51,,0.61,0.78,1.02,1.28,1.68,2.03,2.23,2.64,2.97
2016-11-16,0.32,,,0.47,,0.62,0.76,1.00,1.28,1.68,2.03,2.22,2.61,2.92
2016-11-17,0.30,,,0.44,,0.61,0.77,1.04,1.31,1.73,2.08,2.29,2.69,3.01
2016-11-18,0.28,,,0.44,,0.60,0.77,1.07,1.36,1.80,2.14,2.34,2.70,3.01
2016-11-21,0.28,,,0.46,,0.60,0.78,1.08,1.36,1.79,2.13,2.33,2.69,3.00
2016-11-22,0.34,,,0.49,,0.61,0.78,1.07,1.35,1.77,2.12,2.31,2.69,3.00
2016-11-23,0.35,,,0.51,,0.63,0.80,1.12,1.40,1.83,2.17,2.36,2.71,3.02
2016-11-25,0.34,,,0.49,,0.62,0.81,1.12,1.41,1.83,2.18,2.36,2.71,3.01
2016-11-28,0.32,,,0.48,,0.60,0.79,1.11,1.38,1.80,2.13,2.32,2.68,2.99
2016-11-29,0.34,,,0.48,,0.60,0.78,1.09,1.37,1.78,2.12,2.30,2.66,2.95
2016-11-30,0.38,,,0.48,,0.62,0.80,1.11,1.40,1.83,2.18,2.37,2.73,3.02
2016-12-01,0.32,,,0.48,,0.60,0.82,1.14,1.45,1.90,2.25,2.45,2.82,3.10
2016-12-02,0.34,,,0.49,,0.61,0.80,1.11,1.40,1.84,2.20,2.40,2.78,3.08
2016-12-05,0.34,,,0.49,,0.63,0.82,1.13,1.42,1.84,2.19,2.39,2.76,3.05
2016-12-06,0.35,,,0.49,,0.63,0.83,1.12,1.41,1.84,2.18,2.39,2.77,3.08
2016-12-07,0.38,,,0.52,,0.63,0.85,1.10,1.39,1.80,2.14,2.34,2.73,3.02
2016-12-08,0.39,,,0.51,,0.62,0.84,1.12,1.40,1.83,2.20,2.40,2.81,3.10
2016-12-09,0.41,,,0.54,,0.64,0.85,1.15,1.43,1.89,2.26,2.47,2.87,3.16
2016-12-12,0.42,,,0.51,,0.64,0.85,1.15,1.44,1.90,2.26,2.49,2.86,3.16
2016-12-13,0.47,,,0.54,,0.66,0.88,1.17,1.46,1.92,2.26,2.48,2.85,3.14
2016-12-14,0.49,,,0.55,,0.66,0.92,1.27,1.57,2.02,2.34,2.54,2.86,3.14
2016-12-15,0.48,,,0.51,,0.65,0.91,1.29,1.61,2.10,2.42,2.60,2.89,3.16
2016-12-16,0.46,,,0.51,,0.65,0.91,1.28,1.59,2.07,2.41,2.60,2.91,3.19
2016-12-19,0.45,,,0.52,,0.65,0.90,1.24,1.55,2.03,2.35,2.54,2.85,3.12
2016-12-20,0.48,,,0.52,,0.66,0.90,1.25,1.56,2.06,2.38,2.57,2.88,3.15
2016-12-21,0.46,,,0.52,,0.65,0.88,1.21,1.54,2.04,2.35,2.55,2.86,3.12
2016-12-22,0.42,,,0.51,,0.65,0.87,1.22,1.54,2.04,2.36,2.55,2.86,3.12
2016-12-23,0.42,,,0.52,,0.65,0.87,1.22,1.54,2.04,2.35,2.55,2.86,3.12
2016-12-27,0.50,,,0.51,,0.66,0.89,1.28,1.58,2.07,2.37,2.57,2.88,3.14
2016-12-28,0.48,,,0.53,,0.62,0.90,1.26,1.55,2.02,2.32,2.51,2.83,3.09
2016-12-29,0.39,,,0.47,,0.62,0.85,1.22,1.49,1.96,2.30,2.49,2.82,3.08
2016-12-30,0.44,,,0.51,,0.62,0.85,1.20,1.47,1.93,2.25,2.45,2.79,3.06
2017-01-03,0.52,,,0.53,,0.65,0.89,1.22,1.50,1.94,2.26,2.45,2.78,3.04
2017-01-04,0.49,,,0.53,,0.63,0.87,1.24,1.50,1.94,2.26,2.46,2.78,3.05
2017-01-05,0.51,,,0.52,,0.62,0.83,1.17,1.43,1.86,2.18,2.37,2.69,2.96
2017-01-06,0.50,,,0.53,,0.61,0.85,1.22,1.50,1.92,2.23,2.42,2.73,3.00
2017-01-09,0.50,,,0.50,,0.60,0.82,1.21,1.47,1.89,2.18,2.38,2.69,2.97
2017-01-10,0.51,,,0.52,,0.60,0.82,1.19,1.47,1.89,2.18,2.38,2.69,2.97
2017-01-11,0.51,,,0.52,,0.60,0.82,1.20,1.47,1.89,2.18,2.38,2.68,2.96
2017-01-12,0.52,,,0.52,,0.59,0.81,1.18,1.45,1.87,2.17,2.36,2.68,3.01
2017-01-13,0.52,,,0.53,,0.61,0.82,1.21,1.48,1.90,2.20,2.40,2.71,2.99
2017-01-17,0.52,,,0.55,,0.62,0.80,1.17,1.42,1.84,2.14,2.33,2.66,2.93
2017-01-18,0.48,,,0.53,,0.63,0.82,1.23,1.51,1.93,2.24,2.42,2.74,3.00
2017-01-19,0.47,,,0.52,,0.62,0.83,1.25,1.53,1.97,2.28,2.47,2.77,3.04
2017-01-20,0.46,,,0.50,,0.62,0.82,1.20,1.50,1.95,2.28,2.48,2.79,3.05
2017-01-23,0.46,,,0.51,,0.59,0.79,1.16,1.43,1.88,2.19,2.41,2.72,2.99
2017-01-24,0.50,,,0.51,,0.62,0.81,1.21,1.49,1.94,2.27,2.47,2.78,3.05
2017-01-25,0.48,,,0.50,,0.61,0.82,1.23,1.52,1.99,2.33,2.53,2.84,3.10
2017-01-26,0.49,,,0.51,,0.62,0.82,1.21,1.49,1.95,2.30,2.51,2.82,3.08
2017-01-27,0.49,,,0.52,,0.63,0.82,1.22,1.48,1.94,2.28,2.49,2.80,3.06
2017-01-30,0.49,,,0.51,,0.63,0.81,1.22,1.48,1.94,2.28,2.49,2.82,3.08
2017-01-31,0.50,,,0.52,,0.64,0.84,1.19,1.46,1.90,2.24,2.45,2.78,3.05
2017-02-01,0.50,,,0.51,,0.65,0.83,1.22,1.49,1.93,2.27,2.48,2.80,3.08
2017-02-02,0.50,,,0.52,,0.64,0.84,1.21,1.48,1.92,2.27,2.48,2.80,3.09
2017-02-03,0.49,,,0.51,,0.63,0.82,1.21,1.49,1.93,2.27,2.49,2.82,3.11
2017-02-06,0.48,,,0.53,,0.62,0.79,1.16,1.43,1.86,2.19,2.42,2.76,3.05
2017-02-07,0.51,,,0.53,,0.63,0.80,1.16,1.43,1.85,2.17,2.40,2.74,3.02
2017-02-08,0.52,,,0.54,,0.63,0.79,1.15,1.40,1.81,2.14,2.34,2.68,2.96
2017-02-09,0.51,,,0.54,,0.64,0.80,1.20,1.46,1.88,2.20,2.40,2.74,3.02
2017-02-10,0.51,,,0.55,,0.64,0.81,1.20,1.47,1.89,2.22,2.41,2.75,3.01
2017-02-13,0.50,,,0.52,,0.63,0.82,1.20,1.48,1.92,2.24,2.43,2.77,3.03
2017-02-14,0.51,,,0.54,,0.66,0.84,1.25,1.53,1.98,2.29,2.47,2.81,3.07
2017-02-15,0.53,,,0.54,,0.67,0.86,1.27,1.57,2.01,2.33,2.51,2.84,3.09
2017-02-16,0.51,,,0.53,,0.66,0.82,1.22,1.50,1.95,2.26,2.45,2.80,3.05
2017-02-17,0.50,,,0.53,,0.66,0.82,1.21,1.48,1.92,2.23,2.42,2.78,3.03
2017-02-21,0.49,,,0.53,,0.69,0.83,1.22,1.50,1.93,2.24,2.43,2.78,3.04
2017-02-22,0.47,,,0.52,,0.68,0.82,1.22,1.49,1.92,2.23,2.42,2.78,3.04
2017-02-23,0.39,,,0.51,,0.66,0.81,1.18,1.44,1.87,2.20,2.38,2.75,3.02
2017-02-24,0.40,,,0.52,,0.65,0.80,1.12,1.38,1.80,2.12,2.31,2.69,2.95
2017-02-27,0.44,,,0.50,,0.68,0.81,1.20,1.46,1.87,2.18,2.36,2.72,2.98
2017-02-28,0.40,,,0.53,,0.69,0.88,1.22,1.49,1.89,2.19,2.36,2.70,2.97
2017-03-01,0.46,,,0.63,,0.79,0.92,1.29,1.57,1.99,2.29,2.46,2.81,3.06
2017-03-02,0.52,,,0.67,,0.84,0.98,1.32,1.60,2.03,2.32,2.49,2.84,3.09
2017-03-03,0.56,,,0.71,,0.84,0.98,1.32,1.59,2.02,2.32,2.49,2.83,3.08
2017-03-06,0.56,,,0.74,,0.83,0.97,1.31,1.60,2.02,2.32,2.49,2.84,3.10
2017-03-07,0.55,,,0.76,,0.87,1.02,1.32,1.62,2.05,2.34,2.52,2.85,3.11
2017-03-08,0.54,,,0.73,,0.86,1.03,1.36,1.65,2.08,2.38,2.57,2.89,3.15
2017-03-09,0.50,,,0.73,,0.88,1.04,1.37,1.67,2.13,2.43,2.60,2.94,3.19
2017-03-10,0.60,,,0.75,,0.89,1.03,1.36,1.66,2.11,2.40,2.58,2.94,3.16
2017-03-13,0.69,,,0.79,,0.93,1.06,1.40,1.69,2.14,2.43,2.62,2.97,3.20
2017-03-14,0.77,,,0.78,,0.93,1.06,1.40,1.68,2.13,2.42,2.60,2.94,3.17
2017-03-15,0.71,,,0.73,,0.89,1.02,1.33,1.59,2.02,2.31,2.51,2.87,3.11
2017-03-16,0.68,,,0.73,,0.89,1.01,1.35,1.63,2.05,2.34,2.53,2.89,3.14
2017-03-17,0.71,,,0.73,,0.87,1.00,1.33,1.60,2.03,2.31,2.50,2.86,3.11
2017-03-20,0.70,,,0.76,,0.89,1.01,1.30,1.57,2.00,2.28,2.47,2.83,3.08
2017-03-21,0.76,,,0.77,,0.91,1.00,1.27,1.54,1.96,2.24,2.43,2.79,3.04
2017-03-22,0.74,,,0.77,,0.90,0.99,1.27,1.52,1.95,2.22,2.40,2.76,3.02
2017-03-23,0.73,,,0.76,,0.90,0.99,1.26,1.52,1.95,2.23,2.41,2.76,3.02
2017-03-24,0.73,,,0.78,,0.89,1.00,1.26,1.52,1.93,2.22,2.40,2.74,3.00
2017-03-27,0.73,,,0.78,,0.91,1.00,1.27,1.51,1.93,2.20,2.38,2.73,2.98
2017-03-28,0.75,,,0.78,,0.92,1.03,1.30,1.56,1.97,2.25,2.42,2.77,3.02
2017-03-29,0.76,,,0.78,,0.92,1.04,1.26,1.53,1.93,2.21,2.39,2.74,2.99
2017-03-30,0.75,,,0.78,,0.91,1.03,1.28,1.55,1.96,2.25,2.42,2.78,3.03
2017-03-31,0.74,,,0.76,,0.91,1.03,1.27,1.50,1.93,2.22,2.40,2.76,3.02
2017-04-03,0.73,,,0.79,,0.92,1.02,1.24,1.47,1.88,2.16,2.35,2.71,2.98
2017-04-04,0.77,,,0.79,,0.92,1.03,1.25,1.47,1.88,2.16,2.36,2.72,2.99
2017-04-05,0.77,,,0.80,,0.93,1.03,1.24,1.44,1.85,2.14,2.34,2.71,2.98
2017-04-06,0.78,,,0.79,,0.94,1.05,1.24,1.45,1.87,2.15,2.34,2.72,2.99
2017-04-07,0.77,,,0.82,,0.95,1.08,1.29,1.52,1.92,2.20,2.38,2.74,3.00
2017-04-10,0.77,,,0.82,,0.97,1.07,1.29,1.52,1.91,2.18,2.37,2.72,2.99
2017-04-11,0.74,,,0.82,,0.94,1.05,1.24,1.45,1.84,2.11,2.32,2.67,2.93
2017-04-12,0.77,,,0.81,,0.95,1.04,1.24,1.44,1.81,2.09,2.28,2.65,2.92
2017-04-13,0.76,,,0.81,,0.94,1.03,1.21,1.40,1.77,2.05,2.24,2.62,2.89
2017-04-17,0.76,,,0.83,,0.94,1.04,1.21,1.42,1.79,2.07,2.26,2.65,2.92
2017-04-18,0.76,,,0.82,,0.94,1.02,1.18,1.35,1.71,1.98,2.18,2.56,2.84
2017-04-19,0.75,,,0.81,,0.94,1.02,1.19,1.38,1.74,2.02,2.21,2.59,2.87
2017-04-20,0.73,,,0.79,,0.93,1.01,1.21,1.41,1.78,2.06,2.24,2.61,2.89
2017-04-21,0.72,,,0.79,,0.92,0.99,1.20,1.40,1.77,2.05,2.24,2.61,2.89
2017-04-24,0.74,,,0.81,,0.96,1.03,1.25,1.44,1.81,2.09,2.28,2.65,2.93
2017-04-25,0.73,,,0.82,,0.98,1.09,1.29,1.49,1.87,2.15,2.35,2.71,2.99
2017-04-26,0.74,,,0.83,,0.99,1.07,1.28,1.46,1.84,2.12,2.32,2.69,2.97
2017-04-27,0.70,,,0.81,,0.98,1.06,1.25,1.44,1.81,2.10,2.30,2.68,2.96
2017-04-28,0.68,,,0.80,,0.99,1.07,1.28,1.45,1.81,2.10,2.29,2.67,2.96
2017-05-01,0.67,,,0.83,,0.98,1.09,1.28,1.48,1.84,2.13,2.33,2.71,3.00
2017-05-02,0.72,,,0.82,,0.99,1.08,1.27,1.45,1.81,2.09,2.29,2.68,2.97
2017-05-03,0.73,,,0.85,,1.00,1.10,1.30,1.50,1.86,2.14,2.33,2.70,2.97
2017-05-04,0.71,,,0.86,,1.00,1.11,1.32,1.51,1.88,2.17,2.36,2.73,3.00
2017-05-05,0.71,,,0.90,,1.01,1.10,1.32,1.52,1.89,2.17,2.36,2.73,2.99
2017-05-08,0.73,,,0.91,,1.02,1.12,1.33,1.53,1.91,2.19,2.39,2.76,3.02
2017-05-09,0.74,,,0.91,,1.04,1.14,1.37,1.57,1.94,2.22,2.42,2.79,3.04
2017-05-10,0.71,,,0.90,,1.04,1.13,1.35,1.56,1.94,2.22,2.41,2.79,3.03
2017-05-11,0.68,,,0.89,,1.04,1.13,1.35,1.55,1.93,2.20,2.39,2.78,3.03
2017-05-12,0.69,,,0.88,,1.03,1.11,1.29,1.49,1.85,2.13,2.33,2.74,2.98
2017-05-15,0.73,,,0.90,,1.02,1.11,1.31,1.49,1.86,2.14,2.34,2.76,3.00
2017-05-16,0.72,,,0.90,,1.04,1.11,1.29,1.48,1.86,2.13,2.33,2.74,2.99
2017-05-17,0.72,,,0.90,,1.00,1.08,1.26,1.42,1.76,2.03,2.22,2.65,2.91
2017-05-18,0.73,,,0.93,,1.02,1.09,1.27,1.44,1.78,2.04,2.23,2.64,2.90
2017-05-19,0.71,,,0.92,,1.03,1.10,1.28,1.45,1.79,2.05,2.23,2.63,2.90
2017-05-22,0.70,,,0.93,,1.05,1.12,1.29,1.45,1.80,2.06,2.25,2.64,2.91
2017-05-23,0.76,,,0.92,,1.08,1.14,1.31,1.49,1.84,2.10,2.29,2.68,2.95
2017-05-24,0.76,,,0.93,,1.07,1.18,1.29,1.46,1.79,2.07,2.26,2.65,2.92
2017-05-25,0.72,,,0.94,,1.08,1.16,1.30,1.46,1.78,2.06,2.25,2.65,2.92
2017-05-26,0.75,,,0.94,,1.08,1.17,1.30,1.46,1.79,2.06,2.25,2.65,2.92
2017-05-30,0.77,,,0.93,,1.07,1.16,1.28,1.44,1.76,2.02,2.21,2.61,2.88
2017-05-31,0.86,,,0.98,,1.08,1.17,1.28,1.44,1.75,2.02,2.21,2.60,2.87
2017-06-01,0.82,,,0.98,,1.07,1.16,1.28,1.45,1.76,2.02,2.21,2.60,2.87
2017-06-02,0.82,,,0.98,,1.06,1.16,1.28,1.42,1.71,1.96,2.15,2.53,2.80
2017-06-05,0.83,,,0.96,,1.06,1.16,1.32,1.45,1.74,1.99,2.18,2.56,2.84
2017-06-06,0.83,,,0.97,,1.08,1.16,1.30,1.42,1.71,1.95,2.14,2.53,2.81
2017-06-07,0.84,,,1.00,,1.09,1.17,1.32,1.45,1.74,1.99,2.18,2.56,2.84
2017-06-08,0.80,,,1.01,,1.11,1.19,1.33,1.47,1.75,2.00,2.19,2.57,2.85
2017-06-09,0.80,,,1.01,,1.13,1.20,1.35,1.50,1.77,2.02,2.21,2.59,2.86
2017-06-12,0.82,,,0.98,,1.09,1.19,1.35,1.50,1.78,2.02,2.21,2.59,2.86
2017-06-13,0.89,,,1.00,,1.12,1.22,1.38,1.51,1.79,2.02,2.21,2.60,2.87
2017-06-14,0.90,,,1.01,,1.12,1.20,1.35,1.48,1.74,1.96,2.15,2.53,2.79
2017-06-15,0.86,,,1.02,,1.13,1.21,1.35,1.49,1.76,1.98,2.16,2.52,2.78
2017-06-16,0.85,,,1.03,,1.13,1.21,1.32,1.48,1.75,1.97,2.16,2.52,2.78
2017-06-19,0.85,,,1.02,,1.13,1.22,1.36,1.52,1.80,2.02,2.19,2.53,2.79
2017-06-20,0.88,,,1.01,,1.14,1.22,1.36,1.50,1.77,1.99,2.16,2.49,2.74
2017-06-21,0.85,,,0.99,,1.12,1.22,1.36,1.50,1.78,2.00,2.16,2.48,2.73
2017-06-22,0.80,,,0.96,,1.10,1.22,1.34,1.48,1.76,1.98,2.15,2.47,2.72
2017-06-23,0.76,,,0.97,,1.10,1.21,1.34,1.48,1.77,1.98,2.15,2.48,2.71
2017-06-26,0.81,,,0.99,,1.10,1.20,1.36,1.48,1.77,1.97,2.14,2.46,2.70
2017-06-27,0.89,,,1.00,,1.13,1.22,1.38,1.53,1.83,2.04,2.21,2.52,2.75
2017-06-28,0.89,,,1.02,,1.12,1.21,1.34,1.51,1.81,2.05,2.22,2.55,2.77
2017-06-29,0.88,,,1.04,,1.14,1.23,1.38,1.53,1.85,2.10,2.27,2.59,2.82
2017-06-30,0.84,,,1.03,,1.14,1.24,1.38,1.55,1.89,2.14,2.31,2.61,2.84
2017-07-03,0.96,,,1.06,,1.13,1.24,1.41,1.60,1.93,2.19,2.35,2.65,2.86
2017-07-05,0.97,,,1.05,,1.15,1.24,1.41,1.59,1.92,2.17,2.33,2.63,2.85
2017-07-06,0.95,,,1.04,,1.14,1.23,1.40,1.60,1.94,2.21,2.37,2.68,2.90
2017-07-07,0.94,,,1.05,,1.14,1.22,1.40,1.60,1.95,2.22,2.39,2.71,2.93
2017-07-10,0.95,,,1.04,,1.13,1.23,1.40,1.59,1.93,2.20,2.38,2.70,2.93
2017-07-11,0.97,,,1.05,,1.14,1.20,1.37,1.57,1.92,2.18,2.37,2.69,2.92
2017-07-12,0.94,,,1.05,,1.13,1.21,1.35,1.53,1.88,2.14,2.33,2.65,2.89
2017-07-13,0.95,,,1.05,,1.14,1.23,1.37,1.55,1.89,2.16,2.35,2.69,2.92
2017-07-14,0.93,,,1.04,,1.12,1.22,1.35,1.54,1.87,2.13,2.33,2.67,2.91
2017-07-17,0.95,,,1.07,,1.10,1.22,1.36,1.53,1.86,2.12,2.31,2.65,2.89
2017-07-18,0.95,,,1.07,,1.11,1.19,1.36,1.52,1.82,2.08,2.27,2.61,2.85
2017-07-19,0.99,,,1.11,,1.12,1.23,1.37,1.52,1.83,2.09,2.27,2.61,2.85
2017-07-20,1.00,,,1.15,,1.12,1.22,1.37,1.51,1.82,2.08,2.27,2.60,2.83
2017-07-21,1.00,,,1.16,,1.10,1.22,1.36,1.50,1.81,2.05,2.24,2.57,2.81
2017-07-24,1.00,,,1.17,,1.12,1.23,1.37,1.53,1.83,2.07,2.26,2.59,2.83
2017-07-25,0.96,,,1.18,,1.15,1.24,1.40,1.56,1.90,2.15,2.33,2.67,2.91
2017-07-26,1.02,,,1.13,,1.14,1.23,1.36,1.50,1.83,2.09,2.29,2.65,2.89
2017-07-27,1.01,,,1.11,,1.13,1.22,1.36,1.52,1.84,2.12,2.32,2.68,2.93
2017-07-28,1.00,,,1.08,,1.13,1.22,1.34,1.51,1.83,2.10,2.30,2.65,2.89
2017-07-31,1.00,,,1.07,,1.13,1.23,1.34,1.51,1.84,2.11,2.30,2.66,2.89
2017-08-01,1.00,,,1.08,,1.15,1.22,1.34,1.50,1.80,2.07,2.26,2.61,2.86
2017-08-02,1.02,,,1.08,,1.15,1.24,1.36,1.52,1.82,2.08,2.27,2.60,2.85
2017-08-03,1.00,,,1.08,,1.13,1.22,1.34,1.49,1.79,2.05,2.24,2.56,2.81
2017-08-04,1.00,,,1.08,,1.14,1.23,1.36,1.51,1.82,2.08,2.27,2.61,2.84
2017-08-07,0.99,,,1.02,,1.14,1.22,1.36,1.52,1.81,2.07,2.26,2.60,2.84
2017-08-08,1.00,,,1.06,,1.16,1.24,1.36,1.53,1.84,2.10,2.29,2.63,2.86
2017-08-09,1.01,,,1.06,,1.15,1.21,1.33,1.50,1.81,2.06,2.24,2.59,2.82
2017-08-10,1.02,,,1.05,,1.14,1.22,1.33,1.49,1.78,2.03,2.20,2.55,2.79
2017-08-11,0.99,,,1.03,,1.14,1.21,1.30,1.43,1.74,2.00,2.19,2.55,2.79
2017-08-14,0.95,,,1.02,,1.13,1.23,1.33,1.48,1.77,2.04,2.22,2.57,2.81
2017-08-15,0.97,,,1.04,,1.16,1.23,1.35,1.51,1.83,2.09,2.27,2.60,2.84
2017-08-16,0.97,,,1.02,,1.13,1.24,1.33,1.49,1.79,2.04,2.23,2.58,2.81
2017-08-17,0.95,,,1.00,,1.11,1.24,1.32,1.46,1.76,2.01,2.19,2.54,2.78
2017-08-18,0.97,,,1.02,,1.13,1.24,1.33,1.47,1.77,2.01,2.19,2.54,2.78
2017-08-21,0.95,,,1.00,,1.11,1.23,1.32,1.46,1.76,2.00,2.18,2.52,2.77
2017-08-22,0.93,,,1.00,,1.13,1.24,1.33,1.48,1.80,2.04,2.22,2.55,2.79
2017-08-23,0.98,,,1.00,,1.11,1.22,1.32,1.45,1.76,1.99,2.17,2.51,2.75
2017-08-24,0.98,,,1.02,,1.11,1.23,1.33,1.47,1.78,2.01,2.19,2.53,2.77
2017-08-25,0.99,,,1.03,,1.11,1.23,1.35,1.47,1.77,2.00,2.17,2.51,2.75
2017-08-28,0.99,,,0.98,,1.12,1.24,1.33,1.46,1.74,1.99,2.16,2.51,2.76
2017-08-29,0.96,,,1.03,,1.13,1.23,1.33,1.43,1.70,1.96,2.13,2.48,2.74
2017-08-30,0.96,,,1.03,,1.11,1.23,1.33,1.44,1.72,1.97,2.15,2.49,2.75
2017-08-31,0.95,,,1.01,,1.08,1.23,1.33,1.44,1.70,1.95,2.12,2.47,2.73
2017-09-01,0.96,,,1.02,,1.10,1.24,1.35,1.46,1.73,1.99,2.16,2.51,2.77
2017-09-05,1.30,,,1.03,,1.13,1.23,1.30,1.40,1.65,1.90,2.07,2.43,2.69
2017-09-06,1.04,,,1.07,,1.17,1.24,1.30,1.42,1.69,1.93,2.10,2.46,2.72
2017-09-07,0.98,,,1.05,,1.15,1.21,1.27,1.38,1.63,1.88,2.05,2.40,2.66
2017-09-08,0.96,,,1.04,,1.14,1.22,1.27,1.39,1.64,1.89,2.06,2.41,2.67
2017-09-11,0.97,,,1.05,,1.16,1.24,1.32,1.44,1.71,1.96,2.14,2.49,2.75
2017-09-12,0.99,,,1.03,,1.16,1.27,1.33,1.46,1.75,1.99,2.17,2.52,2.78
2017-09-13,0.99,,,1.04,,1.16,1.27,1.35,1.48,1.78,2.01,2.20,2.53,2.79
2017-09-14,0.99,,,1.05,,1.17,1.28,1.37,1.50,1.79,2.01,2.20,2.52,2.77
2017-09-15,0.98,,,1.05,,1.17,1.30,1.39,1.53,1.81,2.04,2.20,2.52,2.77
2017-09-18,0.96,,,1.05,,1.18,1.30,1.40,1.54,1.83,2.06,2.23,2.56,2.80
2017-09-19,0.97,,,1.04,,1.19,1.31,1.40,1.55,1.84,2.07,2.24,2.57,2.81
2017-09-20,0.98,,,1.04,,1.20,1.32,1.45,1.60,1.89,2.12,2.28,2.59,2.82
2017-09-21,0.99,,,1.04,,1.19,1.31,1.45,1.59,1.89,2.11,2.27,2.57,2.80
2017-09-22,0.97,,,1.03,,1.19,1.30,1.46,1.58,1.88,2.10,2.26,2.57,2.80
2017-09-25,0.97,,,1.05,,1.19,1.30,1.44,1.56,1.85,2.07,2.22,2.53,2.76
2017-09-26,0.96,,,1.06,,1.19,1.31,1.45,1.57,1.87,2.08,2.24,2.54,2.78
2017-09-27,0.99,,,1.07,,1.20,1.33,1.47,1.60,1.91,2.14,2.31,2.62,2.86
2017-09-28,0.97,,,1.06,,1.18,1.31,1.45,1.59,1.89,2.13,2.31,2.63,2.87
2017-09-29,0.96,,,1.06,,1.20,1.31,1.47,1.62,1.92,2.16,2.33,2.63,2.86
2017-10-02,0.95,,,1.01,,1.22,1.31,1.49,1.63,1.94,2.17,2.34,2.64,2.87
2017-10-03,1.01,,,1.07,,1.21,1.32,1.47,1.62,1.92,2.15,2.33,2.63,2.87
2017-10-04,1.00,,,1.08,,1.21,1.33,1.47,1.62,1.92,2.15,2.33,2.64,2.87
2017-10-05,1.02,,,1.07,,1.21,1.35,1.49,1.63,1.94,2.17,2.35,2.65,2.89
2017-10-06,1.03,,,1.07,,1.22,1.35,1.54,1.66,1.97,2.20,2.37,2.68,2.91
2017-10-10,1.03,,,1.08,,1.26,1.42,1.51,1.64,1.95,2.18,2.35,2.65,2.88
2017-10-11,1.04,,,1.10,,1.25,1.40,1.51,1.66,1.95,2.17,2.35,2.64,2.88
2017-10-12,0.99,,,1.09,,1.27,1.41,1.51,1.66,1.95,2.16,2.33,2.62,2.86
2017-10-13,0.97,,,1.09,,1.26,1.39,1.51,1.64,1.91,2.12,2.28,2.58,2.81
2017-10-16,0.97,,,1.10,,1.24,1.42,1.54,1.68,1.95,2.15,2.30,2.58,2.82
2017-10-17,0.99,,,1.09,,1.25,1.41,1.54,1.69,1.97,2.15,2.30,2.58,2.80
2017-10-18,0.99,,,1.09,,1.24,1.42,1.59,1.70,1.99,2.19,2.34,2.62,2.85
2017-10-19,0.99,,,1.10,,1.25,1.41,1.58,1.69,1.98,2.18,2.33,2.60,2.83
2017-10-20,0.99,,,1.11,,1.27,1.43,1.60,1.72,2.03,2.24,2.39,2.67,2.89
2017-10-23,1.00,,,1.09,,1.25,1.42,1.58,1.70,2.01,2.22,2.38,2.66,2.89
2017-10-24,1.00,,,1.12,,1.27,1.43,1.60,1.73,2.05,2.26,2.42,2.70,2.92
2017-10-25,1.01,,,1.12,,1.27,1.43,1.61,1.74,2.06,2.28,2.44,2.72,2.95
2017-10-26,0.99,,,1.11,,1.29,1.43,1.63,1.76,2.07,2.30,2.46,2.74,2.96
2017-10-27,0.98,,,1.10,,1.28,1.42,1.59,1.73,2.03,2.26,2.42,2.71,2.93
2017-10-30,0.97,,,1.12,,1.24,1.42,1.58,1.71,2.00,2.22,2.37,2.66,2.88
2017-10-31,0.99,,,1.15,,1.28,1.43,1.60,1.73,2.01,2.23,2.38,2.66,2.88
2017-11-01,1.06,,,1.18,,1.30,1.46,1.61,1.74,2.01,2.22,2.37,2.63,2.85
2017-11-02,1.02,,,1.17,,1.29,1.46,1.61,1.73,2.00,2.21,2.35,2.61,2.83
2017-11-03,1.02,,,1.18,,1.31,1.49,1.63,1.74,1.99,2.19,2.34,2.59,2.82
2017-11-06,1.03,,,1.19,,1.30,1.50,1.61,1.73,1.99,2.17,2.32,2.58,2.80
2017-11-07,1.05,,,1.22,,1.33,1.49,1.63,1.75,1.99,2.17,2.32,2.56,2.77
2017-11-08,1.05,,,1.23,,1.35,1.53,1.65,1.77,2.01,2.19,2.32,2.57,2.79
2017-11-09,1.07,,,1.24,,1.36,1.53,1.63,1.75,2.01,2.20,2.33,2.59,2.81
2017-11-10,1.06,,,1.23,,1.37,1.54,1.67,1.79,2.06,2.27,2.40,2.67,2.88
2017-11-13,1.07,,,1.24,,1.37,1.55,1.70,1.82,2.08,2.27,2.40,2.67,2.87
2017-11-14,1.06,,,1.26,,1.40,1.55,1.68,1.81,2.06,2.26,2.38,2.64,2.84
2017-11-15,1.08,,,1.25,,1.39,1.55,1.68,1.79,2.04,2.21,2.33,2.58,2.77
2017-11-16,1.08,,,1.27,,1.42,1.59,1.72,1.83,2.07,2.25,2.37,2.62,2.81
2017-11-17,1.08,,,1.29,,1.42,1.60,1.73,1.83,2.06,2.23,2.35,2.59,2.78
2017-11-20,1.09,,,1.30,,1.46,1.62,1.77,1.86,2.09,2.26,2.37,2.60,2.78
2017-11-21,1.15,,,1.30,,1.45,1.62,1.77,1.88,2.11,2.27,2.36,2.58,2.76
2017-11-22,1.16,,,1.29,,1.45,1.61,1.74,1.84,2.05,2.22,2.32,2.57,2.75
2017-11-24,1.14,,,1.29,,1.45,1.61,1.75,1.85,2.07,2.23,2.34,2.58,2.76
2017-11-27,1.15,,,1.27,,1.41,1.62,1.74,1.84,2.06,2.21,2.32,2.57,2.76
2017-11-28,1.16,,,1.30,,1.46,1.61,1.75,1.85,2.07,2.24,2.34,2.58,2.77
2017-11-29,1.17,,,1.29,,1.45,1.61,1.78,1.86,2.09,2.27,2.37,2.62,2.81
2017-11-30,1.14,,,1.27,,1.44,1.62,1.78,1.90,2.14,2.31,2.42,2.65,2.83
2017-12-01,1.14,,,1.27,,1.45,1.62,1.78,1.90,2.13,2.28,2.37,2.58,2.76
2017-12-04,1.16,,,1.29,,1.45,1.66,1.80,1.93,2.15,2.29,2.37,2.58,2.77
2017-12-05,1.21,,,1.30,,1.48,1.64,1.83,1.94,2.15,2.28,2.36,2.55,2.73
2017-12-06,1.18,,,1.30,,1.48,1.68,1.78,1.92,2.11,2.25,2.33,2.53,2.71
2017-12-07,1.16,,,1.29,,1.47,1.67,1.80,1.92,2.14,2.29,2.37,2.58,2.76
2017-12-08,1.14,,,1.28,,1.45,1.65,1.80,1.92,2.14,2.29,2.38,2.59,2.77
2017-12-11,1.18,,,1.33,,1.47,1.69,1.82,1.95,2.16,2.30,2.39,2.59,2.77
2017-12-12,1.26,,,1.34,,1.49,1.70,1.83,1.95,2.18,2.32,2.40,2.60,2.79
2017-12-13,1.22,,,1.30,,1.47,1.68,1.79,1.90,2.12,2.26,2.36,2.56,2.74
2017-12-14,1.21,,,1.32,,1.48,1.70,1.82,1.92,2.14,2.27,2.35,2.53,2.71
2017-12-15,1.24,,,1.31,,1.48,1.71,1.84,1.95,2.16,2.28,2.35,2.52,2.68
2017-12-18,1.26,,,1.38,,1.51,1.70,1.84,1.94,2.17,2.30,2.39,2.57,2.74
2017-12-19,1.25,,,1.37,,1.51,1.71,1.87,1.97,2.23,2.37,2.46,2.66,2.82
2017-12-20,1.22,,,1.38,,1.51,1.72,1.87,1.98,2.24,2.40,2.49,2.71,2.88
2017-12-21,1.21,,,1.35,,1.54,1.73,1.89,2.01,2.26,2.39,2.48,2.68,2.84
2017-12-22,1.15,,,1.33,,1.54,1.73,1.91,2.01,2.26,2.40,2.48,2.68,2.83
2017-12-26,1.24,,,1.47,,1.52,1.75,1.92,2.02,2.25,2.38,2.47,2.66,2.82
2017-12-27,1.18,,,1.44,,1.53,1.75,1.89,1.99,2.22,2.34,2.42,2.59,2.75
2017-12-28,1.19,,,1.39,,1.54,1.76,1.91,2.00,2.23,2.36,2.43,2.60,2.75
2017-12-29,1.28,,,1.39,,1.53,1.76,1.89,1.98,2.20,2.33,2.40,2.58,2.74
2018-01-02,1.29,,,1.44,,1.61,1.83,1.92,2.01,2.25,2.38,2.46,2.64,2.81
2018-01-03,1.29,,,1.41,,1.59,1.81,1.94,2.02,2.25,2.37,2.44,2.62,2.78
2018-01-04,1.28,,,1.41,,1.60,1.82,1.96,2.05,2.27,2.38,2.46,2.62,2.79
2018-01-05,1.27,,,1.39,,1.58,1.80,1.96,2.06,2.29,2.40,2.47,2.64,2.81
2018-01-08,1.30,,,1.45,,1.60,1.79,1.96,2.07,2.29,2.41,2.49,2.65,2.81
2018-01-09,1.27,,,1.44,,1.60,1.78,1.98,2.09,2.33,2.46,2.55,2.72,2.88
2018-01-10,1.31,,,1.42,,1.59,1.78,1.98,2.08,2.32,2.47,2.55,2.73,2.88
2018-01-11,1.32,,,1.43,,1.58,1.77,1.98,2.09,2.32,2.46,2.54,2.72,2.91
2018-01-12,1.31,,,1.43,,1.59,1.78,1.99,2.12,2.35,2.48,2.55,2.71,2.85
2018-01-16,1.33,,,1.45,,1.63,1.79,2.03,2.12,2.36,2.48,2.54,2.69,2.83
2018-01-17,1.31,,,1.44,,1.63,1.79,2.05,2.15,2.39,2.51,2.57,2.71,2.84
2018-01-18,1.29,,,1.45,,1.63,1.79,2.05,2.17,2.43,2.55,2.62,2.77,2.90
2018-01-19,1.28,,,1.44,,1.62,1.79,2.06,2.20,2.45,2.57,2.64,2.78,2.91
2018-01-22,1.27,,,1.44,,1.65,1.79,2.08,2.21,2.46,2.59,2.66,2.79,2.93
2018-01-23,1.26,,,1.44,,1.63,1.78,2.06,2.18,2.43,2.55,2.63,2.77,2.90
2018-01-24,1.25,,,1.43,,1.63,1.79,2.08,2.20,2.43,2.57,2.65,2.80,2.93
2018-01-25,1.23,,,1.42,,1.64,1.80,2.08,2.20,2.41,2.55,2.63,2.76,2.89
2018-01-26,1.24,,,1.41,,1.64,1.80,2.13,2.24,2.47,2.60,2.66,2.79,2.91
2018-01-29,1.28,,,1.44,,1.66,1.80,2.11,2.26,2.49,2.63,2.70,2.82,2.94
2018-01-30,1.49,,,1.44,,1.66,1.88,2.13,2.27,2.51,2.65,2.73,2.86,2.98
2018-01-31,1.43,,,1.46,,1.66,1.90,2.14,2.29,2.52,2.66,2.72,2.83,2.95
2018-02-01,1.41,,,1.48,,1.64,1.89,2.16,2.33,2.56,2.72,2.78,2.90,3.01
2018-02-02,1.40,,,1.48,,1.65,1.88,2.15,2.33,2.58,2.76,2.84,2.97,3.08
2018-02-05,1.40,,,1.51,,1.67,1.85,2.08,2.25,2.50,2.68,2.77,2.92,3.04
2018-02-06,1.48,,,1.52,,1.69,1.87,2.10,2.30,2.52,2.70,2.79,2.94,3.06
2018-02-07,1.36,,,1.55,,1.73,1.91,2.15,2.33,2.57,2.75,2.84,3.01,3.12
2018-02-08,1.32,,,1.55,,1.73,1.91,2.13,2.32,2.57,2.76,2.85,3.03,3.14
2018-02-09,1.31,,,1.55,,1.73,1.89,2.05,2.26,2.52,2.72,2.83,3.02,3.14
2018-02-12,1.35,,,1.62,,1.82,1.93,2.09,2.30,2.56,2.77,2.86,3.02,3.14
2018-02-13,1.34,,,1.59,,1.80,1.95,2.10,2.30,2.54,2.74,2.83,2.99,3.11
2018-02-14,1.32,,,1.58,,1.81,1.98,2.17,2.40,2.65,2.84,2.91,3.07,3.18
2018-02-15,1.30,,,1.58,,1.82,1.99,2.19,2.40,2.65,2.83,2.90,3.04,3.15
2018-02-16,1.35,,,1.62,,1.83,2.00,2.21,2.38,2.63,2.81,2.87,3.02,3.13
2018-02-20,1.39,,,1.66,,1.87,2.01,2.25,2.40,2.65,2.81,2.88,3.04,3.15
2018-02-21,1.40,,,1.64,,1.85,2.03,2.26,2.44,2.69,2.86,2.94,3.11,3.22
2018-02-22,1.34,,,1.63,,1.84,2.02,2.25,2.42,2.66,2.84,2.92,3.09,3.21
2018-02-23,1.38,,,1.64,,1.85,2.02,2.25,2.39,2.62,2.79,2.88,3.04,3.16
2018-02-26,1.39,,,1.66,,1.87,2.03,2.22,2.37,2.60,2.77,2.86,3.03,3.15
2018-02-27,1.49,,,1.66,,1.87,2.08,2.27,2.43,2.67,2.83,2.90,3.06,3.17
2018-02-28,1.50,,,1.65,,1.86,2.07,2.25,2.42,2.65,2.80,2.87,3.02,3.13
2018-03-01,1.50,,,1.63,,1.85,2.05,2.22,2.36,2.58,2.74,2.81,2.97,3.09
2018-03-02,1.50,,,1.65,,1.86,2.06,2.25,2.40,2.63,2.79,2.86,3.02,3.14
2018-03-05,1.53,,,1.70,,1.86,2.06,2.24,2.41,2.65,2.81,2.88,3.04,3.16
2018-03-06,1.56,,,1.68,,1.87,2.06,2.25,2.42,2.65,2.81,2.88,3.03,3.14
2018-03-07,1.57,,,1.68,,1.87,2.05,2.25,2.42,2.65,2.81,2.89,3.04,3.15
2018-03-08,1.57,,,1.67,,1.89,2.05,2.25,2.42,2.63,2.79,2.86,3.01,3.13
2018-03-09,1.57,,,1.67,,1.89,2.03,2.27,2.45,2.65,2.82,2.90,3.04,3.16
2018-03-12,1.60,,,1.71,,1.89,2.05,2.27,2.43,2.64,2.79,2.87,3.00,3.13
2018-03-13,1.64,,,1.73,,1.90,2.03,2.26,2.41,2.62,2.77,2.84,2.98,3.10
2018-03-14,1.71,,,1.76,,1.94,2.05,2.26,2.41,2.61,2.75,2.81,2.94,3.05
2018-03-15,1.70,,,1.77,,1.95,2.07,2.29,2.42,2.62,2.76,2.82,2.94,3.05
2018-03-16,1.71,,,1.78,,1.96,2.08,2.31,2.44,2.65,2.78,2.85,2.96,3.08
2018-03-19,1.70,,,1.80,,1.99,2.08,2.31,2.45,2.65,2.78,2.85,2.97,3.09
2018-03-20,1.76,,,1.81,,1.97,2.08,2.34,2.49,2.69,2.82,2.89,3.01,3.12
2018-03-21,1.71,,,1.74,,1.95,2.06,2.31,2.46,2.69,2.82,2.89,3.01,3.12
2018-03-22,1.67,,,1.72,,1.95,2.05,2.29,2.43,2.63,2.76,2.83,2.94,3.06
2018-03-23,1.69,,,1.74,,1.92,2.04,2.28,2.41,2.61,2.74,2.82,2.94,3.06
2018-03-26,1.71,,,1.79,,1.94,2.06,2.33,2.44,2.64,2.78,2.85,2.96,3.08
2018-03-27,1.69,,,1.77,,1.93,2.10,2.26,2.39,2.58,2.70,2.78,2.90,3.03
2018-03-28,1.65,,,1.73,,1.95,2.12,2.28,2.41,2.59,2.72,2.77,2.89,3.01
2018-03-29,1.63,,,1.73,,1.93,2.09,2.27,2.39,2.56,2.68,2.74,2.85,2.97
2018-04-02,1.68,,,1.77,,1.92,2.08,2.25,2.37,2.55,2.67,2.73,2.85,2.97
2018-04-03,1.70,,,1.75,,1.92,2.09,2.28,2.41,2.60,2.73,2.79,2.90,3.02
2018-04-04,1.67,,,1.71,,1.90,2.07,2.28,2.42,2.61,2.73,2.79,2.91,3.03
2018-04-05,1.67,,,1.72,,1.93,2.07,2.30,2.45,2.64,2.76,2.83,2.95,3.07
2018-04-06,1.68,,,1.73,,1.91,2.06,2.27,2.40,2.58,2.70,2.77,2.89,3.01
2018-04-09,1.67,,,1.76,,1.93,2.08,2.29,2.43,2.60,2.72,2.78,2.89,3.02
2018-04-10,1.63,,,1.74,,1.93,2.09,2.32,2.45,2.62,2.74,2.80,2.89,3.02
2018-04-11,1.64,,,1.73,,1.95,2.09,2.32,2.45,2.62,2.72,2.79,2.87,2.99
2018-04-12,1.65,,,1.75,,1.95,2.11,2.34,2.49,2.67,2.78,2.83,2.92,3.05
2018-04-13,1.64,,,1.76,,1.97,2.12,2.37,2.51,2.67,2.77,2.82,2.91,3.03
2018-04-16,1.64,,,1.79,,1.98,2.12,2.39,2.52,2.69,2.78,2.83,2.91,3.03
2018-04-17,1.68,,,1.80,,2.02,2.16,2.41,2.52,2.68,2.77,2.82,2.89,3.00
2018-04-18,1.67,,,1.81,,2.01,2.17,2.42,2.57,2.73,2.83,2.87,2.95,3.06
2018-04-19,1.67,,,1.82,,2.01,2.21,2.44,2.58,2.77,2.87,2.92,3.01,3.11
2018-04-20,1.65,,,1.81,,2.01,2.22,2.46,2.62,2.80,2.91,2.96,3.04,3.14
2018-04-23,1.69,,,1.87,,2.04,2.25,2.49,2.64,2.83,2.94,2.98,3.05,3.15
2018-04-24,1.70,,,1.87,,2.05,2.25,2.48,2.63,2.83,2.95,3.00,3.08,3.18
2018-04-25,1.65,,,1.85,,2.03,2.26,2.49,2.64,2.84,2.97,3.03,3.12,3.21
2018-04-26,1.62,,,1.82,,2.02,2.25,2.49,2.63,2.82,2.95,3.00,3.08,3.18
2018-04-27,1.62,,,1.82,,2.02,2.24,2.49,2.62,2.80,2.92,2.96,3.03,3.13
2018-04-30,1.65,,,1.87,,2.04,2.24,2.49,2.62,2.79,2.91,2.95,3.01,3.11
2018-05-01,1.68,,,1.85,,2.05,2.26,2.50,2.66,2.82,2.93,2.97,3.03,3.13
2018-05-02,1.69,,,1.84,,2.03,2.24,2.49,2.64,2.80,2.92,2.97,3.04,3.14
2018-05-03,1.68,,,1.84,,2.02,2.24,2.49,2.62,2.78,2.90,2.94,3.02,3.12
2018-05-04,1.67,,,1.84,,2.03,2.24,2.51,2.63,2.78,2.90,2.95,3.02,3.12
2018-05-07,1.69,,,1.86,,2.05,2.25,2.49,2.64,2.78,2.90,2.95,3.02,3.12
2018-05-08,1.69,,,1.87,,2.05,2.26,2.51,2.66,2.81,2.93,2.97,3.04,3.13
2018-05-09,1.68,,,1.88,,2.05,2.27,2.54,2.68,2.84,2.96,3.00,3.07,3.16
2018-05-10,1.69,,,1.90,,2.05,2.27,2.54,2.69,2.83,2.94,2.97,3.04,3.12
2018-05-11,1.68,,,1.92,,2.06,2.28,2.54,2.69,2.84,2.94,2.97,3.03,3.10
2018-05-14,1.70,,,1.93,,2.09,2.28,2.55,2.70,2.85,2.96,3.00,3.06,3.13
2018-05-15,1.69,,,1.92,,2.09,2.31,2.58,2.75,2.92,3.04,3.08,3.14,3.20
2018-05-16,1.69,,,1.92,,2.09,2.32,2.58,2.76,2.94,3.05,3.09,3.16,3.21
2018-05-17,1.70,,,1.92,,2.10,2.32,2.57,2.75,2.94,3.07,3.11,3.19,3.25
2018-05-18,1.68,,,1.91,,2.09,2.32,2.55,2.71,2.90,3.02,3.06,3.14,3.20
2018-05-21,1.71,,,1.93,,2.14,2.35,2.58,2.73,2.90,3.02,3.06,3.13,3.20
2018-05-22,1.73,,,1.93,,2.13,2.34,2.59,2.73,2.90,3.02,3.06,3.14,3.21
2018-05-23,1.76,,,1.92,,2.11,2.29,2.53,2.67,2.83,2.95,3.01,3.09,3.17
2018-05-24,1.74,,,1.91,,2.09,2.28,2.50,2.65,2.82,2.93,2.98,3.06,3.13
2018-05-25,1.70,,,1.90,,2.07,2.27,2.48,2.60,2.76,2.88,2.93,3.01,3.09
2018-05-29,1.77,,,1.93,,2.06,2.17,2.32,2.43,2.58,2.71,2.77,2.87,2.96
2018-05-30,1.77,,,1.94,,2.08,2.23,2.42,2.53,2.67,2.79,2.84,2.93,3.01
2018-05-31,1.76,,,1.93,,2.08,2.23,2.40,2.54,2.68,2.78,2.83,2.91,3.00
2018-06-01,1.74,,,1.92,,2.10,2.28,2.47,2.61,2.74,2.85,2.89,2.96,3.04
2018-06-04,1.77,,,1.94,,2.13,2.30,2.52,2.64,2.78,2.89,2.94,3.00,3.08
2018-06-05,1.82,,,1.94,,2.13,2.32,2.49,2.62,2.76,2.87,2.92,2.99,3.07
2018-06-06,1.81,,,1.95,,2.13,2.32,2.52,2.65,2.81,2.93,2.97,3.05,3.13
2018-06-07,1.78,,,1.94,,2.12,2.31,2.50,2.63,2.77,2.88,2.93,3.00,3.08
2018-06-08,1.78,,,1.93,,2.12,2.30,2.50,2.63,2.77,2.88,2.93,3.00,3.08
2018-06-11,1.82,,,1.94,,2.11,2.32,2.52,2.66,2.80,2.91,2.96,3.02,3.10
2018-06-12,1.81,,,1.92,,2.10,2.31,2.54,2.67,2.81,2.91,2.96,3.02,3.09
2018-06-13,1.82,,,1.94,,2.09,2.35,2.59,2.71,2.85,2.95,2.98,3.04,3.10
2018-06-14,1.81,,,1.94,,2.07,2.35,2.59,2.69,2.81,2.90,2.94,2.99,3.05
2018-06-15,1.82,,,1.94,,2.07,2.35,2.55,2.68,2.81,2.89,2.93,2.98,3.05
2018-06-18,1.84,,,1.94,,2.13,2.35,2.56,2.67,2.80,2.89,2.92,2.98,3.05
2018-06-19,1.85,,,1.94,,2.13,2.34,2.54,2.64,2.77,2.84,2.89,2.95,3.02
2018-06-20,1.85,,,1.94,,2.14,2.36,2.56,2.67,2.80,2.89,2.93,2.99,3.06
2018-06-21,1.85,,,1.94,,2.12,2.34,2.56,2.65,2.77,2.86,2.90,2.97,3.04
2018-06-22,1.83,,,1.93,,2.11,2.33,2.56,2.65,2.77,2.86,2.90,2.97,3.04
2018-06-25,1.80,,,1.93,,2.13,2.34,2.54,2.63,2.75,2.83,2.87,2.95,3.02
2018-06-26,1.79,,,1.93,,2.14,2.33,2.53,2.63,2.75,2.84,2.88,2.95,3.03
2018-06-27,1.79,,,1.93,,2.10,2.33,2.52,2.59,2.71,2.79,2.83,2.90,2.97
2018-06-28,1.76,,,1.93,,2.11,2.33,2.52,2.60,2.73,2.81,2.84,2.91,2.97
2018-06-29,1.77,,,1.93,,2.11,2.33,2.52,2.63,2.73,2.81,2.85,2.91,2.98
2018-07-02,1.90,,,1.98,,2.14,2.34,2.57,2.65,2.75,2.83,2.87,2.92,2.99
2018-07-03,1.91,,,1.98,,2.12,2.33,2.53,2.63,2.72,2.79,2.83,2.89,2.96
2018-07-05,1.87,,,1.96,,2.11,2.32,2.55,2.65,2.74,2.80,2.84,2.88,2.95
2018-07-06,1.86,,,1.97,,2.13,2.34,2.53,2.64,2.71,2.78,2.82,2.87,2.94
2018-07-09,1.87,,,1.98,,2.15,2.34,2.57,2.66,2.75,2.82,2.86,2.90,2.96
2018-07-10,1.88,,,1.99,,2.15,2.36,2.59,2.69,2.77,2.83,2.87,2.91,2.97
2018-07-11,1.89,,,1.97,,2.14,2.36,2.58,2.67,2.74,2.82,2.85,2.89,2.95
2018-07-12,1.89,,,1.98,,2.17,2.39,2.60,2.68,2.75,2.83,2.85,2.89,2.95
2018-07-13,1.87,,,1.98,,2.16,2.37,2.59,2.66,2.73,2.80,2.83,2.87,2.94
2018-07-16,1.90,,,2.01,,2.19,2.39,2.59,2.67,2.75,2.82,2.85,2.90,2.96
2018-07-17,1.93,,,2.02,,2.19,2.39,2.62,2.69,2.76,2.83,2.86,2.91,2.97
2018-07-18,1.90,,,2.00,,2.17,2.43,2.60,2.69,2.77,2.84,2.88,2.93,2.99
2018-07-19,1.89,,,2.00,,2.16,2.40,2.60,2.67,2.74,2.81,2.84,2.90,2.96
2018-07-20,1.86,,,1.99,,2.16,2.41,2.60,2.68,2.77,2.85,2.89,2.96,3.03
2018-07-23,1.88,,,1.99,,2.19,2.42,2.64,2.72,2.83,2.92,2.96,3.04,3.10
2018-07-24,1.92,,,2.02,,2.19,2.42,2.63,2.74,2.83,2.91,2.95,3.02,3.08
2018-07-25,1.90,,,2.01,,2.20,2.42,2.66,2.74,2.82,2.90,2.94,3.00,3.06
2018-07-26,1.89,,,1.99,,2.19,2.41,2.69,2.78,2.86,2.95,2.98,3.05,3.10
2018-07-27,1.90,,,2.00,,2.20,2.43,2.67,2.76,2.84,2.92,2.96,3.03,3.09
2018-07-30,1.91,,,2.04,,2.21,2.43,2.66,2.77,2.85,2.94,2.98,3.05,3.11
2018-07-31,1.94,,,2.03,,2.21,2.44,2.67,2.77,2.85,2.92,2.96,3.03,3.08
2018-08-01,1.93,,,2.03,,2.22,2.45,2.67,2.78,2.87,2.96,3.00,3.07,3.13
2018-08-02,1.89,,,2.02,,2.22,2.45,2.66,2.76,2.85,2.93,2.98,3.06,3.12
2018-08-03,1.90,,,2.01,,2.23,2.43,2.63,2.74,2.82,2.91,2.95,3.03,3.09
2018-08-06,1.92,,,2.05,,2.23,2.44,2.64,2.73,2.80,2.89,2.94,3.02,3.08
2018-08-07,1.96,,,2.06,,2.23,2.45,2.68,2.76,2.84,2.92,2.98,3.06,3.12
2018-08-08,1.93,,,2.06,,2.24,2.44,2.68,2.77,2.83,2.92,2.96,3.05,3.12
2018-08-09,1.91,,,2.06,,2.25,2.44,2.64,2.74,2.80,2.89,2.93,3.01,3.08
2018-08-10,1.92,,,2.05,,2.23,2.42,2.61,2.68,2.75,2.82,2.87,2.96,3.03
2018-08-13,1.93,,,2.06,,2.22,2.42,2.61,2.68,2.75,2.82,2.88,2.97,3.05
2018-08-14,1.96,,,2.08,,2.25,2.44,2.63,2.71,2.77,2.84,2.89,2.98,3.06
2018-08-15,1.96,,,2.07,,2.23,2.45,2.61,2.68,2.73,2.81,2.86,2.95,3.03
2018-08-16,1.96,,,2.07,,2.24,2.45,2.63,2.70,2.75,2.82,2.87,2.95,3.03
2018-08-17,1.95,,,2.05,,2.24,2.44,2.61,2.68,2.75,2.82,2.87,2.95,3.03
2018-08-20,1.93,,,2.06,,2.25,2.43,2.60,2.65,2.70,2.77,2.82,2.91,2.99
2018-08-21,1.94,,,2.08,,2.25,2.45,2.61,2.67,2.73,2.80,2.85,2.93,3.00
2018-08-22,1.95,,,2.09,,2.24,2.43,2.60,2.65,2.70,2.77,2.82,2.91,2.99
2018-08-23,1.94,,,2.08,,2.23,2.43,2.61,2.66,2.72,2.78,2.82,2.90,2.97
2018-08-24,1.95,,,2.09,,2.25,2.44,2.63,2.68,2.72,2.78,2.82,2.89,2.97
2018-08-27,1.96,,,2.12,,2.25,2.47,2.67,2.70,2.74,2.81,2.85,2.92,3.00
2018-08-28,1.96,,,2.13,,2.28,2.47,2.67,2.73,2.77,2.84,2.88,2.96,3.03
2018-08-29,1.97,,,2.13,,2.28,2.48,2.67,2.75,2.78,2.85,2.89,2.96,3.02
2018-08-30,1.97,,,2.11,,2.28,2.47,2.64,2.72,2.75,2.82,2.86,2.93,3.00
2018-08-31,1.95,,,2.11,,2.28,2.46,2.62,2.70,2.74,2.81,2.86,2.95,3.02
2018-09-04,2.00,,,2.13,,2.29,2.49,2.66,2.73,2.78,2.85,2.90,2.99,3.07
2018-09-05,2.00,,,2.14,,2.30,2.49,2.66,2.72,2.77,2.85,2.90,3.00,3.08
2018-09-06,1.98,,,2.13,,2.30,2.50,2.64,2.71,2.76,2.83,2.88,2.98,3.06
2018-09-07,1.98,,,2.14,,2.30,2.53,2.71,2.78,2.82,2.89,2.94,3.03,3.11
2018-09-10,1.98,,,2.14,,2.32,2.54,2.73,2.78,2.83,2.89,2.94,3.02,3.09
2018-09-11,2.02,,,2.15,,2.31,2.55,2.76,2.83,2.87,2.94,2.98,3.06,3.13
2018-09-12,2.01,,,2.16,,2.33,2.56,2.74,2.82,2.87,2.93,2.97,3.04,3.11
2018-09-13,2.01,,,2.15,,2.33,2.55,2.76,2.83,2.87,2.93,2.97,3.04,3.11
2018-09-14,2.02,,,2.16,,2.33,2.56,2.78,2.85,2.90,2.96,2.99,3.07,3.13
2018-09-17,2.02,,,2.16,,2.35,2.57,2.78,2.85,2.89,2.96,2.99,3.07,3.13
2018-09-18,2.05,,,2.17,,2.36,2.58,2.81,2.88,2.94,3.01,3.05,3.14,3.20
2018-09-19,2.03,,,2.16,,2.36,2.58,2.81,2.89,2.96,3.04,3.08,3.16,3.23
2018-09-20,2.03,,,2.17,,2.37,2.58,2.81,2.89,2.96,3.03,3.07,3.15,3.21
2018-09-21,2.05,,,2.18,,2.38,2.58,2.81,2.89,2.95,3.03,3.07,3.14,3.20
2018-09-24,2.07,,,2.22,,2.38,2.60,2.83,2.89,2.96,3.04,3.08,3.15,3.21
2018-09-25,2.12,,,2.21,,2.38,2.59,2.83,2.91,2.99,3.06,3.10,3.17,3.23
2018-09-26,2.11,,,2.20,,2.37,2.58,2.83,2.89,2.96,3.02,3.06,3.14,3.19
2018-09-27,2.10,,,2.18,,2.37,2.58,2.83,2.89,2.96,3.02,3.06,3.13,3.19
2018-09-28,2.12,,,2.19,,2.36,2.59,2.81,2.88,2.94,3.01,3.05,3.13,3.19
2018-10-01,2.13,,,2.23,,2.40,2.60,2.82,2.90,2.96,3.04,3.09,3.18,3.24
2018-10-02,2.14,,,2.23,,2.41,2.61,2.82,2.88,2.94,3.01,3.05,3.14,3.20
2018-10-03,2.15,,,2.23,,2.41,2.62,2.85,2.94,3.02,3.10,3.15,3.24,3.30
2018-10-04,2.16,,,2.22,,2.42,2.63,2.87,2.97,3.05,3.14,3.19,3.29,3.35
2018-10-05,2.15,,,2.23,,2.41,2.64,2.88,2.99,3.07,3.18,3.23,3.34,3.40
2018-10-09,2.17,,,2.25,,2.46,2.65,2.88,2.98,3.05,3.15,3.21,3.30,3.37
2018-10-10,2.18,,,2.27,,2.45,2.67,2.88,2.97,3.05,3.15,3.22,3.33,3.39
2018-10-11,2.14,,,2.27,,2.44,2.66,2.85,2.94,3.00,3.09,3.14,3.25,3.32
2018-10-12,2.14,,,2.28,,2.44,2.66,2.85,2.93,3.00,3.09,3.15,3.25,3.32
2018-10-15,2.17,,,2.31,,2.47,2.67,2.85,2.94,3.01,3.10,3.16,3.27,3.34
2018-10-16,2.19,,2.22,2.30,,2.46,2.66,2.87,2.95,3.02,3.10,3.16,3.26,3.32
2018-10-17,2.20,,2.23,2.31,,2.47,2.66,2.89,2.97,3.04,3.13,3.19,3.29,3.35
2018-10-18,2.19,,2.23,2.32,,2.47,2.67,2.87,2.95,3.03,3.11,3.17,3.28,3.36
2018-10-19,2.19,,2.23,2.31,,2.48,2.67,2.92,2.99,3.05,3.14,3.20,3.31,3.38
2018-10-22,2.18,,2.25,2.34,,2.49,2.68,2.92,2.99,3.05,3.13,3.20,3.31,3.38
2018-10-23,2.21,,2.23,2.33,,2.48,2.67,2.89,2.95,3.01,3.10,3.17,3.29,3.37
2018-10-24,2.20,,2.23,2.34,,2.47,2.64,2.84,2.89,2.94,3.02,3.10,3.24,3.33
2018-10-25,2.19,,2.24,2.34,,2.47,2.66,2.86,2.92,2.98,3.07,3.14,3.27,3.35
2018-10-26,2.16,,2.21,2.33,,2.47,2.63,2.81,2.85,2.91,3.00,3.08,3.23,3.32
2018-10-29,2.17,,2.21,2.34,,2.49,2.64,2.81,2.86,2.91,3.00,3.08,3.23,3.33
2018-10-30,2.21,,2.26,2.33,,2.48,2.66,2.84,2.90,2.94,3.03,3.12,3.26,3.36
2018-10-31,2.20,,2.26,2.34,,2.49,2.69,2.87,2.93,2.98,3.07,3.15,3.30,3.39
2018-11-01,2.21,,2.28,2.32,,2.49,2.67,2.84,2.91,2.96,3.06,3.14,3.29,3.38
2018-11-02,2.19,,2.28,2.33,,2.50,2.70,2.91,2.98,3.04,3.13,3.22,3.37,3.46
2018-11-05,2.20,,2.29,2.36,,2.51,2.71,2.91,2.99,3.03,3.12,3.20,3.34,3.43
2018-11-06,2.23,,2.29,2.35,,2.52,2.72,2.93,3.01,3.05,3.14,3.22,3.35,3.43
2018-11-07,2.23,,2.29,2.37,,2.51,2.74,2.96,3.03,3.07,3.15,3.22,3.35,3.43
2018-11-08,2.21,,2.29,2.35,,2.52,2.74,2.98,3.05,3.09,3.17,3.24,3.36,3.43
2018-11-09,2.21,,2.30,2.36,,2.52,2.73,2.94,3.01,3.05,3.13,3.19,3.32,3.40
2018-11-13,2.24,,2.32,2.38,,2.53,2.72,2.89,2.95,2.99,3.07,3.14,3.28,3.36
2018-11-14,2.24,,2.33,2.38,,2.52,2.71,2.86,2.92,2.95,3.04,3.12,3.26,3.35
2018-11-15,2.20,,2.32,2.37,,2.51,2.70,2.86,2.91,2.94,3.02,3.11,3.27,3.36
2018-11-16,2.21,,2.31,2.36,,2.50,2.68,2.81,2.85,2.90,2.99,3.08,3.23,3.33
2018-11-19,2.23,,2.32,2.38,,2.52,2.66,2.79,2.82,2.87,2.97,3.06,3.22,3.32
2018-11-20,2.23,,2.35,2.39,,2.51,2.67,2.79,2.83,2.88,2.97,3.06,3.22,3.31
2018-11-21,2.25,,2.34,2.41,,2.52,2.67,2.81,2.84,2.89,2.98,3.06,3.22,3.31
2018-11-23,2.25,,2.35,2.41,,2.52,2.67,2.81,2.83,2.88,2.97,3.05,3.21,3.31
2018-11-26,2.24,,2.35,2.41,,2.54,2.70,2.84,2.86,2.90,2.98,3.07,3.22,3.32
2018-11-27,2.31,,2.37,2.41,,2.53,2.70,2.83,2.86,2.89,2.98,3.06,3.22,3.32
2018-11-28,2.31,,2.37,2.40,,2.53,2.69,2.81,2.84,2.87,2.97,3.06,3.23,3.34
2018-11-29,2.31,,2.34,2.37,,2.52,2.69,2.81,2.83,2.85,2.94,3.03,3.21,3.33
2018-11-30,2.31,,2.33,2.37,,2.52,2.70,2.80,2.83,2.84,2.92,3.01,3.19,3.30
2018-12-03,2.30,,2.35,2.38,,2.56,2.72,2.83,2.84,2.83,2.90,2.98,3.15,3.27
2018-12-04,2.37,,2.42,2.42,,2.58,2.71,2.80,2.81,2.79,2.84,2.91,3.05,3.16
2018-12-06,2.36,,2.42,2.41,,2.56,2.70,2.75,2.76,2.75,2.80,2.87,3.01,3.14
2018-12-07,2.32,,2.40,2.40,,2.54,2.68,2.72,2.72,2.70,2.77,2.85,3.01,3.14
2018-12-10,2.32,,2.39,2.41,,2.54,2.69,2.72,2.73,2.71,2.77,2.85,3.00,3.13
2018-12-11,2.28,,2.36,2.41,,2.55,2.70,2.78,2.78,2.75,2.81,2.89,3.02,3.13
2018-12-12,2.30,,2.38,2.43,,2.56,2.70,2.77,2.78,2.77,2.84,2.91,3.04,3.15
2018-12-13,2.36,,2.40,2.43,,2.56,2.69,2.75,2.76,2.75,2.83,2.91,3.05,3.16
2018-12-14,2.36,,2.41,2.42,,2.56,2.68,2.73,2.72,2.73,2.81,2.89,3.03,3.14
2018-12-17,2.36,,2.39,2.40,,2.54,2.66,2.70,2.68,2.69,2.77,2.86,3.00,3.11
2018-12-18,2.35,,2.39,2.39,,2.53,2.64,2.65,2.64,2.65,2.74,2.82,2.96,3.07
2018-12-19,2.35,,2.39,2.40,,2.54,2.62,2.63,2.61,2.62,2.69,2.77,2.89,3.00
2018-12-20,2.42,,2.42,2.39,,2.55,2.64,2.67,2.65,2.65,2.72,2.79,2.92,3.02
2018-12-21,2.41,,2.42,2.39,,2.54,2.62,2.63,2.61,2.64,2.72,2.79,2.92,3.03
2018-12-24,2.42,,2.43,2.45,,2.52,2.61,2.55,2.56,2.58,2.66,2.74,2.88,3.00
2018-12-26,2.41,,2.43,2.44,,2.54,2.61,2.61,2.60,2.67,2.74,2.81,2.94,3.06
2018-12-27,2.43,,2.46,2.41,,2.49,2.58,2.56,2.55,2.60,2.68,2.77,2.92,3.05
2018-12-28,2.39,,2.47,2.40,,2.48,2.57,2.52,2.50,2.56,2.63,2.72,2.89,3.04
2018-12-31,2.44,,2.45,2.45,,2.56,2.63,2.48,2.46,2.51,2.59,2.69,2.87,3.02
2019-01-02,2.40,,2.40,2.42,,2.51,2.60,2.50,2.47,2.49,2.56,2.66,2.83,2.97
2019-01-03,2.42,,2.42,2.41,,2.47,2.50,2.39,2.35,2.37,2.44,2.56,2.75,2.92
2019-01-04,2.40,,2.42,2.42,,2.51,2.57,2.50,2.47,2.49,2.56,2.67,2.83,2.98
2019-01-07,2.42,,2.42,2.45,,2.54,2.58,2.53,2.51,2.53,2.60,2.70,2.86,2.99
2019-01-08,2.40,,2.42,2.46,,2.54,2.60,2.58,2.57,2.58,2.63,2.73,2.88,3.00
2019-01-09,2.40,,2.42,2.45,,2.52,2.59,2.56,2.54,2.57,2.64,2.74,2.90,3.03
2019-01-10,2.42,,2.42,2.43,,2.51,2.59,2.56,2.54,2.56,2.63,2.74,2.92,3.06
2019-01-11,2.41,,2.43,2.43,,2.50,2.58,2.55,2.51,2.52,2.60,2.71,2.90,3.04
2019-01-14,2.42,,2.43,2.45,,2.52,2.57,2.53,2.51,2.53,2.60,2.71,2.91,3.06
2019-01-15,2.41,,2.43,2.45,,2.52,2.57,2.53,2.51,2.53,2.61,2.72,2.92,3.08
2019-01-16,2.41,,2.40,2.43,,2.49,2.57,2.55,2.53,2.54,2.62,2.73,2.92,3.07
2019-01-17,2.41,,2.41,2.42,,2.50,2.57,2.56,2.55,2.58,2.66,2.75,2.93,3.07
2019-01-18,2.40,,2.40,2.41,,2.50,2.60,2.62,2.60,2.62,2.70,2.79,2.95,3.09
2019-01-22,2.38,,2.40,2.43,,2.51,2.59,2.58,2.55,2.57,2.65,2.74,2.91,3.06
2019-01-23,2.37,,2.38,2.41,,2.51,2.59,2.58,2.57,2.59,2.66,2.76,2.93,3.07
2019-01-24,2.38,,2.41,2.37,,2.50,2.58,2.56,2.54,2.55,2.62,2.72,2.89,3.04
2019-01-25,2.36,,2.41,2.39,,2.51,2.60,2.60,2.58,2.59,2.66,2.76,2.92,3.06
2019-01-28,2.39,,2.41,2.42,,2.51,2.60,2.60,2.58,2.58,2.65,2.75,2.92,3.06
2019-01-29,2.39,,2.41,2.42,,2.51,2.60,2.56,2.54,2.55,2.61,2.72,2.90,3.04
2019-01-30,2.40,,2.39,2.42,,2.50,2.57,2.52,2.49,2.49,2.58,2.70,2.90,3.06
2019-01-31,2.42,,2.43,2.41,,2.46,2.55,2.45,2.43,2.43,2.51,2.63,2.83,2.99
2019-02-01,2.41,,2.42,2.40,,2.46,2.56,2.52,2.50,2.51,2.59,2.70,2.88,3.03
2019-02-04,2.41,,2.41,2.42,,2.49,2.57,2.53,2.52,2.53,2.62,2.73,2.92,3.06
2019-02-05,2.39,,2.40,2.42,,2.50,2.56,2.53,2.50,2.51,2.60,2.71,2.89,3.03
2019-02-06,2.40,,2.41,2.42,,2.50,2.56,2.52,2.50,2.50,2.59,2.70,2.88,3.03
2019-02-07,2.43,,2.43,2.42,,2.49,2.55,2.48,2.46,2.46,2.54,2.65,2.85,3.00
2019-02-08,2.43,,2.43,2.43,,2.49,2.54,2.45,2.43,2.44,2.53,2.63,2.82,2.97
2019-02-11,2.44,,2.44,2.45,,2.51,2.55,2.48,2.47,2.47,2.56,2.65,2.85,3.00
2019-02-12,2.42,,2.43,2.43,,2.50,2.55,2.50,2.48,2.49,2.58,2.68,2.87,3.02
2019-02-13,2.42,,2.42,2.44,,2.51,2.55,2.53,2.52,2.53,2.61,2.71,2.89,3.04
2019-02-14,2.45,,2.43,2.43,,2.51,2.53,2.50,2.48,2.48,2.56,2.66,2.85,3.01
2019-02-15,2.43,,2.43,2.43,,2.50,2.55,2.52,2.50,2.49,2.57,2.66,2.84,3.00
2019-02-19,2.44,,2.42,2.45,,2.52,2.54,2.50,2.47,2.47,2.55,2.65,2.84,2.99
2019-02-20,2.41,,2.42,2.45,,2.51,2.54,2.50,2.47,2.47,2.55,2.65,2.84,3.00
2019-02-21,2.43,,2.44,2.45,,2.51,2.55,2.53,2.49,2.51,2.59,2.69,2.89,3.05
2019-02-22,2.43,,2.45,2.46,,2.51,2.55,2.48,2.46,2.47,2.55,2.65,2.86,3.02
2019-02-25,2.44,,2.46,2.47,,2.51,2.56,2.51,2.48,2.48,2.57,2.67,2.87,3.03
2019-02-26,2.43,,2.44,2.45,,2.51,2.55,2.48,2.44,2.45,2.54,2.64,2.84,3.01
2019-02-27,2.43,,2.44,2.45,,2.52,2.54,2.50,2.48,2.49,2.59,2.69,2.91,3.07
2019-02-28,2.44,,2.47,2.45,,2.50,2.54,2.52,2.50,2.52,2.63,2.73,2.94,3.09
2019-03-01,2.44,,2.46,2.44,,2.52,2.55,2.55,2.54,2.56,2.67,2.76,2.97,3.13
2019-03-04,2.45,,2.46,2.46,,2.54,2.54,2.55,2.52,2.53,2.63,2.72,2.93,3.09
2019-03-05,2.44,,2.45,2.46,,2.53,2.54,2.55,2.52,2.53,2.63,2.72,2.93,3.08
2019-03-06,2.43,,2.44,2.47,,2.53,2.54,2.52,2.49,2.49,2.59,2.69,2.90,3.06
2019-03-07,2.45,,2.46,2.45,,2.52,2.52,2.47,2.44,2.44,2.54,2.64,2.86,3.03
2019-03-08,2.45,,2.46,2.46,,2.52,2.53,2.45,2.43,2.42,2.51,2.62,2.83,3.00
2019-03-11,2.44,,2.45,2.46,,2.54,2.53,2.47,2.45,2.44,2.53,2.64,2.86,3.03
2019-03-12,2.44,,2.46,2.46,,2.53,2.52,2.45,2.41,2.41,2.50,2.61,2.82,3.00
2019-03-13,2.43,,2.44,2.45,,2.53,2.53,2.45,2.41,2.42,2.51,2.61,2.82,3.02
2019-03-14,2.48,,2.46,2.45,,2.52,2.52,2.46,2.42,2.43,2.53,2.63,2.86,3.04
2019-03-15,2.46,,2.46,2.45,,2.52,2.52,2.43,2.39,2.40,2.49,2.59,2.83,3.02
2019-03-18,2.47,,2.46,2.44,,2.51,2.52,2.45,2.41,2.42,2.51,2.60,2.83,3.01
2019-03-19,2.46,,2.47,2.46,,2.52,2.50,2.46,2.42,2.42,2.51,2.61,2.84,3.02
2019-03-20,2.45,,2.45,2.48,,2.49,2.47,2.40,2.34,2.34,2.44,2.54,2.79,2.98
2019-03-21,2.51,,2.47,2.49,,2.50,2.48,2.41,2.34,2.34,2.44,2.54,2.78,2.96
2019-03-22,2.49,,2.48,2.46,,2.48,2.45,2.31,2.24,2.24,2.34,2.44,2.69,2.88
2019-03-25,2.47,,2.47,2.46,,2.49,2.41,2.26,2.19,2.21,2.32,2.43,2.68,2.87
2019-03-26,2.46,,2.44,2.46,,2.49,2.44,2.24,2.18,2.18,2.29,2.41,2.67,2.86
2019-03-27,2.45,,2.43,2.44,,2.46,2.40,2.22,2.16,2.18,2.28,2.39,2.63,2.83
2019-03-28,2.44,,2.45,2.43,,2.44,2.40,2.23,2.18,2.20,2.29,2.39,2.62,2.81
2019-03-29,2.43,,2.44,2.40,,2.44,2.40,2.27,2.21,2.23,2.31,2.41,2.63,2.81
2019-04-01,2.42,,2.43,2.43,,2.46,2.41,2.33,2.29,2.31,2.40,2.49,2.71,2.89
2019-04-02,2.43,,2.42,2.42,,2.45,2.41,2.30,2.26,2.28,2.38,2.48,2.70,2.88
2019-04-03,2.42,,2.43,2.44,,2.45,2.41,2.33,2.29,2.32,2.42,2.52,2.75,2.93
2019-04-04,2.43,,2.43,2.44,,2.46,2.41,2.33,2.29,2.32,2.41,2.51,2.74,2.92
2019-04-05,2.42,,2.43,2.44,,2.46,2.43,2.35,2.30,2.31,2.40,2.50,2.72,2.91
2019-04-08,2.43,,2.44,2.43,,2.48,2.43,2.36,2.31,2.33,2.42,2.52,2.74,2.93
2019-04-09,2.42,,2.43,2.42,,2.46,2.42,2.35,2.31,2.31,2.40,2.51,2.73,2.92
2019-04-10,2.40,,2.41,2.43,,2.46,2.41,2.31,2.27,2.28,2.37,2.48,2.71,2.90
2019-04-11,2.42,,2.43,2.43,,2.46,2.44,2.35,2.30,2.31,2.40,2.51,2.74,2.94
2019-04-12,2.41,,2.43,2.44,,2.47,2.44,2.40,2.36,2.38,2.47,2.56,2.78,2.97
2019-04-15,2.42,,2.43,2.43,,2.46,2.43,2.40,2.36,2.37,2.46,2.55,2.77,2.96
2019-04-16,2.43,,2.44,2.43,,2.47,2.45,2.41,2.38,2.41,2.50,2.60,2.81,2.99
2019-04-17,2.43,,2.44,2.44,,2.47,2.44,2.40,2.37,2.40,2.49,2.59,2.81,2.99
2019-04-18,2.44,,2.44,2.42,,2.47,2.44,2.38,2.36,2.38,2.46,2.57,2.78,2.96
2019-04-22,2.44,,2.44,2.44,,2.47,2.46,2.38,2.36,2.39,2.49,2.59,2.82,2.99
2019-04-23,2.43,,2.44,2.45,,2.46,2.43,2.36,2.34,2.36,2.46,2.57,2.81,2.98
2019-04-24,2.42,,2.43,2.44,,2.46,2.42,2.32,2.28,2.32,2.41,2.53,2.76,2.94
2019-04-25,2.43,,2.44,2.43,,2.46,2.42,2.33,2.29,2.33,2.42,2.54,2.76,2.94
2019-04-26,2.42,,2.43,2.42,,2.46,2.41,2.28,2.25,2.29,2.39,2.51,2.74,2.92
2019-04-29,2.45,,2.45,2.44,,2.47,2.42,2.30,2.27,2.32,2.42,2.54,2.78,2.96
2019-04-30,2.43,,2.44,2.43,,2.46,2.39,2.27,2.24,2.28,2.39,2.51,2.75,2.93
2019-05-01,2.42,,2.41,2.43,,2.44,2.39,2.31,2.28,2.31,2.41,2.52,2.74,2.92
2019-05-02,2.44,,2.46,2.47,,2.46,2.41,2.35,2.32,2.34,2.44,2.55,2.77,2.94
2019-05-03,2.42,,2.44,2.43,,2.46,2.41,2.33,2.30,2.33,2.43,2.54,2.75,2.93
2019-05-06,2.43,,2.44,2.44,,2.46,2.39,2.31,2.27,2.30,2.40,2.51,2.73,2.91
2019-05-07,2.44,,2.44,2.43,,2.46,2.37,2.28,2.24,2.25,2.35,2.45,2.68,2.86
2019-05-08,2.42,,2.43,2.43,,2.45,2.37,2.30,2.26,2.28,2.38,2.49,2.71,2.89
2019-05-09,2.43,,2.43,2.43,,2.46,2.36,2.26,2.22,2.25,2.34,2.45,2.69,2.87
2019-05-10,2.42,,2.43,2.43,,2.45,2.36,2.26,2.23,2.26,2.37,2.47,2.70,2.89
2019-05-13,2.41,,2.42,2.41,,2.42,2.32,2.18,2.15,2.18,2.28,2.40,2.65,2.83
2019-05-14,2.41,,2.42,2.41,,2.43,2.32,2.20,2.17,2.20,2.30,2.42,2.67,2.86
2019-05-15,2.40,,2.41,2.42,,2.43,2.30,2.16,2.12,2.15,2.25,2.37,2.63,2.82
2019-05-16,2.40,,2.41,2.40,,2.43,2.33,2.20,2.15,2.18,2.28,2.40,2.65,2.84
2019-05-17,2.39,,2.40,2.39,,2.42,2.33,2.20,2.15,2.17,2.27,2.39,2.63,2.82
2019-05-20,2.39,,2.39,2.39,,2.42,2.34,2.21,2.17,2.21,2.30,2.41,2.65,2.83
2019-05-21,2.37,,2.38,2.39,,2.42,2.36,2.26,2.20,2.23,2.33,2.43,2.67,2.84
2019-05-22,2.36,,2.37,2.38,,2.41,2.37,2.23,2.17,2.19,2.28,2.39,2.64,2.82
2019-05-23,2.38,,2.38,2.37,,2.40,2.32,2.12,2.08,2.11,2.20,2.31,2.56,2.75
2019-05-24,2.37,,2.38,2.35,,2.39,2.33,2.16,2.10,2.12,2.22,2.32,2.57,2.75
2019-05-28,2.35,,2.36,2.37,,2.38,2.31,2.12,2.06,2.06,2.16,2.26,2.52,2.70
2019-05-29,2.35,,2.36,2.37,,2.38,2.30,2.09,2.04,2.05,2.16,2.25,2.50,2.69
2019-05-30,2.37,,2.38,2.38,,2.40,2.29,2.06,2.00,2.03,2.12,2.22,2.46,2.65
2019-05-31,2.35,,2.38,2.35,,2.35,2.21,1.95,1.90,1.93,2.03,2.14,2.39,2.58
2019-06-03,2.36,,2.36,2.35,,2.31,2.11,1.82,1.79,1.83,1.95,2.07,2.34,2.53
2019-06-04,2.34,,2.36,2.35,,2.29,2.11,1.88,1.84,1.89,2.01,2.12,2.41,2.60
2019-06-05,2.31,,2.35,2.35,,2.25,2.04,1.83,1.81,1.86,2.00,2.12,2.42,2.63
2019-06-06,2.32,,2.35,2.33,,2.22,2.02,1.88,1.85,1.88,2.01,2.12,2.42,2.62
2019-06-07,2.30,,2.32,2.28,,2.15,1.97,1.85,1.82,1.85,1.97,2.09,2.36,2.57
2019-06-10,2.30,,2.31,2.29,,2.21,2.03,1.90,1.87,1.91,2.03,2.15,2.42,2.62
2019-06-11,2.27,,2.26,2.27,,2.21,2.05,1.93,1.87,1.92,2.03,2.15,2.42,2.62
2019-06-12,2.19,,2.22,2.24,,2.20,2.02,1.88,1.83,1.88,2.00,2.13,2.41,2.62
2019-06-13,2.24,,2.23,2.19,,2.18,2.00,1.83,1.78,1.84,1.96,2.10,2.39,2.61
2019-06-14,2.23,,2.21,2.20,,2.18,2.00,1.84,1.79,1.85,1.96,2.09,2.38,2.59
2019-06-17,2.22,,2.21,2.23,,2.20,2.03,1.86,1.80,1.85,1.96,2.09,2.37,2.58
2019-06-18,2.18,,2.20,2.22,,2.20,2.04,1.86,1.80,1.83,1.93,2.06,2.34,2.55
2019-06-19,2.14,,2.18,2.18,,2.11,1.96,1.74,1.70,1.77,1.89,2.03,2.32,2.54
2019-06-20,2.17,,2.15,2.14,,2.04,1.91,1.72,1.69,1.74,1.87,2.01,2.31,2.53
2019-06-21,2.16,,2.16,2.11,,2.05,1.95,1.77,1.74,1.80,1.93,2.07,2.37,2.59
2019-06-24,2.12,,2.13,2.13,,2.10,1.92,1.72,1.69,1.75,1.88,2.02,2.33,2.55
2019-06-25,2.11,,2.12,2.12,,2.10,1.93,1.71,1.67,1.73,1.86,2.00,2.31,2.53
2019-06-26,2.11,,2.12,2.15,,2.12,1.96,1.77,1.74,1.80,1.92,2.05,2.35,2.57
2019-06-27,2.19,,2.15,2.14,,2.12,1.93,1.74,1.71,1.76,1.88,2.01,2.31,2.52
2019-06-28,2.18,,2.15,2.12,,2.09,1.92,1.75,1.71,1.76,1.87,2.00,2.31,2.52
2019-07-01,2.17,,2.16,2.21,,2.10,1.94,1.78,1.74,1.79,1.90,2.03,2.34,2.55
2019-07-02,2.21,,2.17,2.20,,2.09,1.91,1.77,1.71,1.75,1.85,1.98,2.29,2.51
2019-07-03,2.25,,2.20,2.21,,2.08,1.91,1.77,1.71,1.74,1.83,1.96,2.25,2.47
2019-07-05,2.26,,2.22,2.23,,2.14,1.98,1.87,1.82,1.84,1.93,2.04,2.34,2.54
2019-07-08,2.23,,2.24,2.26,,2.14,1.99,1.88,1.84,1.86,1.94,2.05,2.32,2.53
2019-07-09,2.22,,2.24,2.26,,2.15,2.00,1.92,1.88,1.88,1.96,2.07,2.34,2.54
2019-07-10,2.18,,2.18,2.20,,2.07,1.93,1.82,1.79,1.82,1.93,2.07,2.36,2.57
2019-07-11,2.17,,2.17,2.17,,2.08,1.97,1.85,1.84,1.88,1.99,2.13,2.42,2.65
2019-07-12,2.16,,2.18,2.14,,2.07,1.96,1.84,1.81,1.86,1.98,2.12,2.42,2.64
2019-07-15,2.17,,2.19,2.16,,2.06,1.95,1.83,1.80,1.84,1.96,2.09,2.39,2.61
2019-07-16,2.16,,2.17,2.15,,2.06,2.00,1.87,1.84,1.88,2.00,2.13,2.42,2.63
2019-07-17,2.13,,2.14,2.14,,2.04,1.95,1.83,1.80,1.83,1.94,2.06,2.35,2.57
2019-07-18,2.11,,2.12,2.05,,2.01,1.90,1.77,1.74,1.78,1.89,2.04,2.34,2.56
2019-07-19,2.11,,2.16,2.06,,2.03,1.94,1.80,1.77,1.80,1.91,2.05,2.35,2.57
2019-07-22,2.13,,2.16,2.09,,2.08,1.95,1.80,1.77,1.80,1.92,2.05,2.36,2.58
2019-07-23,2.12,,2.15,2.06,,2.09,1.97,1.83,1.79,1.83,1.94,2.08,2.38,2.61
2019-07-24,2.10,,2.14,2.10,,2.08,1.98,1.83,1.79,1.82,1.93,2.05,2.36,2.58
2019-07-25,2.16,,2.17,2.10,,2.08,1.99,1.86,1.83,1.85,1.95,2.08,2.38,2.60
2019-07-26,2.13,,2.15,2.12,,2.10,2.00,1.86,1.83,1.85,1.95,2.08,2.38,2.59
2019-07-29,2.12,,2.16,2.12,,2.10,1.98,1.85,1.81,1.84,1.93,2.06,2.37,2.59
2019-07-30,2.07,,2.10,2.08,,2.07,1.97,1.85,1.82,1.84,1.93,2.06,2.36,2.58
2019-07-31,2.01,,2.07,2.08,,2.10,2.00,1.89,1.84,1.84,1.92,2.02,2.31,2.53
2019-08-01,2.11,,2.14,2.07,,2.04,1.88,1.73,1.67,1.68,1.77,1.90,2.21,2.44
2019-08-02,2.11,,2.12,2.06,,2.02,1.85,1.72,1.67,1.66,1.75,1.86,2.16,2.39
2019-08-05,2.07,,2.08,2.05,,1.99,1.78,1.59,1.55,1.55,1.63,1.75,2.07,2.30
2019-08-06,2.05,,2.08,2.05,,2.00,1.80,1.60,1.54,1.53,1.62,1.73,2.03,2.25
2019-08-07,2.02,,2.04,2.02,,1.95,1.75,1.59,1.51,1.52,1.60,1.71,2.01,2.22
2019-08-08,2.09,,2.07,2.02,,1.96,1.79,1.62,1.54,1.54,1.62,1.72,2.02,2.25
2019-08-09,2.05,,2.06,2.00,,1.95,1.78,1.63,1.58,1.57,1.65,1.74,2.03,2.26
2019-08-12,2.09,,2.06,2.00,,1.94,1.75,1.58,1.51,1.49,1.56,1.65,1.92,2.14
2019-08-13,2.05,,2.04,2.00,,1.96,1.86,1.66,1.60,1.57,1.62,1.68,1.94,2.15
2019-08-14,1.98,,1.98,1.96,,1.92,1.79,1.58,1.53,1.51,1.55,1.59,1.84,2.03
2019-08-15,2.08,,1.97,1.91,,1.86,1.72,1.48,1.44,1.42,1.47,1.52,1.80,1.98
2019-08-16,2.05,,1.95,1.87,,1.85,1.71,1.48,1.44,1.42,1.49,1.55,1.82,2.01
2019-08-19,2.06,,1.96,1.94,,1.90,1.75,1.53,1.49,1.47,1.54,1.60,1.88,2.08
2019-08-20,2.05,,1.96,1.94,,1.89,1.72,1.50,1.44,1.42,1.49,1.55,1.84,2.04
2019-08-21,2.03,,1.98,1.97,,1.90,1.77,1.56,1.50,1.47,1.54,1.59,1.87,2.07
2019-08-22,2.10,,2.02,2.00,,1.91,1.79,1.61,1.53,1.50,1.56,1.62,1.90,2.11
2019-08-23,2.07,,2.02,1.97,,1.87,1.73,1.51,1.43,1.40,1.46,1.52,1.82,2.02
2019-08-26,2.09,,2.03,2.01,,1.90,1.75,1.54,1.47,1.43,1.49,1.54,1.84,2.04
2019-08-27,2.07,,2.03,1.98,,1.94,1.77,1.53,1.43,1.40,1.44,1.49,1.77,1.97
2019-08-28,2.07,,2.04,1.99,,1.89,1.74,1.50,1.42,1.37,1.42,1.47,1.76,1.94
2019-08-29,2.10,,2.03,1.99,,1.89,1.75,1.53,1.44,1.40,1.46,1.50,1.78,1.97
2019-08-30,2.10,,2.04,1.99,,1.89,1.76,1.50,1.42,1.39,1.45,1.50,1.78,1.96
2019-09-03,2.06,,2.01,1.98,,1.88,1.72,1.47,1.38,1.35,1.42,1.47,1.77,1.95
2019-09-04,2.05,,2.02,1.97,,1.87,1.69,1.43,1.36,1.32,1.40,1.47,1.77,1.97
2019-09-05,2.05,,2.01,1.97,,1.88,1.73,1.55,1.47,1.43,1.51,1.57,1.86,2.06
2019-09-06,2.05,,2.00,1.96,,1.88,1.73,1.53,1.46,1.42,1.50,1.55,1.83,2.02
2019-09-09,2.04,,1.99,1.96,,1.87,1.74,1.58,1.52,1.49,1.57,1.63,1.91,2.11
2019-09-10,2.04,,1.99,1.95,,1.89,1.81,1.67,1.61,1.58,1.66,1.72,2.00,2.19
2019-09-11,2.01,,1.97,1.96,,1.88,1.79,1.68,1.62,1.60,1.68,1.75,2.02,2.22
2019-09-12,1.99,,1.97,1.95,,1.90,1.82,1.72,1.67,1.65,1.72,1.79,2.06,2.22
2019-09-13,1.99,,1.98,1.96,,1.92,1.88,1.79,1.76,1.75,1.83,1.90,2.17,2.37
2019-09-16,2.08,,2.02,1.99,,1.93,1.86,1.74,1.71,1.69,1.77,1.84,2.11,2.31
2019-09-17,2.10,,2.06,1.99,,1.93,1.87,1.72,1.68,1.66,1.75,1.81,2.08,2.27
2019-09-18,1.94,,1.93,1.95,,1.91,1.87,1.77,1.72,1.68,1.76,1.80,2.06,2.25
2019-09-19,2.01,,1.99,1.93,,1.92,1.88,1.74,1.68,1.66,1.73,1.79,2.04,2.22
2019-09-20,1.95,,1.94,1.91,,1.91,1.84,1.69,1.63,1.61,1.68,1.74,1.99,2.17
2019-09-23,1.94,,1.94,1.94,,1.93,1.81,1.68,1.61,1.59,1.65,1.72,1.98,2.16
2019-09-24,1.90,,1.90,1.92,,1.91,1.78,1.60,1.53,1.52,1.58,1.64,1.91,2.09
2019-09-25,1.80,,1.86,1.89,,1.90,1.82,1.68,1.61,1.60,1.66,1.73,1.99,2.18
2019-09-26,1.91,,1.90,1.83,,1.88,1.79,1.66,1.61,1.59,1.65,1.70,1.96,2.15
2019-09-27,1.90,,1.86,1.80,,1.85,1.74,1.63,1.58,1.56,1.62,1.69,1.95,2.13
2019-09-30,1.91,,1.87,1.88,,1.83,1.75,1.63,1.56,1.55,1.62,1.68,1.94,2.12
2019-10-01,1.79,,1.77,1.82,,1.81,1.73,1.56,1.51,1.51,1.59,1.65,1.93,2.11
2019-10-02,1.75,,1.75,1.79,,1.75,1.67,1.48,1.43,1.43,1.53,1.60,1.90,2.09
2019-10-03,1.78,,1.75,1.70,,1.66,1.58,1.39,1.34,1.34,1.45,1.54,1.85,2.04
2019-10-04,1.73,,1.74,1.71,,1.65,1.58,1.40,1.35,1.34,1.43,1.52,1.81,2.01
2019-10-07,1.76,,1.76,1.75,,1.73,1.64,1.46,1.41,1.38,1.47,1.56,1.85,2.05
2019-10-08,1.69,,1.72,1.72,,1.69,1.62,1.42,1.38,1.36,1.45,1.54,1.84,2.04
2019-10-09,1.69,,1.70,1.69,,1.69,1.59,1.47,1.43,1.40,1.50,1.59,1.88,2.08
2019-10-10,1.74,,1.71,1.68,,1.68,1.63,1.53,1.49,1.48,1.57,1.67,1.96,2.16
2019-10-11,1.76,,1.74,1.68,,1.68,1.67,1.63,1.60,1.59,1.68,1.76,2.04,2.22
2019-10-15,1.74,,1.72,1.67,,1.67,1.65,1.61,1.60,1.59,1.68,1.77,2.06,2.23
2019-10-16,1.71,,1.68,1.66,,1.64,1.59,1.58,1.57,1.57,1.65,1.75,2.05,2.23
2019-10-17,1.74,,1.70,1.66,,1.63,1.59,1.60,1.57,1.57,1.66,1.76,2.05,2.24
2019-10-18,1.75,,1.69,1.66,,1.63,1.58,1.58,1.56,1.56,1.66,1.76,2.06,2.25
2019-10-21,1.76,,1.70,1.67,,1.65,1.59,1.62,1.59,1.61,1.70,1.80,2.10,2.28
2019-10-22,1.75,,1.69,1.65,,1.64,1.59,1.60,1.59,1.60,1.68,1.78,2.07,2.26
2019-10-23,1.74,,1.69,1.65,,1.64,1.58,1.58,1.58,1.58,1.67,1.77,2.06,2.25
2019-10-24,1.75,,1.73,1.67,,1.65,1.59,1.58,1.58,1.58,1.67,1.77,2.08,2.26
2019-10-25,1.73,,1.72,1.66,,1.66,1.60,1.63,1.62,1.62,1.71,1.80,2.10,2.29
2019-10-28,1.74,,1.71,1.65,,1.65,1.60,1.64,1.65,1.66,1.75,1.85,2.16,2.34
2019-10-29,1.66,,1.67,1.63,,1.64,1.59,1.64,1.65,1.66,1.74,1.84,2.15,2.33
2019-10-30,1.61,,1.60,1.62,,1.62,1.59,1.61,1.60,1.61,1.69,1.78,2.08,2.26
2019-10-31,1.59,,1.59,1.54,,1.57,1.53,1.52,1.52,1.51,1.60,1.69,2.00,2.17
2019-11-01,1.58,,1.58,1.52,,1.55,1.53,1.56,1.55,1.55,1.63,1.73,2.03,2.21
2019-11-04,1.58,,1.57,1.53,,1.57,1.56,1.60,1.59,1.60,1.69,1.79,2.10,2.27
2019-11-05,1.56,,1.57,1.56,,1.58,1.62,1.63,1.63,1.66,1.77,1.86,2.17,2.34
2019-11-06,1.55,,1.56,1.56,,1.57,1.58,1.61,1.60,1.63,1.73,1.81,2.13,2.30
2019-11-07,1.57,,1.57,1.56,,1.58,1.58,1.68,1.70,1.74,1.84,1.92,2.24,2.40
2019-11-08,1.56,,1.56,1.55,,1.58,1.58,1.68,1.70,1.74,1.86,1.94,2.27,2.43
2019-11-12,1.56,,1.56,1.59,,1.59,1.58,1.66,1.69,1.73,1.84,1.92,2.24,2.39
2019-11-13,1.56,,1.57,1.57,,1.59,1.57,1.63,1.65,1.69,1.79,1.88,2.20,2.36
2019-11-14,1.59,,1.57,1.57,,1.58,1.55,1.58,1.59,1.63,1.73,1.82,2.15,2.31
2019-11-15,1.59,,1.56,1.57,,1.59,1.54,1.61,1.61,1.65,1.75,1.84,2.16,2.31
2019-11-18,1.59,,1.57,1.57,,1.58,1.54,1.60,1.59,1.63,1.73,1.81,2.14,2.30
2019-11-19,1.58,,1.57,1.57,,1.58,1.54,1.60,1.59,1.63,1.71,1.79,2.11,2.26
2019-11-20,1.57,,1.56,1.57,,1.58,1.54,1.56,1.55,1.58,1.66,1.73,2.05,2.20
2019-11-21,1.57,,1.57,1.58,,1.59,1.55,1.60,1.59,1.62,1.71,1.77,2.09,2.24
2019-11-22,1.58,,1.59,1.58,,1.59,1.56,1.61,1.60,1.62,1.71,1.77,2.08,2.22
2019-11-25,1.60,,1.60,1.61,,1.61,1.58,1.61,1.60,1.62,1.71,1.76,2.07,2.21
2019-11-26,1.63,,1.61,1.60,,1.62,1.59,1.58,1.58,1.58,1.68,1.74,2.04,2.18
2019-11-27,1.65,,1.60,1.62,,1.63,1.60,1.63,1.61,1.63,1.71,1.77,2.06,2.19
2019-11-29,1.62,,1.60,1.59,,1.63,1.60,1.61,1.61,1.62,1.73,1.78,2.07,2.21
2019-12-02,1.60,,1.58,1.60,,1.62,1.60,1.61,1.63,1.65,1.77,1.83,2.15,2.28
2019-12-03,1.56,,1.54,1.57,,1.57,1.57,1.53,1.54,1.54,1.65,1.72,2.03,2.17
2019-12-04,1.59,,1.54,1.55,,1.56,1.56,1.58,1.58,1.60,1.71,1.77,2.08,2.22
2019-12-05,1.52,,1.56,1.54,,1.55,1.56,1.58,1.60,1.62,1.73,1.80,2.11,2.24
2019-12-06,1.52,,1.55,1.53,,1.56,1.57,1.61,1.64,1.67,1.78,1.84,2.14,2.29
2019-12-09,1.54,,1.54,1.54,,1.58,1.56,1.63,1.63,1.67,1.77,1.83,2.13,2.27
2019-12-10,1.53,,1.55,1.56,,1.57,1.56,1.65,1.67,1.68,1.78,1.85,2.12,2.26
2019-12-11,1.54,,1.56,1.57,,1.58,1.55,1.61,1.62,1.64,1.74,1.79,2.08,2.23
2019-12-12,1.57,,1.57,1.56,,1.57,1.55,1.66,1.69,1.73,1.84,1.90,2.18,2.32
2019-12-13,1.55,,1.57,1.57,,1.56,1.54,1.61,1.62,1.66,1.76,1.82,2.11,2.26
2019-12-16,1.57,,1.57,1.57,,1.58,1.54,1.65,1.67,1.72,1.82,1.89,2.17,2.30
2019-12-17,1.56,,1.56,1.56,,1.58,1.53,1.63,1.66,1.71,1.82,1.89,2.18,2.31
2019-12-18,1.56,,1.57,1.56,,1.58,1.54,1.63,1.67,1.74,1.86,1.92,2.22,2.35
2019-12-19,1.54,,1.58,1.57,,1.57,1.52,1.62,1.65,1.73,1.84,1.92,2.21,2.35
2019-12-20,1.57,,1.59,1.58,,1.58,1.52,1.63,1.67,1.73,1.84,1.92,2.21,2.34
2019-12-23,1.57,,1.57,1.59,,1.60,1.53,1.64,1.67,1.75,1.86,1.93,2.22,2.35
2019-12-24,1.55,,1.58,1.58,,1.61,1.53,1.62,1.64,1.72,1.83,1.90,2.20,2.33
2019-12-26,1.59,,1.60,1.58,,1.61,1.53,1.64,1.65,1.72,1.85,1.90,2.19,2.33
2019-12-27,1.56,,1.56,1.57,,1.59,1.51,1.59,1.60,1.68,1.80,1.88,2.18,2.32
2019-12-30,1.51,,1.53,1.57,,1.60,1.57,1.58,1.59,1.68,1.81,1.90,2.21,2.34
2019-12-31,1.48,,1.51,1.55,,1.60,1.59,1.58,1.62,1.69,1.83,1.92,2.25,2.39
2020-01-02,1.53,,1.55,1.54,,1.57,1.56,1.58,1.59,1.67,1.79,1.88,2.19,2.33
2020-01-03,1.52,,1.55,1.52,,1.55,1.55,1.53,1.54,1.59,1.71,1.80,2.11,2.26
2020-01-06,1.54,,1.54,1.56,,1.56,1.54,1.54,1.56,1.61,1.72,1.81,2.13,2.28
2020-01-07,1.52,,1.53,1.54,,1.56,1.53,1.54,1.55,1.62,1.74,1.83,2.16,2.31
2020-01-08,1.50,,1.53,1.54,,1.56,1.55,1.58,1.61,1.67,1.78,1.87,2.21,2.35
2020-01-09,1.53,,1.55,1.54,,1.56,1.54,1.58,1.59,1.65,1.77,1.85,2.17,2.38
2020-01-10,1.52,,1.55,1.54,,1.55,1.53,1.56,1.59,1.63,1.74,1.83,2.14,2.28
2020-01-13,1.54,,1.56,1.57,,1.57,1.53,1.58,1.60,1.65,1.76,1.85,2.16,2.30
2020-01-14,1.53,,1.56,1.57,,1.57,1.53,1.58,1.59,1.63,1.74,1.82,2.12,2.27
2020-01-15,1.53,,1.56,1.57,,1.58,1.54,1.56,1.56,1.60,1.71,1.79,2.09,2.23
2020-01-16,1.54,,1.56,1.55,,1.56,1.54,1.58,1.58,1.63,1.73,1.81,2.11,2.26
2020-01-17,1.54,,1.56,1.56,,1.57,1.56,1.58,1.56,1.63,1.74,1.84,2.16,2.29
2020-01-21,1.52,,1.54,1.56,,1.57,1.54,1.53,1.53,1.57,1.69,1.78,2.10,2.23
2020-01-22,1.52,,1.53,1.55,,1.56,1.55,1.53,1.52,1.57,1.68,1.77,2.07,2.22
2020-01-23,1.55,,1.57,1.55,,1.56,1.55,1.51,1.51,1.55,1.65,1.74,2.03,2.18
2020-01-24,1.54,,1.55,1.54,,1.55,1.55,1.49,1.48,1.51,1.61,1.70,2.00,2.14
2020-01-27,1.53,,1.55,1.55,,1.57,1.53,1.44,1.41,1.44,1.52,1.61,1.91,2.05
2020-01-28,1.53,,1.57,1.57,,1.58,1.53,1.45,1.45,1.47,1.56,1.65,1.95,2.10
2020-01-29,1.52,,1.55,1.56,,1.57,1.51,1.42,1.39,1.41,1.51,1.60,1.89,2.05
2020-01-30,1.59,,1.58,1.57,,1.57,1.48,1.41,1.37,1.39,1.49,1.57,1.88,2.04
2020-01-31,1.56,,1.57,1.55,,1.54,1.45,1.33,1.30,1.32,1.42,1.51,1.83,1.99
2020-02-03,1.56,,1.57,1.57,,1.56,1.46,1.36,1.34,1.35,1.45,1.54,1.84,2.01
2020-02-04,1.55,,1.57,1.57,,1.57,1.48,1.41,1.40,1.42,1.52,1.61,1.91,2.08
2020-02-05,1.55,,1.56,1.57,,1.57,1.49,1.44,1.43,1.46,1.57,1.66,1.97,2.14
2020-02-06,1.59,,1.59,1.57,,1.58,1.51,1.44,1.43,1.45,1.56,1.65,1.94,2.11
2020-02-07,1.57,,1.58,1.56,,1.57,1.49,1.41,1.39,1.41,1.51,1.59,1.89,2.05
2020-02-10,1.58,,1.58,1.58,,1.58,1.45,1.37,1.36,1.38,1.47,1.56,1.87,2.03
2020-02-11,1.57,,1.58,1.57,,1.55,1.48,1.41,1.39,1.40,1.50,1.59,1.89,2.05
2020-02-12,1.57,,1.59,1.58,,1.56,1.49,1.44,1.42,1.45,1.55,1.62,1.93,2.09
2020-02-13,1.59,,1.59,1.59,,1.56,1.48,1.44,1.42,1.43,1.53,1.61,1.91,2.07
2020-02-14,1.60,,1.60,1.58,,1.56,1.49,1.42,1.40,1.42,1.51,1.59,1.89,2.04
2020-02-18,1.61,,1.60,1.58,,1.56,1.47,1.41,1.37,1.39,1.48,1.55,1.85,2.00
2020-02-19,1.61,,1.61,1.58,,1.56,1.47,1.42,1.39,1.41,1.50,1.56,1.86,2.01
2020-02-20,1.61,,1.60,1.58,,1.55,1.46,1.39,1.35,1.37,1.45,1.52,1.81,1.97
2020-02-21,1.60,,1.60,1.56,,1.53,1.43,1.34,1.30,1.30,1.39,1.46,1.75,1.90
2020-02-24,1.60,,1.59,1.53,,1.49,1.35,1.26,1.21,1.21,1.30,1.38,1.68,1.84
2020-02-25,1.59,,1.58,1.53,,1.47,1.30,1.20,1.16,1.16,1.25,1.33,1.63,1.80
2020-02-26,1.59,,1.56,1.53,,1.42,1.26,1.16,1.14,1.14,1.25,1.33,1.64,1.81
2020-02-27,1.56,,1.53,1.45,,1.33,1.18,1.11,1.08,1.11,1.22,1.30,1.61,1.79
2020-02-28,1.45,,1.37,1.27,,1.11,0.97,0.86,0.85,0.89,1.03,1.13,1.46,1.65
2020-03-02,1.41,,1.27,1.13,,0.95,0.89,0.84,0.85,0.88,1.01,1.10,1.46,1.66
2020-03-03,1.11,,1.05,0.95,,0.83,0.73,0.71,0.72,0.77,0.91,1.02,1.44,1.64
2020-03-04,1.00,,0.87,0.72,,0.68,0.59,0.67,0.68,0.75,0.90,1.02,1.45,1.67
2020-03-05,0.92,,0.83,0.62,,0.53,0.48,0.59,0.61,0.67,0.81,0.92,1.34,1.56
2020-03-06,0.79,,0.64,0.45,,0.41,0.39,0.49,0.53,0.58,0.69,0.74,1.09,1.25
2020-03-09,0.57,,0.52,0.33,,0.27,0.31,0.38,0.40,0.46,0.56,0.54,0.87,0.99
2020-03-10,0.57,,0.55,0.44,,0.43,0.43,0.50,0.58,0.63,0.73,0.76,1.16,1.28
2020-03-11,0.42,,0.42,0.42,,0.40,0.40,0.50,0.58,0.66,0.78,0.82,1.13,1.30
2020-03-12,0.41,,0.33,0.33,,0.37,0.39,0.50,0.58,0.66,0.82,0.88,1.27,1.49
2020-03-13,0.33,,0.30,0.28,,0.38,0.38,0.49,0.58,0.70,0.89,0.94,1.31,1.56
2020-03-16,0.25,,0.25,0.24,,0.29,0.29,0.36,0.43,0.49,0.67,0.73,1.10,1.34
2020-03-17,0.12,,0.18,0.19,,0.24,0.30,0.47,0.54,0.66,0.91,1.02,1.45,1.63
2020-03-18,0.04,,0.03,0.02,,0.08,0.21,0.54,0.66,0.79,1.08,1.18,1.60,1.77
2020-03-19,0.04,,0.04,0.04,,0.06,0.20,0.44,0.53,0.66,1.00,1.12,1.56,1.78
2020-03-20,0.04,,0.05,0.05,,0.05,0.15,0.37,0.41,0.52,0.82,0.92,1.35,1.55
2020-03-23,0.01,,0.04,0.02,,0.08,0.17,0.28,0.31,0.38,0.63,0.76,1.12,1.33
2020-03-24,0.01,,0.01,0.01,,0.09,0.25,0.38,0.44,0.52,0.75,0.84,1.19,1.39
2020-03-25,0.00,,0.00,0.00,,0.07,0.19,0.34,0.41,0.56,0.77,0.88,1.23,1.45
2020-03-26,0.01,,0.01,0.00,,0.04,0.13,0.30,0.36,0.51,0.72,0.83,1.20,1.42
2020-03-27,0.01,,0.03,0.03,,0.02,0.11,0.25,0.30,0.41,0.60,0.72,1.09,1.29
2020-03-30,0.04,,0.07,0.12,,0.12,0.14,0.23,0.29,0.39,0.57,0.70,1.10,1.31
2020-03-31,0.05,,0.12,0.11,,0.15,0.17,0.23,0.29,0.37,0.55,0.70,1.15,1.35
2020-04-01,0.03,,0.07,0.09,,0.14,0.16,0.23,0.28,0.37,0.51,0.62,1.04,1.27
2020-04-02,0.09,,0.10,0.09,,0.15,0.14,0.23,0.29,0.39,0.53,0.63,1.04,1.26
2020-04-03,0.09,,0.11,0.10,,0.15,0.15,0.23,0.30,0.39,0.52,0.62,1.05,1.24
2020-04-06,0.09,,0.13,0.15,,0.17,0.20,0.27,0.35,0.44,0.58,0.67,1.08,1.27
2020-04-07,0.10,,0.13,0.14,,0.20,0.20,0.28,0.36,0.48,0.64,0.75,1.13,1.32
2020-04-08,0.14,,0.17,0.22,,0.24,0.23,0.27,0.34,0.47,0.65,0.77,1.18,1.37
2020-04-09,0.20,,0.27,0.25,,0.24,0.25,0.23,0.29,0.41,0.60,0.73,1.15,1.35
2020-04-13,0.17,,0.29,0.26,,0.27,0.27,0.25,0.31,0.44,0.63,0.76,1.19,1.39
2020-04-14,0.17,,0.19,0.20,,0.24,0.25,0.23,0.29,0.42,0.61,0.76,1.19,1.41
2020-04-15,0.14,,0.15,0.14,,0.19,0.19,0.20,0.24,0.34,0.49,0.63,1.06,1.27
2020-04-16,0.14,,0.15,0.14,,0.18,0.17,0.20,0.25,0.35,0.50,0.61,1.01,1.21
2020-04-17,0.12,,0.12,0.12,,0.16,0.16,0.20,0.26,0.36,0.53,0.65,1.08,1.27
2020-04-20,0.10,,0.10,0.12,,0.15,0.15,0.20,0.26,0.35,0.51,0.63,1.04,1.23
2020-04-21,0.08,,0.08,0.11,,0.14,0.17,0.20,0.24,0.34,0.48,0.58,0.98,1.17
2020-04-22,0.09,,0.09,0.12,,0.14,0.16,0.22,0.26,0.37,0.52,0.63,1.03,1.22
2020-04-23,0.09,,0.12,0.11,,0.14,0.17,0.22,0.26,0.37,0.51,0.61,0.99,1.18
2020-04-24,0.10,,0.11,0.12,,0.14,0.18,0.22,0.26,0.36,0.51,0.60,0.98,1.17
2020-04-27,0.09,,0.13,0.12,,0.15,0.17,0.24,0.29,0.41,0.56,0.67,1.06,1.25
2020-04-28,0.08,,0.09,0.11,,0.13,0.16,0.20,0.26,0.37,0.52,0.62,1.00,1.20
2020-04-29,0.10,,0.09,0.10,,0.12,0.18,0.20,0.24,0.36,0.52,0.63,1.02,1.24
2020-04-30,0.10,,0.10,0.09,,0.11,0.16,0.20,0.24,0.36,0.53,0.64,1.05,1.28
2020-05-01,0.10,,0.11,0.12,,0.12,0.17,0.20,0.25,0.36,0.53,0.64,1.04,1.27
2020-05-04,0.10,,0.10,0.13,,0.14,0.16,0.19,0.24,0.36,0.52,0.64,1.05,1.29
2020-05-05,0.09,,0.11,0.13,,0.15,0.16,0.19,0.24,0.36,0.53,0.66,1.07,1.32
2020-05-06,0.08,,0.10,0.12,,0.16,0.16,0.17,0.24,0.37,0.57,0.72,1.16,1.41
2020-05-07,0.10,,0.11,0.11,,0.14,0.15,0.13,0.19,0.29,0.49,0.63,1.05,1.31
2020-05-08,0.10,,0.11,0.12,,0.15,0.15,0.16,0.21,0.33,0.53,0.69,1.12,1.39
2020-05-11,0.09,,0.11,0.12,,0.16,0.16,0.17,0.24,0.36,0.56,0.73,1.16,1.43
2020-05-12,0.10,,0.11,0.13,,0.16,0.16,0.17,0.22,0.34,0.53,0.69,1.11,1.38
2020-05-13,0.10,,0.10,0.13,,0.15,0.15,0.16,0.20,0.31,0.50,0.64,1.07,1.35
2020-05-14,0.09,,0.10,0.12,,0.15,0.15,0.16,0.20,0.31,0.48,0.63,1.03,1.30
2020-05-15,0.09,,0.09,0.12,,0.15,0.15,0.16,0.19,0.31,0.49,0.64,1.05,1.32
2020-05-18,0.10,,0.11,0.13,,0.15,0.17,0.18,0.24,0.38,0.57,0.73,1.17,1.44
2020-05-19,0.09,,0.11,0.13,,0.15,0.16,0.17,0.22,0.35,0.54,0.70,1.15,1.43
2020-05-20,0.08,,0.11,0.12,,0.14,0.16,0.16,0.21,0.34,0.53,0.68,1.19,1.40
2020-05-21,0.09,,0.11,0.12,,0.14,0.16,0.17,0.21,0.35,0.53,0.68,1.16,1.40
2020-05-22,0.09,,0.11,0.12,,0.16,0.17,0.17,0.21,0.34,0.51,0.66,1.12,1.37
2020-05-26,0.10,,0.12,0.14,,0.17,0.17,0.18,0.22,0.35,0.53,0.69,1.19,1.43
2020-05-27,0.11,,0.14,0.15,,0.17,0.18,0.19,0.22,0.34,0.52,0.68,1.19,1.44
2020-05-28,0.14,,0.15,0.15,,0.18,0.17,0.17,0.22,0.34,0.54,0.70,1.23,1.47
2020-05-29,0.13,,0.14,0.14,,0.18,0.17,0.16,0.19,0.30,0.50,0.65,1.18,1.41
2020-06-01,0.12,,0.14,0.14,,0.18,0.17,0.14,0.20,0.31,0.50,0.66,1.22,1.46
2020-06-02,0.12,,0.13,0.15,,0.18,0.17,0.17,0.20,0.32,0.52,0.68,1.24,1.48
2020-06-03,0.12,,0.14,0.16,,0.19,0.17,0.19,0.26,0.38,0.59,0.77,1.32,1.56
2020-06-04,0.13,,0.15,0.15,,0.18,0.17,0.19,0.26,0.40,0.63,0.82,1.38,1.61
2020-06-05,0.13,,0.14,0.15,,0.18,0.18,0.22,0.29,0.47,0.71,0.91,1.46,1.68
2020-06-08,0.15,,0.15,0.17,,0.19,0.19,0.22,0.29,0.45,0.69,0.88,1.43,1.65
2020-06-09,0.14,,0.17,0.19,,0.19,0.19,0.20,0.25,0.40,0.65,0.84,1.37,1.59
2020-06-10,0.13,,0.16,0.17,,0.19,0.18,0.17,0.22,0.33,0.56,0.75,1.31,1.53
2020-06-11,0.14,,0.16,0.17,,0.18,0.19,0.19,0.22,0.32,0.51,0.66,1.19,1.41
2020-06-12,0.14,,0.15,0.16,,0.18,0.18,0.19,0.22,0.33,0.54,0.71,1.24,1.45
2020-06-15,0.15,,0.16,0.18,,0.19,0.17,0.19,0.22,0.33,0.54,0.71,1.24,1.45
2020-06-16,0.14,,0.15,0.17,,0.19,0.18,0.21,0.23,0.34,0.56,0.75,1.31,1.54
2020-06-17,0.13,,0.15,0.17,,0.18,0.19,0.19,0.23,0.34,0.55,0.74,1.30,1.52
2020-06-18,0.13,,0.14,0.16,,0.17,0.19,0.19,0.22,0.34,0.54,0.71,1.24,1.47
2020-06-19,0.13,,0.14,0.15,,0.17,0.18,0.19,0.22,0.33,0.53,0.70,1.23,1.47
2020-06-22,0.14,,0.15,0.16,,0.18,0.17,0.19,0.22,0.34,0.54,0.71,1.23,1.46
2020-06-23,0.12,,0.14,0.16,,0.17,0.18,0.18,0.22,0.33,0.54,0.72,1.25,1.49
2020-06-24,0.11,,0.14,0.15,,0.17,0.17,0.19,0.21,0.33,0.52,0.69,1.21,1.44
2020-06-25,0.13,,0.14,0.16,,0.17,0.17,0.17,0.21,0.32,0.53,0.68,1.20,1.43
2020-06-26,0.12,,0.15,0.14,,0.17,0.17,0.17,0.19,0.30,0.49,0.64,1.15,1.37
2020-06-29,0.11,,0.14,0.14,,0.18,0.16,0.16,0.18,0.28,0.47,0.64,1.16,1.39
2020-06-30,0.13,,0.14,0.16,,0.18,0.16,0.16,0.18,0.29,0.49,0.66,1.18,1.41
2020-07-01,0.12,,0.12,0.14,,0.17,0.16,0.17,0.19,0.31,0.52,0.69,1.20,1.43
2020-07-02,0.13,,0.14,0.14,,0.16,0.16,0.16,0.19,0.29,0.50,0.68,1.20,1.43
2020-07-06,0.12,,0.14,0.15,,0.16,0.16,0.16,0.19,0.31,0.51,0.69,1.21,1.45
2020-07-07,0.12,,0.14,0.15,,0.17,0.15,0.16,0.19,0.29,0.48,0.65,1.15,1.38
2020-07-08,0.11,,0.13,0.15,,0.17,0.15,0.16,0.19,0.30,0.49,0.67,1.16,1.39
2020-07-09,0.11,,0.12,0.13,,0.16,0.15,0.16,0.18,0.28,0.46,0.62,1.09,1.32
2020-07-10,0.10,,0.12,0.13,,0.15,0.15,0.16,0.19,0.30,0.49,0.65,1.12,1.33
2020-07-13,0.11,,0.12,0.14,,0.15,0.16,0.16,0.19,0.30,0.48,0.64,1.11,1.33
2020-07-14,0.11,,0.14,0.15,,0.14,0.17,0.14,0.19,0.28,0.47,0.63,1.09,1.30
2020-07-15,0.12,,0.13,0.16,,0.15,0.15,0.16,0.18,0.28,0.47,0.64,1.11,1.33
2020-07-16,0.12,,0.11,0.11,,0.13,0.14,0.16,0.17,0.28,0.46,0.62,1.09,1.31
2020-07-17,0.11,,0.11,0.11,,0.13,0.14,0.14,0.18,0.29,0.47,0.64,1.11,1.33
2020-07-20,0.11,,0.12,0.13,,0.14,0.14,0.16,0.18,0.29,0.47,0.62,1.10,1.32
2020-07-21,0.09,,0.11,0.13,,0.13,0.15,0.14,0.17,0.27,0.45,0.61,1.09,1.31
2020-07-22,0.09,,0.12,0.13,,0.14,0.14,0.14,0.17,0.27,0.45,0.60,1.08,1.29
2020-07-23,0.09,,0.11,0.12,,0.13,0.14,0.16,0.16,0.27,0.44,0.59,1.03,1.24
2020-07-24,0.10,,0.11,0.11,,0.14,0.16,0.14,0.17,0.27,0.44,0.59,1.03,1.23
2020-07-27,0.10,,0.10,0.11,,0.14,0.14,0.15,0.18,0.30,0.46,0.62,1.05,1.25
2020-07-28,0.09,,0.11,0.11,,0.12,0.14,0.14,0.16,0.26,0.44,0.59,1.01,1.22
2020-07-29,0.09,,0.10,0.11,,0.12,0.13,0.12,0.15,0.25,0.43,0.58,1.03,1.24
2020-07-30,0.10,,0.10,0.09,,0.11,0.11,0.11,0.14,0.23,0.40,0.55,0.98,1.20
2020-07-31,0.09,,0.09,0.09,,0.10,0.11,0.11,0.11,0.21,0.39,0.55,0.98,1.20
2020-08-03,0.09,,0.09,0.10,,0.11,0.12,0.11,0.13,0.22,0.40,0.56,1.01,1.23
2020-08-04,0.09,,0.09,0.09,,0.11,0.14,0.11,0.10,0.19,0.36,0.52,0.96,1.19
2020-08-05,0.08,,0.09,0.10,,0.12,0.12,0.11,0.13,0.22,0.39,0.55,1.00,1.22
2020-08-06,0.07,,0.11,0.10,,0.11,0.14,0.11,0.13,0.21,0.39,0.55,0.98,1.20
2020-08-07,0.08,,0.09,0.10,,0.12,0.14,0.13,0.14,0.23,0.41,0.57,1.01,1.23
2020-08-10,0.09,,0.11,0.11,,0.13,0.13,0.14,0.15,0.24,0.42,0.59,1.04,1.25
2020-08-11,0.08,,0.10,0.11,,0.12,0.15,0.16,0.18,0.27,0.46,0.64,1.10,1.32
2020-08-12,0.08,,0.10,0.11,,0.12,0.13,0.16,0.19,0.30,0.50,0.69,1.15,1.37
2020-08-13,0.08,,0.10,0.10,,0.12,0.14,0.16,0.19,0.32,0.52,0.71,1.20,1.42
2020-08-14,0.09,,0.10,0.10,,0.12,0.13,0.14,0.18,0.29,0.51,0.71,1.21,1.45
2020-08-17,0.09,,0.10,0.10,,0.12,0.13,0.14,0.18,0.29,0.49,0.69,1.19,1.43
2020-08-18,0.08,,0.09,0.09,,0.13,0.13,0.14,0.17,0.27,0.47,0.67,1.16,1.40
2020-08-19,0.07,,0.09,0.11,,0.12,0.13,0.14,0.17,0.29,0.48,0.68,1.20,1.42
2020-08-20,0.08,,0.09,0.11,,0.13,0.12,0.13,0.15,0.26,0.46,0.65,1.15,1.38
2020-08-21,0.07,,0.09,0.10,,0.12,0.13,0.16,0.16,0.27,0.46,0.64,1.13,1.35
2020-08-24,0.09,,0.10,0.12,,0.12,0.14,0.14,0.18,0.28,0.47,0.65,1.14,1.35
2020-08-25,0.08,,0.10,0.11,,0.12,0.13,0.15,0.18,0.30,0.49,0.69,1.18,1.39
2020-08-26,0.08,,0.10,0.11,,0.12,0.12,0.16,0.18,0.28,0.50,0.69,1.20,1.41
2020-08-27,0.09,,0.10,0.11,,0.11,0.13,0.16,0.19,0.31,0.53,0.74,1.28,1.50
2020-08-28,0.09,,0.09,0.10,,0.11,0.12,0.14,0.16,0.28,0.51,0.74,1.29,1.52
2020-08-31,0.08,,0.10,0.11,,0.13,0.12,0.14,0.15,0.28,0.50,0.72,1.26,1.49
2020-09-01,0.09,,0.11,0.12,,0.13,0.12,0.13,0.14,0.26,0.46,0.68,1.20,1.43
2020-09-02,0.10,,0.10,0.12,,0.12,0.13,0.14,0.16,0.26,0.45,0.66,1.16,1.38
2020-09-03,0.10,,0.11,0.11,,0.12,0.12,0.13,0.15,0.24,0.43,0.63,1.13,1.34
2020-09-04,0.09,,0.10,0.11,,0.12,0.13,0.14,0.18,0.30,0.50,0.72,1.25,1.46
2020-09-08,0.10,,0.10,0.13,,0.14,0.15,0.14,0.17,0.28,0.47,0.69,1.22,1.43
2020-09-09,0.10,,0.11,0.12,,0.14,0.14,0.14,0.17,0.28,0.48,0.71,1.25,1.45
2020-09-10,0.10,,0.11,0.12,,0.12,0.15,0.14,0.17,0.26,0.46,0.68,1.22,1.43
2020-09-11,0.10,,0.11,0.11,,0.12,0.13,0.13,0.16,0.26,0.45,0.67,1.21,1.42
2020-09-14,0.10,,0.11,0.11,,0.13,0.14,0.14,0.16,0.27,0.46,0.68,1.21,1.42
2020-09-15,0.09,,0.10,0.11,,0.12,0.13,0.14,0.16,0.27,0.46,0.68,1.21,1.43
2020-09-16,0.08,,0.11,0.12,,0.12,0.12,0.14,0.16,0.28,0.47,0.69,1.23,1.45
2020-09-17,0.09,,0.09,0.09,,0.11,0.12,0.13,0.16,0.28,0.47,0.69,1.22,1.43
2020-09-18,0.09,,0.10,0.10,,0.12,0.13,0.14,0.16,0.29,0.48,0.70,1.24,1.45
2020-09-21,0.09,,0.10,0.10,,0.11,0.12,0.14,0.16,0.27,0.46,0.68,1.22,1.43
2020-09-22,0.08,,0.09,0.10,,0.11,0.12,0.13,0.15,0.27,0.46,0.68,1.21,1.42
2020-09-23,0.08,,0.09,0.11,,0.11,0.13,0.14,0.15,0.28,0.46,0.68,1.21,1.42
2020-09-24,0.08,,0.09,0.10,,0.11,0.12,0.14,0.16,0.27,0.46,0.67,1.19,1.40
2020-09-25,0.08,,0.09,0.10,,0.11,0.12,0.12,0.15,0.26,0.45,0.66,1.19,1.40
2020-09-28,0.09,,0.10,0.11,,0.11,0.12,0.14,0.16,0.26,0.46,0.67,1.20,1.42
2020-09-29,0.07,,0.08,0.09,,0.11,0.12,0.11,0.13,0.24,0.44,0.66,1.19,1.41
2020-09-30,0.08,,0.08,0.10,,0.11,0.12,0.13,0.16,0.28,0.47,0.69,1.23,1.46
2020-10-01,0.09,,0.09,0.09,,0.10,0.12,0.14,0.16,0.27,0.46,0.68,1.23,1.45
2020-10-02,0.10,,0.09,0.09,,0.11,0.12,0.13,0.16,0.28,0.48,0.70,1.25,1.48
2020-10-05,0.09,,0.10,0.10,,0.11,0.12,0.14,0.19,0.33,0.55,0.78,1.34,1.57
2020-10-06,0.08,,0.09,0.10,,0.11,0.14,0.14,0.17,0.32,0.53,0.76,1.33,1.56
2020-10-07,0.08,,0.09,0.10,,0.12,0.13,0.16,0.21,0.35,0.56,0.81,1.37,1.60
2020-10-08,0.09,,0.09,0.09,,0.12,0.13,0.13,0.18,0.33,0.54,0.78,1.34,1.57
2020-10-09,0.10,,0.11,0.10,,0.12,0.15,0.16,0.20,0.34,0.55,0.79,1.34,1.58
2020-10-13,0.09,,0.09,0.11,,0.12,0.13,0.16,0.18,0.31,0.52,0.74,1.29,1.52
2020-10-14,0.10,,0.10,0.12,,0.12,0.13,0.14,0.18,0.30,0.51,0.73,1.28,1.50
2020-10-15,0.10,,0.10,0.11,,0.12,0.12,0.14,0.18,0.32,0.52,0.74,1.29,1.52
2020-10-16,0.09,,0.10,0.11,,0.12,0.12,0.14,0.18,0.32,0.53,0.76,1.30,1.52
2020-10-19,0.09,,0.10,0.11,,0.11,0.13,0.16,0.19,0.34,0.54,0.78,1.32,1.55
2020-10-20,0.08,,0.09,0.10,,0.12,0.13,0.14,0.19,0.34,0.57,0.81,1.37,1.60
2020-10-21,0.08,,0.09,0.10,,0.12,0.13,0.14,0.20,0.36,0.58,0.83,1.40,1.62
2020-10-22,0.09,,0.09,0.09,,0.11,0.13,0.16,0.21,0.38,0.62,0.87,1.43,1.67
2020-10-23,0.08,,0.09,0.10,,0.11,0.12,0.18,0.21,0.37,0.61,0.85,1.41,1.64
2020-10-26,0.08,,0.09,0.11,,0.12,0.12,0.16,0.18,0.35,0.58,0.81,1.37,1.59
2020-10-27,0.08,,0.09,0.10,,0.11,0.12,0.16,0.19,0.34,0.56,0.79,1.34,1.57
2020-10-28,0.07,,0.09,0.10,,0.11,0.12,0.16,0.19,0.34,0.56,0.79,1.34,1.56
2020-10-29,0.08,,0.10,0.09,,0.10,0.12,0.16,0.20,0.38,0.61,0.85,1.39,1.62
2020-10-30,0.08,,0.09,0.09,,0.11,0.13,0.14,0.19,0.38,0.64,0.88,1.43,1.65
2020-11-02,0.09,,0.09,0.09,,0.11,0.13,0.16,0.20,0.38,0.63,0.87,1.41,1.63
2020-11-03,0.09,,0.10,0.10,,0.12,0.14,0.17,0.21,0.39,0.65,0.90,1.44,1.66
2020-11-04,0.08,,0.09,0.10,,0.10,0.12,0.14,0.18,0.33,0.55,0.78,1.33,1.55
2020-11-05,0.09,,0.10,0.10,,0.10,0.12,0.14,0.18,0.33,0.56,0.79,1.32,1.54
2020-11-06,0.10,,0.10,0.10,,0.11,0.12,0.16,0.21,0.36,0.59,0.83,1.37,1.60
2020-11-09,0.10,,0.10,0.11,,0.11,0.12,0.17,0.25,0.44,0.70,0.96,1.51,1.73
2020-11-10,0.09,,0.09,0.10,,0.11,0.12,0.19,0.26,0.46,0.72,0.98,1.53,1.75
2020-11-12,0.10,,0.11,0.10,,0.10,0.13,0.17,0.23,0.40,0.64,0.88,1.42,1.64
2020-11-13,0.10,,0.09,0.09,,0.10,0.12,0.17,0.23,0.41,0.65,0.89,1.43,1.65
2020-11-16,0.09,,0.10,0.09,,0.12,0.12,0.19,0.24,0.41,0.66,0.91,1.44,1.66
2020-11-17,0.08,,0.08,0.09,,0.10,0.12,0.18,0.22,0.39,0.63,0.87,1.40,1.62
2020-11-18,0.07,,0.09,0.09,,0.10,0.11,0.16,0.22,0.40,0.64,0.88,1.42,1.62
2020-11-19,0.08,,0.08,0.07,,0.10,0.11,0.18,0.22,0.39,0.63,0.86,1.38,1.58
2020-11-20,0.09,,0.09,0.07,,0.10,0.11,0.16,0.21,0.38,0.62,0.83,1.33,1.53
2020-11-23,0.08,,0.08,0.08,,0.08,0.10,0.16,0.22,0.39,0.64,0.86,1.36,1.56
2020-11-24,0.08,,0.08,0.09,,0.10,0.11,0.16,0.22,0.39,0.65,0.88,1.40,1.60
2020-11-25,0.07,,0.07,0.09,,0.09,0.11,0.17,0.21,0.39,0.65,0.88,1.41,1.62
2020-11-27,0.09,,0.09,0.09,,0.10,0.11,0.16,0.20,0.37,0.61,0.84,1.36,1.57
2020-11-30,0.08,,0.08,0.08,,0.09,0.11,0.16,0.19,0.36,0.62,0.84,1.37,1.58
2020-12-01,0.07,,0.07,0.09,,0.10,0.12,0.17,0.22,0.42,0.68,0.92,1.46,1.66
2020-12-02,0.07,,0.08,0.09,,0.10,0.11,0.16,0.22,0.42,0.69,0.95,1.50,1.70
2020-12-03,0.08,,0.08,0.08,,0.09,0.10,0.16,0.21,0.40,0.67,0.92,1.46,1.67
2020-12-04,0.07,,0.07,0.09,,0.10,0.11,0.16,0.21,0.42,0.70,0.97,1.53,1.73
2020-12-07,0.09,,0.08,0.08,,0.10,0.10,0.14,0.20,0.40,0.67,0.94,1.49,1.69
2020-12-08,0.08,,0.08,0.09,,0.09,0.10,0.14,0.20,0.39,0.65,0.92,1.46,1.67
2020-12-09,0.07,,0.07,0.08,,0.09,0.10,0.16,0.21,0.41,0.68,0.95,1.48,1.69
2020-12-10,0.07,,0.08,0.08,,0.09,0.10,0.14,0.20,0.39,0.65,0.92,1.44,1.65
2020-12-11,0.08,,0.08,0.08,,0.08,0.10,0.11,0.18,0.37,0.63,0.90,1.42,1.63
2020-12-14,0.07,,0.08,0.09,,0.08,0.10,0.13,0.17,0.37,0.63,0.90,1.43,1.63
2020-12-15,0.07,,0.08,0.08,,0.08,0.09,0.11,0.18,0.37,0.64,0.92,1.45,1.65
2020-12-16,0.08,,0.08,0.09,,0.09,0.09,0.13,0.18,0.37,0.64,0.92,1.46,1.66
2020-12-17,0.08,,0.09,0.08,,0.09,0.09,0.13,0.19,0.38,0.66,0.94,1.47,1.68
2020-12-18,0.08,,0.08,0.08,,0.09,0.09,0.13,0.19,0.39,0.67,0.95,1.49,1.70
2020-12-21,0.08,,0.09,0.09,,0.09,0.09,0.13,0.18,0.39,0.66,0.95,1.48,1.68
2020-12-22,0.07,,0.09,0.09,,0.09,0.09,0.13,0.17,0.37,0.64,0.93,1.45,1.65
2020-12-23,0.07,,0.08,0.09,,0.09,0.09,0.13,0.18,0.38,0.67,0.96,1.49,1.70
2020-12-24,0.09,,0.09,0.09,,0.09,0.10,0.13,0.17,0.37,0.66,0.94,1.46,1.66
2020-12-28,0.09,,0.10,0.11,,0.11,0.11,0.13,0.17,0.38,0.65,0.94,1.46,1.67
2020-12-29,0.08,,0.09,0.10,,0.12,0.11,0.12,0.17,0.37,0.66,0.94,1.47,1.67
2020-12-30,0.06,,0.06,0.08,,0.09,0.12,0.12,0.17,0.37,0.66,0.93,1.46,1.66
2020-12-31,0.08,,0.08,0.09,,0.09,0.10,0.13,0.17,0.36,0.65,0.93,1.45,1.65
2021-01-04,0.09,,0.09,0.09,,0.09,0.10,0.11,0.16,0.36,0.64,0.93,1.46,1.66
2021-01-05,0.08,,0.09,0.09,,0.09,0.10,0.13,0.17,0.38,0.66,0.96,1.49,1.70
2021-01-06,0.09,,0.09,0.09,,0.09,0.11,0.14,0.20,0.43,0.74,1.04,1.60,1.81
2021-01-07,0.09,,0.09,0.09,,0.09,0.11,0.14,0.22,0.46,0.78,1.08,1.64,1.85
2021-01-08,0.08,,0.08,0.08,,0.09,0.10,0.14,0.24,0.49,0.81,1.13,1.67,1.87
2021-01-11,0.09,,0.08,0.08,,0.10,0.10,0.14,0.22,0.50,0.84,1.15,1.68,1.88
2021-01-12,0.09,,0.08,0.09,,0.09,0.11,0.14,0.23,0.50,0.83,1.15,1.68,1.88
2021-01-13,0.09,,0.08,0.09,,0.10,0.12,0.14,0.22,0.48,0.80,1.10,1.63,1.82
2021-01-14,0.09,,0.09,0.09,,0.09,0.10,0.16,0.23,0.49,0.82,1.15,1.69,1.88
2021-01-15,0.08,,0.09,0.09,,0.10,0.10,0.13,0.20,0.46,0.78,1.11,1.66,1.85
2021-01-19,0.07,,0.09,0.09,,0.11,0.10,0.14,0.21,0.45,0.78,1.10,1.65,1.84
2021-01-20,0.08,,0.08,0.08,,0.10,0.10,0.13,0.19,0.45,0.78,1.10,1.65,1.84
2021-01-21,0.07,,0.09,0.09,,0.09,0.10,0.13,0.19,0.45,0.79,1.12,1.68,1.87
2021-01-22,0.07,,0.08,0.08,,0.10,0.10,0.13,0.19,0.44,0.77,1.10,1.66,1.85
2021-01-25,0.07,,0.08,0.09,,0.09,0.10,0.13,0.17,0.42,0.73,1.05,1.61,1.80
2021-01-26,0.05,,0.07,0.07,,0.09,0.09,0.11,0.18,0.42,0.74,1.05,1.61,1.80
2021-01-27,0.05,,0.06,0.08,,0.09,0.09,0.12,0.18,0.41,0.72,1.04,1.60,1.79
2021-01-28,0.05,,0.06,0.07,,0.08,0.08,0.12,0.18,0.42,0.75,1.07,1.63,1.81
2021-01-29,0.07,,0.07,0.06,,0.07,0.10,0.11,0.19,0.45,0.79,1.11,1.68,1.87
2021-02-01,0.06,,0.07,0.07,,0.08,0.08,0.11,0.17,0.42,0.76,1.09,1.66,1.84
2021-02-02,0.04,,0.05,0.07,,0.08,0.08,0.11,0.18,0.45,0.79,1.12,1.69,1.87
2021-02-03,0.03,,0.04,0.04,,0.06,0.08,0.11,0.19,0.46,0.81,1.15,1.73,1.92
2021-02-04,0.03,,0.04,0.04,,0.06,0.07,0.11,0.18,0.46,0.81,1.15,1.75,1.93
2021-02-05,0.02,,0.03,0.03,,0.05,0.06,0.09,0.19,0.47,0.83,1.19,1.79,1.97
2021-02-08,0.04,,0.03,0.05,,0.05,0.07,0.11,0.20,0.48,0.83,1.19,1.78,1.96
2021-02-09,0.04,,0.04,0.04,,0.06,0.07,0.11,0.19,0.48,0.83,1.18,1.78,1.95
2021-02-10,0.05,,0.04,0.05,,0.06,0.07,0.11,0.19,0.46,0.80,1.15,1.75,1.92
2021-02-11,0.05,,0.05,0.05,,0.06,0.07,0.11,0.19,0.46,0.81,1.16,1.77,1.94
2021-02-12,0.03,,0.04,0.04,,0.05,0.06,0.11,0.20,0.50,0.85,1.20,1.83,2.01
2021-02-16,0.03,,0.04,0.04,,0.06,0.08,0.13,0.23,0.57,0.94,1.30,1.92,2.08
2021-02-17,0.03,,0.04,0.04,,0.06,0.07,0.11,0.21,0.57,0.94,1.29,1.92,2.06
2021-02-18,0.03,,0.03,0.03,,0.04,0.06,0.11,0.21,0.56,0.94,1.29,1.91,2.08
2021-02-19,0.03,,0.03,0.04,,0.06,0.07,0.11,0.22,0.59,0.98,1.34,1.98,2.14
2021-02-22,0.03,,0.02,0.03,,0.04,0.06,0.11,0.22,0.61,1.00,1.37,2.02,2.19
2021-02-23,0.03,,0.02,0.04,,0.05,0.08,0.11,0.22,0.59,1.00,1.37,2.03,2.21
2021-02-24,0.03,,0.03,0.03,,0.05,0.08,0.12,0.24,0.62,1.02,1.38,2.07,2.24
2021-02-25,0.04,,0.03,0.04,,0.06,0.09,0.17,0.34,0.81,1.23,1.54,2.25,2.33
2021-02-26,0.04,,0.04,0.04,,0.05,0.08,0.14,0.30,0.75,1.15,1.44,2.08,2.17
2021-03-01,0.03,,0.03,0.05,,0.07,0.08,0.13,0.27,0.71,1.12,1.45,2.11,2.23
2021-03-02,0.04,,0.04,0.04,,0.06,0.08,0.13,0.26,0.67,1.08,1.42,2.09,2.21
2021-03-03,0.04,,0.04,0.05,,0.07,0.08,0.14,0.29,0.73,1.14,1.47,2.12,2.25
2021-03-04,0.03,,0.05,0.04,,0.07,0.08,0.14,0.32,0.77,1.21,1.54,2.18,2.30
2021-03-05,0.04,,0.04,0.04,,0.07,0.08,0.14,0.32,0.79,1.23,1.56,2.18,2.28
2021-03-08,0.04,,0.04,0.05,,0.06,0.09,0.17,0.34,0.86,1.28,1.59,2.20,2.31
2021-03-09,0.04,,0.04,0.05,,0.07,0.10,0.17,0.35,0.83,1.23,1.55,2.16,2.26
2021-03-10,0.03,,0.03,0.04,,0.06,0.08,0.16,0.32,0.80,1.20,1.53,2.15,2.24
2021-03-11,0.04,,0.04,0.04,,0.05,0.08,0.14,0.31,0.78,1.20,1.54,2.18,2.29
2021-03-12,0.03,,0.03,0.04,,0.06,0.09,0.14,0.34,0.85,1.30,1.64,2.31,2.40
2021-03-15,0.02,,0.02,0.04,,0.06,0.08,0.14,0.33,0.84,1.28,1.62,2.27,2.37
2021-03-16,0.01,,0.02,0.02,,0.06,0.07,0.15,0.33,0.83,1.28,1.62,2.30,2.38
2021-03-17,0.01,,0.02,0.02,,0.05,0.07,0.13,0.29,0.80,1.27,1.63,2.32,2.42
2021-03-18,0.01,,0.01,0.01,,0.03,0.08,0.16,0.33,0.86,1.35,1.71,2.36,2.45
2021-03-19,0.01,,0.01,0.01,,0.03,0.07,0.16,0.33,0.90,1.38,1.74,2.36,2.45
2021-03-22,0.02,,0.02,0.03,,0.05,0.06,0.15,0.32,0.87,1.34,1.69,2.29,2.38
2021-03-23,0.02,,0.02,0.01,,0.04,0.08,0.15,0.31,0.83,1.29,1.63,2.24,2.34
2021-03-24,0.02,,0.02,0.02,,0.04,0.07,0.14,0.31,0.83,1.27,1.62,2.21,2.31
2021-03-25,0.02,,0.03,0.02,,0.04,0.07,0.14,0.30,0.82,1.29,1.63,2.24,2.34
2021-03-26,0.02,,0.02,0.02,,0.04,0.06,0.14,0.31,0.85,1.32,1.67,2.27,2.37
2021-03-29,0.02,,0.03,0.03,,0.04,0.06,0.14,0.32,0.89,1.37,1.73,2.32,2.43
2021-03-30,0.01,,0.01,0.02,,0.04,0.06,0.16,0.33,0.90,1.39,1.73,2.29,2.38
2021-03-31,0.01,,0.01,0.03,,0.05,0.07,0.16,0.35,0.92,1.40,1.74,2.31,2.41
2021-04-01,0.02,,0.02,0.02,,0.04,0.06,0.17,0.35,0.90,1.37,1.69,2.24,2.34
2021-04-02,0.02,,0.02,0.02,,0.04,0.07,0.19,0.39,0.97,1.42,1.72,2.27,2.35
2021-04-05,0.03,,0.02,0.03,,0.04,0.06,0.17,0.37,0.94,1.40,1.73,2.28,2.36
2021-04-06,0.02,,0.02,0.02,,0.04,0.06,0.16,0.35,0.88,1.34,1.67,2.24,2.32
2021-04-07,0.01,,0.02,0.02,,0.04,0.06,0.16,0.34,0.87,1.34,1.68,2.26,2.35
2021-04-08,0.02,,0.02,0.01,,0.04,0.05,0.14,0.33,0.85,1.30,1.64,2.22,2.32
2021-04-09,0.02,,0.01,0.02,,0.03,0.06,0.16,0.35,0.87,1.33,1.67,2.23,2.34
2021-04-12,0.02,,0.02,0.02,,0.04,0.06,0.18,0.38,0.89,1.35,1.69,2.24,2.34
2021-04-13,0.03,,0.02,0.03,,0.05,0.06,0.16,0.35,0.85,1.29,1.64,2.21,2.32
2021-04-14,0.02,,0.02,0.02,,0.04,0.06,0.16,0.35,0.87,1.31,1.64,2.22,2.32
2021-04-15,0.02,,0.01,0.02,,0.04,0.06,0.16,0.32,0.81,1.24,1.56,2.13,2.23
2021-04-16,0.02,,0.02,0.02,,0.04,0.06,0.16,0.34,0.84,1.26,1.59,2.15,2.26
2021-04-19,0.01,,0.02,0.02,,0.04,0.08,0.16,0.34,0.85,1.28,1.61,2.18,2.29
2021-04-20,0.01,,0.02,0.03,,0.04,0.07,0.15,0.31,0.81,1.25,1.58,2.16,2.27
2021-04-21,0.00,,0.02,0.03,,0.04,0.07,0.15,0.32,0.81,1.24,1.57,2.16,2.26
2021-04-22,0.02,,0.02,0.03,,0.04,0.06,0.16,0.32,0.81,1.24,1.57,2.13,2.24
2021-04-23,0.01,,0.02,0.03,,0.03,0.07,0.16,0.34,0.83,1.26,1.58,2.14,2.25
2021-04-26,0.02,,0.02,0.03,,0.04,0.06,0.18,0.35,0.85,1.27,1.58,2.13,2.24
2021-04-27,0.01,,0.02,0.01,,0.04,0.06,0.17,0.36,0.88,1.32,1.63,2.18,2.29
2021-04-28,0.01,,0.01,0.01,,0.04,0.05,0.17,0.35,0.86,1.31,1.63,2.19,2.29
2021-04-29,0.01,,0.01,0.01,,0.04,0.05,0.16,0.35,0.86,1.32,1.65,2.20,2.31
2021-04-30,0.01,,0.02,0.01,,0.03,0.05,0.16,0.35,0.86,1.32,1.65,2.19,2.30
2021-05-03,0.02,,0.02,0.04,,0.04,0.06,0.16,0.33,0.84,1.29,1.63,2.18,2.30
2021-05-04,0.01,,0.01,0.02,,0.04,0.06,0.16,0.33,0.82,1.28,1.61,2.16,2.27
2021-05-05,0.01,,0.01,0.02,,0.04,0.06,0.16,0.32,0.80,1.25,1.59,2.14,2.25
2021-05-06,0.01,,0.02,0.02,,0.04,0.05,0.16,0.32,0.81,1.25,1.58,2.14,2.24
2021-05-07,0.01,,0.01,0.02,,0.04,0.05,0.14,0.29,0.77,1.24,1.60,2.17,2.28
2021-05-10,0.02,,0.01,0.02,,0.04,0.05,0.16,0.32,0.80,1.27,1.63,2.20,2.32
2021-05-11,0.01,,0.01,0.01,,0.04,0.05,0.16,0.31,0.80,1.28,1.64,2.23,2.35
2021-05-12,0.01,,0.02,0.02,,0.04,0.05,0.16,0.35,0.87,1.34,1.69,2.29,2.40
2021-05-13,0.00,,0.01,0.02,,0.03,0.05,0.16,0.33,0.84,1.31,1.66,2.28,2.39
2021-05-14,0.01,,0.01,0.01,,0.03,0.06,0.16,0.33,0.82,1.29,1.63,2.25,2.35
2021-05-17,0.00,,0.01,0.02,,0.04,0.06,0.16,0.34,0.84,1.30,1.64,2.27,2.36
2021-05-18,0.00,,0.01,0.02,,0.03,0.06,0.16,0.34,0.83,1.29,1.64,2.27,2.37
2021-05-19,0.00,,0.01,0.01,,0.03,0.05,0.16,0.35,0.87,1.34,1.68,2.30,2.38
2021-05-20,0.01,,0.01,0.01,,0.03,0.05,0.15,0.34,0.83,1.29,1.63,2.25,2.34
2021-05-21,0.00,,0.01,0.01,,0.02,0.04,0.17,0.34,0.84,1.29,1.63,2.24,2.33
2021-05-24,0.01,,0.01,0.02,,0.03,0.04,0.15,0.32,0.82,1.28,1.61,2.22,2.31
2021-05-25,0.01,,0.01,0.02,,0.04,0.04,0.15,0.30,0.79,1.23,1.56,2.16,2.26
2021-05-26,0.00,,0.00,0.02,,0.04,0.04,0.14,0.31,0.80,1.24,1.58,2.17,2.27
2021-05-27,0.00,,0.01,0.02,,0.04,0.04,0.14,0.31,0.81,1.28,1.61,2.20,2.29
2021-05-28,0.01,,0.01,0.01,,0.03,0.05,0.14,0.30,0.79,1.24,1.58,2.18,2.26
2021-06-01,0.01,,0.01,0.02,,0.04,0.04,0.16,0.31,0.81,1.28,1.62,2.22,2.30
2021-06-02,0.01,,0.01,0.02,,0.04,0.05,0.13,0.30,0.80,1.26,1.59,2.21,2.28
2021-06-03,0.00,,0.01,0.02,,0.04,0.04,0.16,0.34,0.84,1.30,1.63,2.22,2.30
2021-06-04,0.01,,0.02,0.02,,0.04,0.05,0.14,0.32,0.78,1.23,1.56,2.16,2.24
2021-06-07,0.01,,0.02,0.02,,0.04,0.05,0.16,0.33,0.79,1.24,1.57,2.17,2.25
2021-06-08,0.01,,0.02,0.02,,0.04,0.05,0.14,0.32,0.77,1.20,1.53,2.13,2.21
2021-06-09,0.01,,0.02,0.03,,0.04,0.05,0.16,0.31,0.75,1.17,1.50,2.10,2.17
2021-06-10,0.01,,0.02,0.03,,0.04,0.05,0.14,0.30,0.73,1.14,1.45,2.07,2.15
2021-06-11,0.01,,0.02,0.03,,0.04,0.05,0.16,0.31,0.76,1.16,1.47,2.08,2.15
2021-06-14,0.01,,0.02,0.03,,0.05,0.05,0.16,0.33,0.80,1.20,1.51,2.12,2.19
2021-06-15,0.02,,0.02,0.03,,0.05,0.08,0.16,0.34,0.79,1.21,1.51,2.12,2.20
2021-06-16,0.04,,0.04,0.04,,0.06,0.08,0.21,0.41,0.89,1.29,1.57,2.13,2.20
2021-06-17,0.05,,0.04,0.04,,0.06,0.08,0.23,0.43,0.90,1.27,1.52,2.05,2.11
2021-06-18,0.05,,0.05,0.05,,0.06,0.09,0.26,0.47,0.89,1.22,1.45,1.97,2.01
2021-06-21,0.04,,0.04,0.05,,0.06,0.09,0.27,0.48,0.90,1.25,1.50,2.05,2.11
2021-06-22,0.04,,0.05,0.04,,0.06,0.09,0.25,0.44,0.87,1.23,1.48,2.03,2.10
2021-06-23,0.04,,0.04,0.05,,0.05,0.08,0.26,0.47,0.90,1.25,1.50,2.04,2.11
2021-06-24,0.05,,0.05,0.05,,0.05,0.08,0.26,0.48,0.90,1.26,1.49,2.03,2.10
2021-06-25,0.05,,0.05,0.06,,0.06,0.09,0.28,0.48,0.92,1.29,1.54,2.09,2.16
2021-06-28,0.04,,0.05,0.05,,0.06,0.08,0.25,0.47,0.90,1.25,1.49,2.04,2.10
2021-06-29,0.04,,0.04,0.04,,0.06,0.08,0.27,0.47,0.89,1.24,1.49,2.03,2.10
2021-06-30,0.05,,0.05,0.05,,0.06,0.07,0.25,0.46,0.87,1.21,1.45,2.00,2.06
2021-07-01,0.05,,0.05,0.05,,0.05,0.09,0.25,0.47,0.89,1.24,1.48,2.01,2.07
2021-07-02,0.05,,0.05,0.05,,0.05,0.08,0.24,0.45,0.86,1.19,1.44,1.98,2.05
2021-07-06,0.05,,0.05,0.05,,0.06,0.07,0.22,0.42,0.81,1.13,1.37,1.92,2.00
2021-07-07,0.05,,0.05,0.05,,0.05,0.08,0.22,0.41,0.79,1.09,1.33,1.87,1.94
2021-07-08,0.06,,0.05,0.06,,0.06,0.07,0.19,0.37,0.74,1.06,1.30,1.84,1.91
2021-07-09,0.06,,0.05,0.06,,0.05,0.08,0.23,0.41,0.79,1.12,1.37,1.91,1.99
2021-07-12,0.05,,0.05,0.05,,0.06,0.08,0.23,0.43,0.81,1.13,1.38,1.93,2.00
2021-07-13,0.05,,0.05,0.05,,0.06,0.08,0.26,0.47,0.85,1.16,1.42,1.96,2.04
2021-07-14,0.06,,0.05,0.06,,0.05,0.08,0.23,0.44,0.80,1.11,1.37,1.91,1.98
2021-07-15,0.05,,0.05,0.05,,0.05,0.07,0.23,0.43,0.78,1.07,1.31,1.85,1.92
2021-07-16,0.05,,0.05,0.05,,0.05,0.08,0.25,0.43,0.79,1.08,1.31,1.86,1.93
2021-07-19,0.05,,0.05,0.05,,0.06,0.07,0.21,0.38,0.70,0.97,1.19,1.74,1.81
2021-07-20,0.05,,0.05,0.05,,0.06,0.08,0.20,0.37,0.69,0.98,1.23,1.79,1.88
2021-07-21,0.04,,0.04,0.05,,0.05,0.07,0.22,0.39,0.74,1.05,1.30,1.87,1.94
2021-07-22,0.04,,0.04,0.05,,0.05,0.07,0.20,0.37,0.71,1.02,1.27,1.82,1.90
2021-07-23,0.05,,0.05,0.05,,0.05,0.07,0.22,0.38,0.72,1.04,1.30,1.85,1.92
2021-07-26,0.05,,0.05,0.05,,0.06,0.08,0.22,0.38,0.73,1.04,1.29,1.85,1.93
2021-07-27,0.04,,0.05,0.05,,0.05,0.07,0.20,0.37,0.71,1.01,1.25,1.81,1.89
2021-07-28,0.04,,0.05,0.05,,0.05,0.07,0.20,0.38,0.72,1.01,1.26,1.83,1.90
2021-07-29,0.05,,0.05,0.06,,0.05,0.08,0.20,0.37,0.73,1.04,1.28,1.84,1.91
2021-07-30,0.05,,0.05,0.06,,0.05,0.07,0.19,0.35,0.69,1.00,1.24,1.81,1.89
2021-08-02,0.05,,0.05,0.05,,0.06,0.07,0.17,0.33,0.66,0.96,1.20,1.77,1.86
2021-08-03,0.05,,0.05,0.05,,0.06,0.07,0.17,0.33,0.65,0.95,1.19,1.76,1.85
2021-08-04,0.05,,0.05,0.05,,0.05,0.07,0.17,0.34,0.67,0.96,1.19,1.74,1.83
2021-08-05,0.05,,0.05,0.05,,0.06,0.08,0.21,0.38,0.72,1.01,1.23,1.77,1.86
2021-08-06,0.04,,0.05,0.06,,0.06,0.09,0.21,0.42,0.77,1.07,1.31,1.85,1.94
2021-08-09,0.04,,0.05,0.06,,0.06,0.08,0.23,0.43,0.79,1.09,1.33,1.87,1.96
2021-08-10,0.05,,0.05,0.05,,0.05,0.08,0.24,0.47,0.82,1.12,1.36,1.90,1.99
2021-08-11,0.05,,0.05,0.05,,0.06,0.08,0.23,0.45,0.81,1.11,1.35,1.90,1.99
2021-08-12,0.05,,0.06,0.06,,0.06,0.09,0.23,0.46,0.83,1.13,1.36,1.92,2.03
2021-08-13,0.04,,0.05,0.06,,0.05,0.08,0.23,0.44,0.79,1.08,1.29,1.85,1.94
2021-08-16,0.04,,0.05,0.06,,0.05,0.08,0.21,0.42,0.75,1.04,1.26,1.82,1.92
2021-08-17,0.03,,0.05,0.07,,0.06,0.07,0.23,0.43,0.77,1.05,1.26,1.82,1.92
2021-08-18,0.03,,0.05,0.07,,0.05,0.07,0.23,0.43,0.79,1.06,1.27,1.84,1.91
2021-08-19,0.04,,0.05,0.06,,0.05,0.06,0.22,0.44,0.78,1.04,1.24,1.80,1.88
2021-08-20,0.04,,0.05,0.05,,0.05,0.06,0.23,0.44,0.80,1.06,1.26,1.79,1.87
2021-08-23,0.04,,0.05,0.05,,0.06,0.07,0.23,0.43,0.78,1.05,1.25,1.79,1.87
2021-08-24,0.03,,0.05,0.05,,0.05,0.06,0.24,0.44,0.80,1.08,1.29,1.83,1.91
2021-08-25,0.04,,0.05,0.06,,0.06,0.07,0.23,0.47,0.84,1.13,1.35,1.88,1.96
2021-08-26,0.04,,0.06,0.05,,0.06,0.07,0.25,0.46,0.84,1.13,1.34,1.87,1.94
2021-08-27,0.04,,0.06,0.05,,0.05,0.07,0.22,0.41,0.79,1.09,1.31,1.84,1.91
2021-08-30,0.04,,0.07,0.05,,0.05,0.08,0.20,0.40,0.77,1.07,1.29,1.82,1.90
2021-08-31,0.03,,0.05,0.04,,0.06,0.07,0.20,0.40,0.77,1.08,1.30,1.85,1.92
2021-09-01,0.04,,0.06,0.05,,0.06,0.07,0.20,0.42,0.78,1.08,1.31,1.84,1.92
2021-09-02,0.05,,0.07,0.05,,0.06,0.07,0.20,0.42,0.78,1.07,1.29,1.83,1.90
2021-09-03,0.04,,0.07,0.05,,0.05,0.08,0.21,0.42,0.78,1.09,1.33,1.87,1.94
2021-09-07,0.04,,0.07,0.05,,0.06,0.08,0.22,0.45,0.82,1.14,1.38,1.91,1.99
2021-09-08,0.05,,0.06,0.05,,0.06,0.08,0.22,0.43,0.81,1.11,1.35,1.88,1.95
2021-09-09,0.07,,0.06,0.04,,0.05,0.07,0.23,0.43,0.79,1.08,1.30,1.83,1.90
2021-09-10,0.06,,0.06,0.05,,0.06,0.08,0.23,0.45,0.82,1.12,1.35,1.86,1.94
2021-09-13,0.06,,0.08,0.06,,0.06,0.07,0.21,0.44,0.81,1.11,1.33,1.83,1.91
2021-09-14,0.05,,0.06,0.04,,0.05,0.07,0.21,0.43,0.79,1.07,1.28,1.78,1.85
2021-09-15,0.04,,0.06,0.04,,0.05,0.07,0.21,0.43,0.81,1.10,1.31,1.80,1.87
2021-09-16,0.06,,0.06,0.04,,0.05,0.07,0.23,0.46,0.84,1.13,1.34,1.83,1.88
2021-09-17,0.06,,0.06,0.04,,0.05,0.07,0.23,0.47,0.88,1.17,1.37,1.85,1.91
2021-09-20,0.06,,0.05,0.04,,0.05,0.07,0.23,0.45,0.83,1.12,1.31,1.79,1.85
2021-09-21,0.05,,0.04,0.03,,0.04,0.07,0.22,0.46,0.84,1.13,1.33,1.81,1.86
2021-09-22,0.04,,0.04,0.03,,0.05,0.08,0.25,0.48,0.86,1.13,1.32,1.78,1.84
2021-09-23,0.05,,0.04,0.03,,0.04,0.08,0.27,0.53,0.94,1.22,1.41,1.87,1.92
2021-09-24,0.06,,0.04,0.03,,0.05,0.08,0.29,0.55,0.97,1.27,1.47,1.94,1.99
2021-09-27,0.06,,0.03,0.04,,0.05,0.09,0.31,0.56,0.98,1.30,1.48,1.95,1.99
2021-09-28,0.07,,0.04,0.04,,0.06,0.09,0.31,0.55,1.02,1.34,1.54,2.02,2.07
2021-09-29,0.05,,0.04,0.04,,0.05,0.09,0.30,0.55,1.01,1.34,1.55,2.04,2.09
2021-09-30,0.07,,0.05,0.04,,0.05,0.09,0.28,0.53,0.98,1.32,1.52,2.02,2.08
2021-10-01,0.08,,0.04,0.04,,0.05,0.09,0.27,0.49,0.93,1.26,1.48,1.99,2.04
2021-10-04,0.09,,0.04,0.04,,0.06,0.09,0.27,0.52,0.95,1.27,1.49,1.99,2.05
2021-10-05,0.10,,0.04,0.04,,0.06,0.09,0.28,0.54,0.98,1.32,1.54,2.04,2.10
2021-10-06,0.06,,0.04,0.04,,0.06,0.10,0.30,0.55,0.99,1.32,1.53,2.02,2.08
2021-10-07,0.03,,0.09,0.05,,0.06,0.10,0.32,0.57,1.02,1.36,1.58,2.08,2.13
2021-10-08,0.02,,0.07,0.05,,0.07,0.09,0.32,0.59,1.05,1.39,1.61,2.11,2.16
2021-10-12,0.03,,0.07,0.06,,0.06,0.10,0.35,0.64,1.08,1.39,1.59,2.05,2.10
2021-10-13,0.03,,0.06,0.05,,0.06,0.11,0.37,0.66,1.09,1.38,1.56,2.00,2.05
2021-10-14,0.05,,0.08,0.05,,0.06,0.10,0.36,0.62,1.05,1.34,1.52,1.97,2.02
2021-10-15,0.04,,0.08,0.05,,0.06,0.12,0.41,0.70,1.13,1.42,1.59,2.02,2.05
2021-10-18,0.05,,0.09,0.06,,0.06,0.11,0.44,0.72,1.16,1.43,1.59,1.99,2.01
2021-10-19,0.06,,0.09,0.05,,0.06,0.11,0.41,0.71,1.17,1.47,1.65,2.07,2.09
2021-10-20,0.06,,0.07,0.05,,0.06,0.10,0.40,0.70,1.16,1.46,1.65,2.09,2.12
2021-10-21,0.06,,0.08,0.06,,0.06,0.12,0.45,0.78,1.23,1.52,1.68,2.10,2.13
2021-10-22,0.05,,0.09,0.06,,0.07,0.13,0.48,0.79,1.22,1.49,1.66,2.06,2.08
2021-10-25,0.07,,0.10,0.06,,0.06,0.14,0.47,0.76,1.19,1.47,1.64,2.07,2.09
2021-10-26,0.06,,0.08,0.06,,0.06,0.14,0.47,0.77,1.20,1.46,1.63,2.03,2.05
2021-10-27,0.06,,0.07,0.06,,0.07,0.12,0.50,0.77,1.16,1.41,1.54,1.93,1.95
2021-10-28,0.06,,0.10,0.06,,0.06,0.15,0.50,0.77,1.18,1.44,1.57,1.98,1.96
2021-10-29,0.06,,0.08,0.05,,0.07,0.15,0.48,0.75,1.18,1.44,1.55,1.98,1.93
2021-11-01,0.05,,0.09,0.05,,0.06,0.15,0.50,0.79,1.20,1.46,1.58,2.01,1.98
2021-11-02,0.05,,0.06,0.05,,0.07,0.15,0.46,0.73,1.15,1.42,1.56,1.97,1.96
2021-11-03,0.05,,0.07,0.05,,0.07,0.17,0.47,0.77,1.19,1.46,1.60,2.01,2.00
2021-11-04,0.05,,0.05,0.04,,0.07,0.14,0.41,0.69,1.10,1.37,1.53,1.96,1.96
2021-11-05,0.05,,0.06,0.05,,0.07,0.14,0.39,0.66,1.04,1.30,1.45,1.88,1.87
2021-11-08,0.04,,0.06,0.06,,0.07,0.16,0.45,0.75,1.13,1.38,1.51,1.91,1.89
2021-11-09,0.04,,0.05,0.04,,0.06,0.14,0.41,0.71,1.08,1.32,1.46,1.86,1.83
2021-11-10,0.06,,0.06,0.05,,0.07,0.17,0.51,0.83,1.23,1.45,1.56,1.96,1.92
2021-11-12,0.05,,0.05,0.05,,0.07,0.17,0.53,0.85,1.24,1.47,1.58,1.99,1.95
2021-11-15,0.06,,0.06,0.05,,0.06,0.18,0.53,0.87,1.26,1.51,1.63,2.05,2.01
2021-11-16,0.06,,0.06,0.05,,0.07,0.17,0.54,0.87,1.27,1.52,1.63,2.06,2.02
2021-11-17,0.06,,0.05,0.05,,0.06,0.18,0.52,0.85,1.24,1.49,1.60,2.04,2.00
2021-11-18,0.12,,0.05,0.05,,0.06,0.18,0.52,0.84,1.22,1.47,1.59,2.01,1.97
2021-11-19,0.11,,0.04,0.05,,0.06,0.18,0.52,0.86,1.22,1.45,1.54,1.95,1.91
2021-11-22,0.07,,0.03,0.05,,0.07,0.20,0.63,0.95,1.33,1.55,1.63,2.03,1.98
2021-11-23,0.06,,0.04,0.06,,0.07,0.21,0.60,0.95,1.33,1.58,1.67,2.08,2.02
2021-11-24,0.14,,0.05,0.06,,0.10,0.24,0.64,0.97,1.34,1.58,1.64,2.03,1.96
2021-11-26,0.11,,0.04,0.06,,0.10,0.20,0.50,0.81,1.16,1.40,1.48,1.89,1.83
2021-11-29,0.07,,0.04,0.06,,0.10,0.21,0.51,0.83,1.18,1.42,1.52,1.93,1.87
2021-11-30,0.11,,0.05,0.05,,0.10,0.24,0.52,0.81,1.14,1.36,1.43,1.85,1.78
2021-12-01,0.09,,0.04,0.06,,0.10,0.25,0.56,0.85,1.15,1.35,1.43,1.84,1.77
2021-12-02,0.05,,0.05,0.05,,0.09,0.27,0.63,0.90,1.21,1.38,1.44,1.87,1.76
2021-12-03,0.04,,0.05,0.06,,0.09,0.26,0.60,0.86,1.13,1.29,1.35,1.77,1.69
2021-12-06,0.05,,0.05,0.05,,0.12,0.28,0.65,0.91,1.21,1.38,1.43,1.84,1.75
2021-12-07,0.05,,0.06,0.06,,0.15,0.31,0.70,0.99,1.26,1.43,1.48,1.88,1.80
2021-12-08,0.04,,0.05,0.07,,0.13,0.29,0.68,0.99,1.27,1.44,1.52,1.93,1.87
2021-12-09,0.03,,0.06,0.06,,0.12,0.28,0.70,0.99,1.26,1.42,1.49,1.91,1.87
2021-12-10,0.03,,0.06,0.06,,0.13,0.27,0.67,0.98,1.25,1.42,1.48,1.91,1.88
2021-12-13,0.01,,0.05,0.05,,0.11,0.27,0.66,0.95,1.21,1.37,1.42,1.86,1.81
2021-12-14,0.02,,0.05,0.05,,0.13,0.26,0.67,0.98,1.23,1.39,1.44,1.87,1.82
2021-12-15,0.03,,0.05,0.05,,0.13,0.29,0.69,1.00,1.26,1.42,1.47,1.91,1.86
2021-12-16,0.04,,0.06,0.05,,0.13,0.26,0.64,0.92,1.19,1.36,1.44,1.91,1.87
2021-12-17,0.03,,0.04,0.05,,0.13,0.27,0.66,0.93,1.18,1.34,1.41,1.87,1.82
2021-12-20,0.03,,0.05,0.07,,0.16,0.27,0.65,0.91,1.17,1.34,1.43,1.90,1.85
2021-12-21,0.03,,0.04,0.07,,0.16,0.29,0.70,0.96,1.24,1.40,1.48,1.92,1.89
2021-12-22,0.03,,0.04,0.08,,0.16,0.28,0.68,0.96,1.23,1.39,1.46,1.89,1.86
2021-12-23,0.04,,0.05,0.07,,0.18,0.31,0.71,0.97,1.25,1.42,1.50,1.94,1.91
2021-12-27,0.04,,0.05,0.06,,0.21,0.33,0.76,0.98,1.26,1.41,1.48,1.92,1.88
2021-12-28,0.03,,0.04,0.06,,0.20,0.39,0.74,0.99,1.27,1.41,1.49,1.94,1.90
2021-12-29,0.01,,0.02,0.05,,0.19,0.38,0.75,0.99,1.29,1.47,1.55,2.00,1.96
2021-12-30,0.06,,0.06,0.05,,0.19,0.38,0.73,0.98,1.27,1.44,1.52,1.97,1.93
2021-12-31,0.06,,0.05,0.06,,0.19,0.39,0.73,0.97,1.26,1.44,1.52,1.94,1.90
2022-01-03,0.05,,0.06,0.08,,0.22,0.40,0.78,1.04,1.37,1.55,1.63,2.05,2.01
2022-01-04,0.06,,0.05,0.08,,0.22,0.38,0.77,1.02,1.37,1.57,1.66,2.10,2.07
2022-01-05,0.05,,0.06,0.09,,0.22,0.41,0.83,1.10,1.43,1.62,1.71,2.12,2.09
2022-01-06,0.04,,0.05,0.10,,0.23,0.45,0.88,1.15,1.47,1.66,1.73,2.12,2.09
2022-01-07,0.05,,0.05,0.10,,0.24,0.43,0.87,1.17,1.50,1.69,1.76,2.15,2.11
2022-01-10,0.05,,0.06,0.13,,0.28,0.46,0.92,1.21,1.53,1.71,1.78,2.15,2.11
2022-01-11,0.04,,0.05,0.11,,0.28,0.46,0.90,1.22,1.51,1.69,1.75,2.13,2.08
2022-01-12,0.04,,0.06,0.12,,0.27,0.48,0.92,1.21,1.50,1.67,1.74,2.13,2.08
2022-01-13,0.05,,0.05,0.12,,0.28,0.47,0.91,1.18,1.47,1.64,1.70,2.10,2.05
2022-01-14,0.05,,0.05,0.13,,0.30,0.51,0.99,1.26,1.55,1.72,1.78,2.18,2.12
2022-01-18,0.05,,0.06,0.16,,0.37,0.58,1.06,1.35,1.65,1.82,1.87,2.24,2.18
2022-01-19,0.05,,0.06,0.17,,0.36,0.57,1.04,1.33,1.62,1.78,1.83,2.20,2.14
2022-01-20,0.05,,0.09,0.17,,0.36,0.60,1.08,1.34,1.62,1.77,1.83,2.19,2.14
2022-01-21,0.05,,0.08,0.17,,0.35,0.58,1.01,1.28,1.54,1.70,1.75,2.13,2.07
2022-01-24,0.05,,0.09,0.19,,0.39,0.58,0.99,1.25,1.53,1.69,1.75,2.15,2.10
2022-01-25,0.05,,0.09,0.19,,0.39,0.65,1.02,1.28,1.56,1.73,1.78,2.18,2.12
2022-01-26,0.06,,0.11,0.19,,0.40,0.70,1.13,1.39,1.66,1.81,1.85,2.22,2.16
2022-01-27,0.04,,0.14,0.20,,0.43,0.75,1.18,1.43,1.66,1.78,1.81,2.17,2.09
2022-01-28,0.04,,0.10,0.19,,0.43,0.75,1.15,1.38,1.61,1.74,1.78,2.14,2.07
2022-01-31,0.03,,0.13,0.22,,0.49,0.78,1.18,1.39,1.62,1.75,1.79,2.17,2.11
2022-02-01,0.04,,0.10,0.19,,0.48,0.78,1.18,1.39,1.63,1.76,1.81,2.19,2.12
2022-02-02,0.04,,0.10,0.19,,0.45,0.76,1.16,1.38,1.60,1.74,1.78,2.17,2.11
2022-02-03,0.03,,0.15,0.20,,0.48,0.78,1.19,1.42,1.66,1.78,1.82,2.20,2.14
2022-02-04,0.05,,0.12,0.23,,0.56,0.89,1.31,1.55,1.78,1.90,1.93,2.29,2.23
2022-02-07,0.03,,0.14,0.27,,0.58,0.88,1.30,1.54,1.76,1.88,1.92,2.28,2.22
2022-02-08,0.03,,0.14,0.25,,0.59,0.91,1.35,1.59,1.81,1.93,1.96,2.31,2.25
2022-02-09,0.04,,0.15,0.26,,0.57,0.91,1.36,1.61,1.82,1.92,1.94,2.31,2.25
2022-02-10,0.05,,0.31,0.40,,0.74,1.14,1.61,1.82,1.96,2.03,2.03,2.37,2.30
2022-02-11,0.03,,0.22,0.36,,0.71,1.07,1.50,1.71,1.84,1.92,1.92,2.30,2.24
2022-02-14,0.03,,0.25,0.43,,0.76,1.13,1.58,1.80,1.90,1.98,1.98,2.35,2.29
2022-02-15,0.02,,0.19,0.40,,0.72,1.11,1.58,1.80,1.94,2.03,2.05,2.42,2.37
2022-02-16,0.03,,0.17,0.38,,0.67,1.09,1.52,1.75,1.90,2.00,2.03,2.39,2.34
2022-02-17,0.06,,0.23,0.36,,0.65,1.05,1.49,1.70,1.85,1.94,1.97,2.35,2.31
2022-02-18,0.03,,0.19,0.35,,0.65,1.03,1.47,1.68,1.82,1.90,1.92,2.30,2.24
2022-02-22,0.03,,0.20,0.37,,0.73,1.17,1.56,1.74,1.85,1.93,1.94,2.31,2.24
2022-02-23,0.02,,0.20,0.34,,0.74,1.16,1.58,1.78,1.89,1.98,1.99,2.36,2.29
2022-02-24,0.05,,0.18,0.32,,0.65,1.08,1.54,1.73,1.84,1.94,1.96,2.36,2.28
2022-02-25,0.03,,0.20,0.33,,0.71,1.13,1.55,1.76,1.86,1.96,1.97,2.37,2.29
2022-02-28,0.06,,0.20,0.35,,0.69,1.01,1.44,1.62,1.71,1.81,1.83,2.25,2.17
2022-03-01,0.11,,0.21,0.32,,0.60,0.91,1.31,1.47,1.56,1.67,1.72,2.19,2.11
2022-03-02,0.13,,0.24,0.34,,0.68,1.06,1.50,1.67,1.74,1.83,1.86,2.32,2.24
2022-03-03,0.19,,0.25,0.38,,0.69,1.08,1.53,1.69,1.74,1.82,1.86,2.32,2.24
2022-03-04,0.15,,0.21,0.34,,0.69,1.05,1.50,1.62,1.65,1.70,1.74,2.23,2.16
2022-03-07,0.17,,0.23,0.38,,0.75,1.07,1.55,1.68,1.71,1.77,1.78,2.29,2.19
2022-03-08,0.16,,0.24,0.36,,0.72,1.12,1.63,1.78,1.80,1.85,1.86,2.34,2.24
2022-03-09,0.18,,0.26,0.38,,0.75,1.15,1.68,1.83,1.87,1.92,1.94,2.38,2.29
2022-03-10,0.19,,0.28,0.39,,0.75,1.19,1.72,1.88,1.92,1.98,1.98,2.45,2.38
2022-03-11,0.17,,0.28,0.40,,0.78,1.22,1.75,1.91,1.96,2.01,2.00,2.45,2.36
2022-03-14,0.23,,0.32,0.45,,0.86,1.28,1.87,2.04,2.10,2.16,2.14,2.56,2.47
2022-03-15,0.22,,0.31,0.46,,0.86,1.28,1.85,2.04,2.10,2.16,2.15,2.57,2.49
2022-03-16,0.24,,0.30,0.44,,0.86,1.35,1.95,2.14,2.18,2.22,2.19,2.56,2.46
2022-03-17,0.20,,0.30,0.40,,0.81,1.30,1.94,2.14,2.17,2.22,2.20,2.60,2.50
2022-03-18,0.19,,0.28,0.42,,0.83,1.29,1.97,2.15,2.14,2.17,2.14,2.53,2.42
2022-03-21,0.22,,0.33,0.54,,0.95,1.40,2.14,2.34,2.33,2.36,2.32,2.67,2.55
2022-03-22,0.20,,0.30,0.51,,0.96,1.59,2.18,2.38,2.39,2.42,2.38,2.71,2.60
2022-03-23,0.15,,0.27,0.50,,0.93,1.52,2.13,2.32,2.34,2.37,2.32,2.65,2.52
2022-03-24,0.16,,0.31,0.52,,0.96,1.55,2.13,2.35,2.37,2.39,2.34,2.63,2.51
2022-03-25,0.17,,0.32,0.55,,1.01,1.67,2.30,2.51,2.55,2.56,2.48,2.74,2.60
2022-03-28,0.19,,0.36,0.59,,1.08,1.69,2.35,2.55,2.54,2.55,2.46,2.72,2.57
2022-03-29,0.18,,0.34,0.55,,1.06,1.67,2.35,2.54,2.49,2.50,2.41,2.68,2.53
2022-03-30,0.16,,0.33,0.55,,1.04,1.64,2.31,2.49,2.44,2.43,2.35,2.63,2.48
2022-03-31,0.17,,0.35,0.52,,1.06,1.63,2.28,2.45,2.42,2.40,2.32,2.59,2.44
2022-04-01,0.15,,0.37,0.53,,1.09,1.72,2.44,2.61,2.55,2.50,2.39,2.60,2.44
2022-04-04,0.18,,0.42,0.66,,1.14,1.72,2.43,2.61,2.56,2.52,2.42,2.64,2.48
2022-04-05,0.18,,0.42,0.65,,1.13,1.77,2.51,2.69,2.69,2.65,2.54,2.74,2.57
2022-04-06,0.21,,0.44,0.67,,1.15,1.79,2.50,2.67,2.70,2.69,2.61,2.81,2.63
2022-04-07,0.21,,0.50,0.68,,1.15,1.78,2.47,2.66,2.70,2.73,2.66,2.87,2.69
2022-04-08,0.20,,0.49,0.70,,1.19,1.81,2.53,2.73,2.76,2.79,2.72,2.94,2.76
2022-04-11,0.22,,0.54,0.77,,1.23,1.85,2.50,2.73,2.79,2.84,2.79,3.02,2.84
2022-04-12,0.21,,0.52,0.74,,1.20,1.77,2.39,2.58,2.66,2.73,2.72,2.99,2.82
2022-04-13,0.26,,0.52,0.75,,1.20,1.78,2.37,2.57,2.66,2.71,2.70,2.97,2.81
2022-04-14,0.37,,0.57,0.79,,1.25,1.84,2.47,2.67,2.79,2.84,2.83,3.09,2.92
2022-04-18,0.38,,0.60,0.81,,1.27,1.84,2.46,2.68,2.79,2.85,2.85,3.12,2.95
2022-04-19,0.37,,0.58,0.81,,1.28,1.94,2.61,2.81,2.91,2.95,2.93,3.19,3.01
2022-04-20,0.35,,0.56,0.82,,1.29,1.93,2.60,2.79,2.87,2.88,2.85,3.08,2.90
2022-04-21,0.50,,0.65,0.83,,1.32,2.01,2.68,2.87,2.96,2.96,2.90,3.12,2.94
2022-04-22,0.46,,0.64,0.83,,1.34,2.06,2.72,2.88,2.94,2.95,2.90,3.14,2.95
2022-04-25,0.40,,0.61,0.91,,1.42,2.03,2.63,2.79,2.84,2.85,2.81,3.06,2.88
2022-04-26,0.38,,0.61,0.83,,1.40,1.99,2.54,2.72,2.79,2.80,2.77,3.03,2.86
2022-04-27,0.37,,0.63,0.82,,1.39,1.97,2.58,2.75,2.81,2.84,2.82,3.08,2.91
2022-04-28,0.37,,0.71,0.82,,1.38,2.04,2.63,2.80,2.86,2.88,2.85,3.10,2.92
2022-04-29,0.37,,0.73,0.85,,1.41,2.10,2.70,2.87,2.92,2.94,2.89,3.14,2.96
2022-05-02,0.41,,0.71,0.90,,1.49,2.10,2.73,2.93,3.01,3.04,2.99,3.26,3.07
2022-05-03,0.48,,0.77,0.91,,1.45,2.16,2.78,2.95,3.01,3.03,2.97,3.21,3.03
2022-05-04,0.49,,0.74,0.89,,1.44,2.07,2.66,2.85,2.93,2.97,2.93,3.21,3.01
2022-05-05,0.49,,0.71,0.85,,1.37,2.08,2.71,2.91,3.01,3.07,3.05,3.35,3.15
2022-05-06,0.48,,0.72,0.85,,1.41,2.08,2.72,2.94,3.06,3.13,3.12,3.43,3.23
2022-05-09,0.51,,0.73,0.92,,1.43,1.99,2.61,2.81,2.95,3.04,3.05,3.38,3.19
2022-05-10,0.57,,0.75,0.89,,1.44,2.01,2.62,2.81,2.91,2.99,2.99,3.31,3.12
2022-05-11,0.59,,0.77,0.91,,1.43,1.99,2.66,2.81,2.89,2.94,2.91,3.25,3.05
2022-05-12,0.61,,0.77,0.96,,1.44,1.96,2.56,2.73,2.81,2.86,2.84,3.22,3.00
2022-05-13,0.67,,0.79,1.03,,1.47,2.04,2.61,2.79,2.89,2.95,2.93,3.32,3.10
2022-05-16,0.64,,0.85,1.07,,1.54,2.07,2.58,2.75,2.83,2.89,2.88,3.30,3.09
2022-05-17,0.61,,0.85,1.06,,1.57,2.16,2.71,2.89,2.96,3.00,2.98,3.36,3.17
2022-05-18,0.56,,0.85,1.03,,1.56,2.16,2.68,2.84,2.89,2.91,2.89,3.24,3.07
2022-05-19,0.65,,0.91,1.05,,1.52,2.11,2.63,2.78,2.84,2.87,2.84,3.24,3.05
2022-05-20,0.63,,0.87,1.03,,1.51,2.07,2.60,2.73,2.80,2.82,2.78,3.17,2.99
2022-05-23,0.55,,0.90,1.07,,1.57,2.09,2.65,2.80,2.88,2.90,2.86,3.26,3.08
2022-05-24,0.55,,0.88,1.06,,1.53,2.02,2.50,2.66,2.76,2.80,2.76,3.16,2.98
2022-05-25,0.58,,0.88,1.06,,1.52,2.01,2.48,2.63,2.71,2.76,2.75,3.14,2.97
2022-05-26,0.71,,0.90,1.07,,1.52,1.99,2.46,2.63,2.70,2.75,2.75,3.18,2.99
2022-05-27,0.69,,0.91,1.08,,1.54,2.01,2.47,2.64,2.71,2.76,2.74,3.16,2.97
2022-05-31,0.73,,0.89,1.16,,1.64,2.08,2.53,2.71,2.81,2.87,2.85,3.28,3.07
2022-06-01,0.77,,0.90,1.15,,1.63,2.16,2.66,2.84,2.94,2.98,2.94,3.31,3.09
2022-06-02,0.85,,1.05,1.17,,1.64,2.15,2.65,2.83,2.92,2.95,2.92,3.30,3.09
2022-06-03,0.87,,1.05,1.21,,1.68,2.18,2.66,2.87,2.95,2.99,2.96,3.33,3.11
2022-06-06,0.88,,1.07,1.26,,1.74,2.23,2.73,2.94,3.03,3.07,3.04,3.41,3.19
2022-06-07,0.87,,1.08,1.26,,1.75,2.26,2.75,2.91,2.99,3.02,2.98,3.35,3.13
2022-06-08,0.89,,1.10,1.28,,1.77,2.29,2.78,2.94,3.03,3.06,3.03,3.40,3.18
2022-06-09,1.05,,1.17,1.30,,1.81,2.35,2.83,2.99,3.07,3.08,3.04,3.40,3.18
2022-06-10,1.10,,1.25,1.39,,1.98,2.58,3.06,3.21,3.25,3.24,3.15,3.45,3.20
2022-06-13,1.13,,1.45,1.73,,2.25,2.89,3.40,3.56,3.56,3.53,3.43,3.68,3.42
2022-06-14,1.19,,1.55,1.83,,2.43,3.15,3.45,3.60,3.61,3.60,3.49,3.72,3.45
2022-06-15,1.21,,1.56,1.74,,2.32,2.93,3.20,3.35,3.38,3.39,3.33,3.64,3.39
2022-06-16,1.19,,1.47,1.59,,2.24,2.88,3.14,3.33,3.35,3.36,3.28,3.59,3.35
2022-06-17,1.15,,1.50,1.63,,2.25,2.86,3.17,3.35,3.34,3.34,3.25,3.55,3.30
2022-06-21,1.08,,1.48,1.70,,2.46,2.92,3.21,3.35,3.38,3.39,3.31,3.63,3.39
2022-06-22,0.98,,1.42,1.61,,2.40,2.79,3.06,3.20,3.22,3.24,3.16,3.49,3.25
2022-06-23,1.12,,1.54,1.65,,2.44,2.78,3.01,3.12,3.14,3.16,3.09,3.45,3.21
2022-06-24,1.19,,1.60,1.73,,2.51,2.83,3.04,3.13,3.18,3.19,3.13,3.51,3.26
2022-06-27,1.16,,1.57,1.79,,2.56,2.89,3.08,3.21,3.24,3.27,3.20,3.56,3.31
2022-06-28,1.12,,1.59,1.79,,2.55,2.88,3.10,3.21,3.25,3.27,3.20,3.55,3.30
2022-06-29,1.12,,1.53,1.78,,2.55,2.88,3.06,3.13,3.15,3.17,3.10,3.46,3.22
2022-06-30,1.28,,1.68,1.72,,2.51,2.80,2.92,2.99,3.01,3.04,2.98,3.38,3.14
2022-07-01,1.27,,1.68,1.73,,2.52,2.79,2.84,2.85,2.88,2.92,2.88,3.35,3.11
2022-07-05,1.33,,1.71,1.90,,2.59,2.77,2.82,2.82,2.82,2.87,2.82,3.31,3.05
2022-07-06,1.36,,1.70,1.90,,2.62,2.82,2.97,2.99,2.96,2.99,2.93,3.42,3.14
2022-07-07,1.55,,1.90,1.95,,2.64,2.87,3.03,3.05,3.05,3.07,3.01,3.45,3.20
2022-07-08,1.57,,1.92,1.98,,2.68,2.96,3.12,3.14,3.13,3.16,3.09,3.53,3.27
2022-07-11,1.58,,1.95,2.18,,2.79,2.97,3.07,3.09,3.05,3.06,2.99,3.43,3.18
2022-07-12,1.63,,2.01,2.22,,2.78,3.07,3.03,3.07,3.01,3.01,2.96,3.37,3.13
2022-07-13,1.78,,2.20,2.39,,2.96,3.21,3.13,3.14,3.02,3.00,2.91,3.35,3.08
2022-07-14,1.99,,2.32,2.40,,2.93,3.16,3.15,3.16,3.06,3.05,2.96,3.36,3.11
2022-07-15,1.98,,2.26,2.37,,2.94,3.12,3.13,3.14,3.05,3.03,2.93,3.34,3.10
2022-07-18,1.96,,2.28,2.50,,3.02,3.13,3.15,3.15,3.06,3.05,2.96,3.39,3.14
2022-07-19,1.93,,2.29,2.52,,3.06,3.18,3.23,3.22,3.14,3.11,3.01,3.42,3.17
2022-07-20,1.92,,2.29,2.51,,3.04,3.18,3.25,3.25,3.18,3.15,3.04,3.43,3.17
2022-07-21,2.15,,2.30,2.48,,3.00,3.11,3.10,3.07,3.00,2.99,2.91,3.33,3.08
2022-07-22,2.15,,2.29,2.49,,2.97,3.01,2.98,2.93,2.87,2.85,2.77,3.23,3.00
2022-07-25,2.14,,2.31,2.62,,3.06,3.07,3.00,2.98,2.89,2.89,2.81,3.28,3.04
2022-07-26,2.17,,2.35,2.55,,3.01,3.06,3.02,3.01,2.89,2.88,2.81,3.27,3.03
2022-07-27,2.14,,2.30,2.44,,2.93,3.00,2.96,2.93,2.82,2.83,2.78,3.26,3.03
2022-07-28,2.20,,2.30,2.42,,2.90,2.93,2.85,2.81,2.69,2.69,2.68,3.23,3.02
2022-07-29,2.22,,2.28,2.41,,2.91,2.98,2.89,2.83,2.70,2.70,2.67,3.20,3.00
2022-08-01,2.22,,2.33,2.56,,2.96,2.98,2.90,2.82,2.66,2.64,2.60,3.12,2.92
2022-08-02,2.22,,2.33,2.56,,3.00,3.09,3.06,3.02,2.85,2.82,2.75,3.22,3.00
2022-08-03,2.20,,2.29,2.52,,3.00,3.14,3.10,3.04,2.86,2.81,2.73,3.17,2.96
2022-08-04,2.19,,2.36,2.50,,2.98,3.11,3.03,2.95,2.76,2.73,2.68,3.15,2.97
2022-08-05,2.21,,2.39,2.58,,3.10,3.29,3.24,3.18,2.97,2.91,2.83,3.27,3.06
2022-08-08,2.23,,2.43,2.65,,3.15,3.30,3.21,3.14,2.91,2.85,2.77,3.22,3.00
2022-08-09,2.23,,2.43,2.67,,3.16,3.33,3.28,3.20,2.97,2.89,2.80,3.24,3.01
2022-08-10,2.24,,2.43,2.65,,3.13,3.26,3.23,3.13,2.93,2.86,2.78,3.27,3.04
2022-08-11,2.24,,2.51,2.62,,3.08,3.25,3.23,3.16,2.98,2.94,2.87,3.38,3.15
2022-08-12,2.23,,2.50,2.63,,3.13,3.26,3.25,3.18,2.97,2.92,2.84,3.34,3.12
2022-08-15,2.27,,2.53,2.72,,3.13,3.23,3.20,3.14,2.91,2.86,2.79,3.31,3.10
2022-08-16,2.26,,2.51,2.70,,3.12,3.26,3.25,3.19,2.95,2.90,2.82,3.31,3.11
2022-08-17,2.22,,2.51,2.68,,3.15,3.27,3.28,3.27,3.04,2.99,2.89,3.37,3.15
2022-08-18,2.23,,2.56,2.71,,3.12,3.24,3.22,3.23,3.02,2.97,2.88,3.35,3.14
2022-08-19,2.23,,2.60,2.74,,3.16,3.26,3.25,3.28,3.11,3.06,2.98,3.44,3.22
2022-08-22,2.27,,2.60,2.82,,3.23,3.32,3.32,3.36,3.17,3.12,3.03,3.48,3.24
2022-08-23,2.28,,2.60,2.80,,3.21,3.29,3.29,3.35,3.18,3.14,3.05,3.49,3.26
2022-08-24,2.29,,2.62,2.82,,3.28,3.35,3.36,3.40,3.20,3.20,3.11,3.55,3.32
2022-08-25,2.42,,2.70,2.88,,3.25,3.33,3.35,3.37,3.15,3.11,3.03,3.47,3.25
2022-08-26,2.39,,2.69,2.89,,3.26,3.36,3.37,3.40,3.20,3.14,3.04,3.44,3.21
2022-08-29,2.45,,2.75,2.97,,3.32,3.43,3.42,3.45,3.27,3.21,3.12,3.50,3.25
2022-08-30,2.43,,2.73,2.97,,3.31,3.48,3.46,3.47,3.27,3.22,3.11,3.49,3.23
2022-08-31,2.40,,2.72,2.96,,3.32,3.50,3.45,3.46,3.30,3.25,3.15,3.53,3.27
2022-09-01,2.53,,2.80,2.97,,3.34,3.51,3.51,3.54,3.39,3.36,3.26,3.64,3.37
2022-09-02,2.49,,2.79,2.94,,3.33,3.47,3.40,3.44,3.30,3.29,3.20,3.61,3.35
2022-09-06,2.44,,2.82,3.04,,3.40,3.61,3.50,3.55,3.43,3.41,3.33,3.74,3.49
2022-09-07,2.30,,2.80,3.07,,3.42,3.60,3.45,3.50,3.37,3.35,3.27,3.67,3.42
2022-09-08,2.57,,2.86,3.06,,3.44,3.60,3.48,3.54,3.39,3.37,3.29,3.69,3.45
2022-09-09,2.57,,2.88,3.08,,3.52,3.67,3.56,3.61,3.45,3.42,3.33,3.71,3.47
2022-09-12,2.62,,2.93,3.17,,3.56,3.70,3.58,3.60,3.47,3.45,3.37,3.76,3.53
2022-09-13,2.55,,2.95,3.28,,3.75,3.92,3.75,3.75,3.58,3.53,3.42,3.75,3.51
2022-09-14,2.54,,2.95,3.24,,3.76,3.95,3.78,3.79,3.60,3.52,3.41,3.73,3.47
2022-09-15,2.76,,3.03,3.22,,3.78,4.00,3.87,3.85,3.66,3.59,3.45,3.75,3.48
2022-09-16,2.68,,3.01,3.20,,3.77,3.96,3.85,3.81,3.62,3.56,3.45,3.79,3.52
2022-09-19,2.62,,3.02,3.37,,3.87,4.05,3.95,3.90,3.69,3.62,3.49,3.77,3.52
2022-09-20,2.57,,3.05,3.35,,3.86,4.03,3.96,3.94,3.75,3.69,3.57,3.83,3.59
2022-09-21,2.59,,3.06,3.31,,3.86,4.08,4.02,3.98,3.74,3.65,3.51,3.73,3.50
2022-09-22,2.73,,3.09,3.29,,3.87,4.08,4.11,4.12,3.91,3.84,3.70,3.90,3.65
2022-09-23,2.67,,3.07,3.24,,3.85,4.15,4.20,4.21,3.96,3.85,3.69,3.87,3.61
2022-09-26,2.73,,3.14,3.39,,3.95,4.17,4.27,4.37,4.15,4.06,3.88,4.01,3.72
2022-09-27,2.71,,3.14,3.35,,3.91,4.16,4.30,4.39,4.21,4.14,3.97,4.15,3.87
2022-09-28,2.63,,3.14,3.40,,3.87,3.99,4.07,4.12,3.92,3.83,3.72,3.98,3.70
2022-09-29,2.78,,3.20,3.36,,3.87,3.98,4.16,4.19,3.98,3.89,3.76,4.00,3.71
2022-09-30,2.79,,3.20,3.33,,3.92,4.05,4.22,4.25,4.06,3.97,3.83,4.08,3.79
2022-10-03,2.87,,3.26,3.46,,3.97,4.01,4.12,4.12,3.90,3.79,3.67,4.00,3.73
2022-10-04,2.91,,3.23,3.45,,3.98,4.15,4.10,4.08,3.84,3.73,3.62,3.95,3.70
2022-10-05,2.89,,3.22,3.46,,4.00,4.14,4.15,4.17,3.96,3.87,3.76,4.05,3.78
2022-10-06,3.05,,3.34,3.46,,4.04,4.19,4.23,4.24,4.05,3.95,3.83,4.08,3.81
2022-10-07,3.03,,3.34,3.45,,4.09,4.24,4.30,4.33,4.14,4.03,3.89,4.13,3.86
2022-10-11,3.07,,3.43,3.67,,4.17,4.28,4.30,4.31,4.14,4.06,3.93,4.19,3.92
2022-10-12,3.07,,3.45,3.70,,4.16,4.28,4.28,4.29,4.12,4.03,3.91,4.18,3.90
2022-10-13,3.35,,3.60,3.79,,4.30,4.46,4.47,4.44,4.21,4.11,3.97,4.25,3.97
2022-10-14,3.30,,3.61,3.81,,4.31,4.50,4.48,4.47,4.25,4.15,4.00,4.26,3.99
2022-10-17,3.30,,3.66,3.97,,4.38,4.50,4.45,4.45,4.24,4.15,4.02,4.29,4.04
2022-10-18,3.25,,3.70,4.04,,4.39,4.50,4.43,4.43,4.21,4.12,4.01,4.27,4.04
2022-10-19,3.31,,3.72,4.07,4.32,4.45,4.60,4.55,4.56,4.35,4.26,4.14,4.38,4.15
2022-10-20,3.58,,3.83,4.09,4.33,4.48,4.66,4.62,4.66,4.45,4.36,4.24,4.47,4.24
2022-10-21,3.55,,3.78,4.09,4.31,4.43,4.58,4.49,4.52,4.34,4.28,4.21,4.54,4.33
2022-10-24,3.57,,3.83,4.16,4.33,4.52,4.61,4.50,4.52,4.36,4.31,4.25,4.59,4.40
2022-10-25,3.56,,3.81,4.14,4.32,4.50,4.60,4.42,4.45,4.25,4.17,4.10,4.45,4.26
2022-10-26,3.54,,3.85,4.11,4.27,4.47,4.54,4.39,4.41,4.20,4.12,4.04,4.38,4.19
2022-10-27,3.76,,3.95,4.13,4.27,4.44,4.50,4.30,4.29,4.09,4.01,3.96,4.32,4.12
2022-10-28,3.75,,3.95,4.18,4.30,4.51,4.55,4.41,4.38,4.19,4.10,4.02,4.38,4.15
2022-10-31,3.73,,4.00,4.22,4.33,4.57,4.66,4.51,4.45,4.27,4.18,4.10,4.44,4.22
2022-11-01,3.72,,4.00,4.23,4.35,4.58,4.75,4.54,4.48,4.27,4.18,4.07,4.37,4.14
2022-11-02,3.70,,4.01,4.22,4.38,4.57,4.76,4.61,4.54,4.30,4.20,4.10,4.41,4.15
2022-11-03,3.75,,4.04,4.25,4.38,4.57,4.78,4.71,4.63,4.36,4.26,4.14,4.42,4.18
2022-11-04,3.73,,4.00,4.21,4.36,4.55,4.76,4.66,4.58,4.33,4.26,4.17,4.49,4.27
2022-11-07,3.78,,4.04,4.29,4.39,4.62,4.80,4.72,4.63,4.39,4.31,4.22,4.55,4.34
2022-11-08,3.66,,4.04,4.28,4.39,4.60,4.77,4.67,4.55,4.31,4.22,4.14,4.47,4.28
2022-11-09,3.65,,4.05,4.29,4.40,4.59,4.75,4.61,4.49,4.27,4.20,4.12,4.50,4.31
2022-11-10,3.71,,4.00,4.28,4.36,4.52,4.59,4.34,4.17,3.95,3.89,3.82,4.24,4.03
2022-11-14,3.72,,4.05,4.34,4.38,4.55,4.63,4.40,4.24,4.00,3.95,3.88,4.28,4.07
2022-11-15,3.77,,4.10,4.31,4.40,4.54,4.60,4.37,4.17,3.93,3.88,3.80,4.20,3.98
2022-11-16,3.81,,4.15,4.32,4.43,4.54,4.62,4.35,4.13,3.83,3.77,3.67,4.03,3.85
2022-11-17,3.93,,4.20,4.32,4.44,4.57,4.68,4.43,4.22,3.93,3.87,3.77,4.10,3.89
2022-11-18,3.93,,4.23,4.34,4.46,4.61,4.74,4.51,4.28,3.99,3.92,3.82,4.13,3.92
2022-11-21,3.97,,4.24,4.41,4.47,4.65,4.75,4.48,4.32,3.97,3.94,3.83,4.14,3.91
2022-11-22,3.97,,4.26,4.40,4.49,4.68,4.79,4.47,4.27,3.93,3.86,3.76,4.05,3.83
2022-11-23,4.12,,4.29,4.40,4.50,4.67,4.75,4.46,4.23,3.88,3.81,3.71,3.97,3.74
2022-11-25,4.16,,4.33,4.41,4.52,4.67,4.76,4.42,4.20,3.85,3.78,3.68,3.97,3.74
2022-11-28,4.11,,4.29,4.41,4.52,4.72,4.76,4.46,4.22,3.88,3.80,3.69,3.97,3.74
2022-11-29,4.08,,4.26,4.38,4.51,4.72,4.78,4.48,4.24,3.92,3.85,3.75,4.02,3.81
2022-11-30,4.07,,4.25,4.37,4.55,4.70,4.74,4.38,4.13,3.82,3.76,3.68,4.00,3.80
2022-12-01,4.04,,4.24,4.33,4.52,4.65,4.66,4.25,3.98,3.68,3.62,3.53,3.85,3.64
2022-12-02,3.91,,4.25,4.34,4.52,4.65,4.69,4.28,3.99,3.67,3.61,3.51,3.79,3.56
2022-12-05,3.93,,4.25,4.36,4.56,4.73,4.77,4.41,4.13,3.80,3.72,3.60,3.84,3.62
2022-12-06,3.87,,4.19,4.37,4.54,4.74,4.73,4.34,4.07,3.73,3.64,3.51,3.77,3.52
2022-12-07,3.79,,4.10,4.29,4.53,4.72,4.67,4.26,3.97,3.62,3.54,3.42,3.66,3.42
2022-12-08,3.75,,4.11,4.28,4.53,4.71,4.71,4.31,4.04,3.71,3.63,3.48,3.71,3.44
2022-12-09,3.81,,4.13,4.31,4.54,4.72,4.72,4.33,4.07,3.75,3.69,3.57,3.82,3.56
2022-12-12,3.86,,4.18,4.38,4.60,4.78,4.75,4.39,4.10,3.80,3.73,3.61,3.84,3.57
2022-12-13,3.89,,4.16,4.35,4.58,4.70,4.64,4.22,3.96,3.66,3.60,3.51,3.74,3.53
2022-12-14,3.91,,4.14,4.33,4.58,4.68,4.64,4.23,3.94,3.64,3.59,3.49,3.74,3.52
2022-12-15,3.95,,4.24,4.34,4.56,4.70,4.65,4.23,3.96,3.62,3.56,3.44,3.69,3.48
2022-12-16,3.94,,4.22,4.31,4.54,4.68,4.61,4.17,3.91,3.61,3.58,3.48,3.73,3.53
2022-12-19,3.95,,4.24,4.37,4.57,4.71,4.64,4.25,3.99,3.70,3.67,3.57,3.82,3.62
2022-12-20,3.89,,4.23,4.35,4.55,4.70,4.64,4.25,4.03,3.79,3.78,3.69,3.94,3.74
2022-12-21,3.90,,4.23,4.33,4.57,4.67,4.60,4.21,4.00,3.78,3.77,3.68,3.93,3.74
2022-12-22,3.80,,4.20,4.35,4.57,4.66,4.64,4.24,4.02,3.79,3.77,3.67,3.91,3.73
2022-12-23,3.80,,4.20,4.34,4.59,4.67,4.66,4.31,4.09,3.86,3.83,3.75,3.99,3.82
2022-12-27,3.87,,4.32,4.46,4.66,4.76,4.75,4.32,4.17,3.94,3.93,3.84,4.10,3.93
2022-12-28,3.86,,4.33,4.46,4.66,4.75,4.71,4.31,4.18,3.97,3.97,3.88,4.13,3.98
2022-12-29,4.04,,4.39,4.45,4.66,4.73,4.71,4.34,4.16,3.94,3.91,3.83,4.09,3.92
2022-12-30,4.12,,4.41,4.42,4.69,4.76,4.73,4.41,4.22,3.99,3.96,3.88,4.14,3.97
2023-01-03,4.17,,4.42,4.53,4.70,4.77,4.72,4.40,4.18,3.94,3.89,3.79,4.06,3.88
2023-01-04,4.20,,4.42,4.55,4.69,4.77,4.71,4.36,4.11,3.85,3.79,3.69,3.97,3.81
2023-01-05,4.30,,4.55,4.66,4.75,4.81,4.78,4.45,4.18,3.90,3.82,3.71,3.96,3.78
2023-01-06,4.32,,4.55,4.67,4.74,4.79,4.71,4.24,3.96,3.69,3.63,3.55,3.84,3.67
2023-01-09,4.37,,4.58,4.70,4.74,4.83,4.69,4.19,3.93,3.66,3.60,3.53,3.83,3.66
2023-01-10,4.41,,4.62,4.73,4.77,4.85,4.74,4.24,3.94,3.72,3.67,3.61,3.91,3.74
2023-01-11,4.42,,4.62,4.72,4.82,4.84,4.73,4.20,3.90,3.66,3.61,3.54,3.84,3.67
2023-01-12,4.57,,4.59,4.66,4.74,4.76,4.66,4.12,3.79,3.53,3.48,3.43,3.73,3.56
2023-01-13,4.58,,4.59,4.67,4.73,4.77,4.69,4.22,3.88,3.60,3.55,3.49,3.79,3.61
2023-01-17,4.60,,4.63,4.71,4.74,4.82,4.67,4.18,3.86,3.60,3.57,3.53,3.81,3.64
2023-01-18,4.59,,4.62,4.69,4.74,4.79,4.63,4.06,3.72,3.43,3.40,3.37,3.65,3.54
2023-01-19,4.69,,4.66,4.71,4.74,4.79,4.65,4.09,3.76,3.48,3.43,3.39,3.69,3.57
2023-01-20,4.69,,4.64,4.72,4.75,4.80,4.68,4.14,3.83,3.56,3.51,3.48,3.77,3.66
2023-01-23,4.69,,4.65,4.73,4.76,4.82,4.70,4.21,3.88,3.61,3.56,3.52,3.80,3.69
2023-01-24,4.70,,4.67,4.72,4.75,4.84,4.70,4.12,3.86,3.58,3.52,3.46,3.73,3.62
2023-01-25,4.67,,4.65,4.72,4.75,4.79,4.67,4.11,3.84,3.54,3.51,3.46,3.74,3.62
2023-01-26,4.61,,4.65,4.71,4.76,4.79,4.68,4.17,3.88,3.58,3.54,3.49,3.75,3.62
2023-01-27,4.61,,4.64,4.73,4.76,4.81,4.68,4.19,3.90,3.62,3.58,3.52,3.77,3.64
2023-01-30,4.60,,4.64,4.72,4.76,4.82,4.71,4.25,3.96,3.68,3.62,3.55,3.79,3.66
2023-01-31,4.58,,4.64,4.70,4.74,4.80,4.68,4.21,3.90,3.63,3.59,3.52,3.78,3.65
2023-02-01,4.59,,4.63,4.66,4.77,4.79,4.66,4.09,3.75,3.48,3.43,3.39,3.67,3.55
2023-02-02,4.62,,4.65,4.66,4.75,4.76,4.64,4.09,3.75,3.49,3.44,3.40,3.67,3.55
2023-02-03,4.61,,4.67,4.70,4.80,4.82,4.79,4.30,3.96,3.67,3.61,3.53,3.77,3.63
2023-02-06,4.61,,4.67,4.71,4.81,4.89,4.85,4.44,4.10,3.81,3.73,3.63,3.82,3.67
2023-02-07,4.62,,4.68,4.71,4.80,4.89,4.88,4.47,4.11,3.85,3.78,3.67,3.87,3.72
2023-02-08,4.64,,4.69,4.72,4.85,4.88,4.87,4.45,4.08,3.82,3.75,3.63,3.86,3.70
2023-02-09,4.66,,4.77,4.77,4.87,4.90,4.88,4.48,4.15,3.87,3.79,3.67,3.90,3.75
2023-02-10,4.66,,4.77,4.79,4.89,4.89,4.89,4.50,4.19,3.93,3.86,3.74,3.96,3.83
2023-02-13,4.66,,4.78,4.81,4.90,4.99,4.91,4.52,4.22,3.93,3.84,3.72,3.92,3.79
2023-02-14,4.63,,4.78,4.80,4.91,4.98,4.99,4.60,4.32,4.00,3.90,3.77,3.94,3.81
2023-02-15,4.64,,4.79,4.79,4.94,4.97,4.96,4.62,4.35,4.04,3.94,3.81,3.97,3.85
2023-02-16,4.66,,4.80,4.84,4.95,4.98,4.99,4.62,4.35,4.06,3.98,3.86,4.05,3.92
2023-02-17,4.64,,4.81,4.84,4.95,4.99,5.00,4.60,4.33,4.03,3.95,3.82,4.01,3.88
2023-02-21,4.63,,4.83,4.86,4.98,5.07,5.07,4.67,4.44,4.16,4.08,3.95,4.12,3.98
2023-02-22,4.62,,4.81,4.84,5.00,5.08,5.07,4.66,4.43,4.13,4.07,3.93,4.09,3.94
2023-02-23,4.66,,4.83,4.84,5.00,5.05,5.03,4.66,4.40,4.09,4.02,3.88,4.04,3.88
2023-02-24,4.68,,4.83,4.86,5.02,5.06,5.05,4.78,4.52,4.19,4.10,3.95,4.11,3.93
2023-02-27,4.67,,4.83,4.89,5.02,5.18,5.03,4.78,4.49,4.17,4.08,3.92,4.11,3.93
2023-02-28,4.65,,4.81,4.88,5.00,5.17,5.02,4.81,4.51,4.18,4.07,3.92,4.10,3.93
2023-03-01,4.67,,4.82,4.90,5.02,5.20,5.06,4.89,4.61,4.27,4.17,4.01,4.17,3.97
2023-03-02,4.75,,4.80,4.91,5.02,5.18,5.04,4.89,4.63,4.32,4.24,4.08,4.24,4.03
2023-03-03,4.75,,4.79,4.91,5.01,5.18,5.03,4.86,4.60,4.26,4.15,3.97,4.12,3.90
2023-03-06,4.75,,4.79,4.93,5.02,5.22,5.05,4.89,4.61,4.27,4.16,3.98,4.14,3.92
2023-03-07,4.80,,4.88,5.04,5.12,5.32,5.22,5.00,4.66,4.31,4.17,3.97,4.11,3.88
2023-03-08,4.77,,4.88,5.06,5.21,5.34,5.25,5.05,4.71,4.34,4.19,3.98,4.11,3.88
2023-03-09,4.83,,4.96,5.05,5.19,5.32,5.18,4.90,4.56,4.22,4.10,3.93,4.09,3.88
2023-03-10,4.81,,4.91,5.01,5.08,5.17,4.90,4.60,4.31,3.96,3.86,3.70,3.90,3.70
2023-03-13,4.62,,4.81,4.87,4.87,4.81,4.30,4.03,3.88,3.68,3.65,3.55,3.85,3.70
2023-03-14,4.47,,4.77,4.88,4.95,4.93,4.45,4.20,4.05,3.78,3.74,3.64,3.91,3.77
2023-03-15,4.23,,4.56,4.75,4.85,4.73,4.19,3.93,3.83,3.59,3.57,3.51,3.82,3.70
2023-03-16,4.22,,4.66,4.74,4.92,4.94,4.49,4.14,3.99,3.72,3.67,3.56,3.87,3.71
2023-03-17,4.31,,4.51,4.52,4.79,4.71,4.26,3.81,3.68,3.44,3.45,3.39,3.76,3.60
2023-03-20,4.34,,4.56,4.81,4.84,4.80,4.34,3.92,3.77,3.56,3.55,3.47,3.83,3.65
2023-03-21,4.07,,4.50,4.78,4.89,4.96,4.68,4.17,3.98,3.73,3.68,3.59,3.90,3.73
2023-03-22,4.16,,4.56,4.79,4.91,4.95,4.56,3.96,3.76,3.54,3.53,3.48,3.83,3.68
2023-03-23,4.26,,4.48,4.73,4.84,4.80,4.38,3.76,3.57,3.39,3.39,3.38,3.78,3.66
2023-03-24,4.28,,4.48,4.74,4.78,4.76,4.32,3.76,3.58,3.41,3.40,3.38,3.77,3.64
2023-03-27,4.22,,4.47,4.91,4.90,4.86,4.51,3.94,3.79,3.59,3.57,3.53,3.90,3.77
2023-03-28,4.24,,4.39,4.80,4.86,4.90,4.55,4.02,3.84,3.63,3.60,3.55,3.90,3.77
2023-03-29,4.34,,4.50,4.80,4.91,4.92,4.59,4.08,3.87,3.67,3.62,3.57,3.91,3.78
2023-03-30,4.74,,4.77,4.97,4.94,4.92,4.63,4.10,3.87,3.66,3.61,3.55,3.88,3.74
2023-03-31,4.74,,4.79,4.85,4.97,4.94,4.64,4.06,3.81,3.60,3.55,3.48,3.81,3.67
2023-04-03,4.70,,4.79,4.90,4.98,4.88,4.60,3.97,3.73,3.52,3.48,3.43,3.78,3.64
2023-04-04,4.66,,4.80,4.88,4.90,4.80,4.50,3.84,3.60,3.39,3.38,3.35,3.72,3.60
2023-04-05,4.62,,4.77,4.86,4.90,4.82,4.43,3.79,3.55,3.36,3.34,3.30,3.67,3.56
2023-04-06,4.57,,4.85,4.91,4.98,4.93,4.51,3.82,3.59,3.37,3.34,3.30,3.66,3.54
2023-04-07,4.56,,4.90,4.95,5.07,4.95,4.61,3.97,3.72,3.49,3.45,3.39,3.73,3.61
2023-04-10,4.53,,4.89,5.08,5.08,4.98,4.65,4.00,3.75,3.52,3.47,3.41,3.74,3.62
2023-04-11,4.27,,4.89,5.04,5.06,4.99,4.67,4.03,3.76,3.54,3.48,3.43,3.75,3.62
2023-04-12,4.27,,4.89,5.02,5.10,4.98,4.64,3.95,3.68,3.46,3.43,3.41,3.75,3.64
2023-04-13,4.08,,4.96,5.10,5.10,4.95,4.66,3.96,3.70,3.51,3.48,3.45,3.80,3.69
2023-04-14,4.29,,4.98,5.14,5.16,5.03,4.77,4.08,3.83,3.60,3.56,3.52,3.85,3.74
2023-04-17,4.09,,5.04,5.21,5.24,5.07,4.80,4.18,3.92,3.69,3.64,3.60,3.92,3.81
2023-04-18,3.89,,5.04,5.20,5.19,5.09,4.81,4.19,3.92,3.69,3.63,3.58,3.91,3.79
2023-04-19,3.95,,5.03,5.16,5.22,5.10,4.84,4.24,3.97,3.71,3.66,3.60,3.90,3.79
2023-04-20,3.40,,5.04,5.12,5.17,5.06,4.77,4.14,3.87,3.63,3.59,3.54,3.87,3.75
2023-04-21,3.36,,4.98,5.14,5.19,5.07,4.78,4.17,3.89,3.66,3.62,3.57,3.90,3.78
2023-04-24,3.54,,5.09,5.20,5.15,5.06,4.76,4.12,3.84,3.60,3.56,3.52,3.85,3.73
2023-04-25,4.11,,5.05,5.12,5.11,4.98,4.60,3.86,3.62,3.43,3.42,3.40,3.77,3.65
2023-04-26,3.91,,5.07,5.16,5.17,5.00,4.64,3.90,3.65,3.46,3.45,3.43,3.81,3.70
2023-04-27,4.27,,5.13,5.18,5.21,5.05,4.78,4.07,3.82,3.60,3.57,3.53,3.88,3.76
2023-04-28,4.35,,5.14,5.10,5.20,5.06,4.80,4.04,3.75,3.51,3.49,3.44,3.80,3.67
2023-05-01,4.49,,5.17,5.27,5.22,5.14,4.86,4.14,3.85,3.64,3.62,3.59,3.95,3.84
2023-05-02,4.56,,5.33,5.24,5.19,5.06,4.74,3.97,3.67,3.46,3.44,3.44,3.82,3.72
2023-05-03,4.70,,5.33,5.26,5.25,5.08,4.70,3.89,3.58,3.37,3.37,3.38,3.79,3.70
2023-05-04,5.76,,5.24,5.26,5.23,5.04,4.59,3.75,3.47,3.29,3.32,3.37,3.80,3.73
2023-05-05,5.59,,5.23,5.26,5.26,5.13,4.73,3.92,3.63,3.41,3.41,3.44,3.85,3.76
2023-05-08,5.51,,5.17,5.31,5.26,5.14,4.79,4.00,3.70,3.49,3.50,3.52,3.92,3.84
2023-05-09,5.56,,5.16,5.29,5.27,5.18,4.81,4.01,3.67,3.51,3.51,3.53,3.94,3.85
2023-05-10,5.50,,4.99,5.24,5.24,5.13,4.70,3.90,3.55,3.37,3.40,3.43,3.88,3.80
2023-05-11,5.81,,4.82,5.20,5.23,5.14,4.70,3.89,3.56,3.36,3.37,3.39,3.82,3.73
2023-05-12,5.79,,4.87,5.25,5.27,5.16,4.75,3.98,3.65,3.45,3.45,3.46,3.87,3.78
2023-05-15,5.64,,4.97,5.21,5.26,5.24,4.73,3.99,3.67,3.46,3.48,3.50,3.92,3.84
2023-05-16,5.58,,4.98,5.23,5.24,5.26,4.88,4.06,3.74,3.52,3.53,3.54,3.96,3.87
2023-05-17,5.50,,5.06,5.26,5.36,5.30,4.92,4.12,3.80,3.58,3.58,3.57,3.96,3.88
2023-05-18,5.59,,5.22,5.31,5.43,5.38,5.02,4.24,3.94,3.69,3.67,3.65,4.02,3.91
2023-05-19,5.62,,5.27,5.29,5.46,5.36,5.02,4.28,3.98,3.76,3.74,3.70,4.07,3.95
2023-05-22,5.69,,5.35,5.40,5.50,5.43,5.07,4.29,3.98,3.77,3.74,3.72,4.09,3.97
2023-05-23,5.67,,5.26,5.34,5.42,5.39,5.06,4.26,3.99,3.76,3.73,3.70,4.08,3.96
2023-05-24,5.73,,5.22,5.37,5.52,5.42,5.12,4.31,4.04,3.75,3.76,3.73,4.10,3.97
2023-05-25,5.95,,5.44,5.38,5.55,5.46,5.24,4.50,4.21,3.90,3.86,3.83,4.16,4.01
2023-05-26,6.02,,5.47,5.34,5.55,5.44,5.25,4.54,4.23,3.92,3.86,3.80,4.13,3.96
2023-05-30,5.31,,5.31,5.55,5.54,5.52,5.22,4.46,4.10,3.81,3.75,3.69,4.06,3.90
2023-05-31,5.28,,5.37,5.52,5.53,5.46,5.18,4.40,4.04,3.74,3.69,3.64,4.01,3.85
2023-06-01,5.30,,5.39,5.50,5.50,5.44,5.11,4.33,3.98,3.70,3.66,3.61,3.98,3.84
2023-06-02,5.28,,5.39,5.50,5.52,5.50,5.22,4.50,4.13,3.84,3.78,3.69,4.03,3.88
2023-06-05,5.25,,5.35,5.46,5.47,5.46,5.17,4.46,4.10,3.82,3.77,3.69,4.03,3.89
2023-06-06,5.15,,5.26,5.44,5.44,5.44,5.20,4.51,4.15,3.85,3.78,3.70,4.02,3.87
2023-06-07,5.07,,5.26,5.42,5.42,5.43,5.16,4.56,4.21,3.93,3.88,3.79,4.12,3.95
2023-06-08,5.25,,5.29,5.38,5.42,5.39,5.12,4.52,4.17,3.87,3.80,3.73,4.05,3.89
2023-06-09,5.25,,5.32,5.37,5.45,5.39,5.17,4.59,4.23,3.92,3.84,3.75,4.05,3.89
2023-06-12,5.24,,5.31,5.40,5.43,5.38,5.18,4.55,4.16,3.89,3.82,3.73,4.04,3.87
2023-06-13,5.19,,5.24,5.36,5.37,5.36,5.26,4.67,4.30,4.01,3.94,3.84,4.12,3.94
2023-06-14,5.18,,5.25,5.36,5.37,5.36,5.27,4.74,4.37,4.06,3.95,3.83,4.09,3.90
2023-06-15,5.18,,5.25,5.33,5.37,5.33,5.21,4.62,4.23,3.91,3.82,3.72,4.02,3.85
2023-06-16,5.18,,5.27,5.34,5.38,5.35,5.24,4.70,4.32,3.99,3.88,3.77,4.05,3.86
2023-06-20,5.17,,5.26,5.39,5.39,5.41,5.24,4.68,4.29,3.96,3.85,3.74,4.01,3.83
2023-06-21,5.16,,5.27,5.40,5.44,5.41,5.25,4.68,4.29,3.95,3.84,3.72,3.99,3.81
2023-06-22,5.18,,5.31,5.40,5.44,5.41,5.29,4.77,4.37,4.03,3.92,3.80,4.06,3.88
2023-06-23,5.17,,5.30,5.41,5.44,5.41,5.25,4.71,4.32,3.99,3.88,3.74,4.01,3.82
2023-06-26,5.17,,5.31,5.50,5.44,5.45,5.27,4.65,4.30,3.96,3.85,3.72,4.01,3.83
2023-06-27,5.17,,5.31,5.44,5.44,5.46,5.33,4.74,4.38,4.02,3.90,3.77,4.03,3.84
2023-06-28,5.17,,5.32,5.44,5.49,5.47,5.32,4.71,4.32,3.97,3.83,3.71,4.00,3.81
2023-06-29,5.25,,5.40,5.46,5.51,5.50,5.41,4.87,4.49,4.14,3.99,3.85,4.11,3.92
2023-06-30,5.24,,5.39,5.43,5.50,5.47,5.40,4.87,4.49,4.13,3.97,3.81,4.06,3.85
2023-07-03,5.27,,5.40,5.44,5.52,5.53,5.43,4.94,4.56,4.19,4.03,3.86,4.08,3.87
2023-07-05,5.28,,5.38,5.44,5.51,5.52,5.40,4.94,4.59,4.25,4.11,3.95,4.17,3.95
2023-07-06,5.32,,5.47,5.46,5.52,5.54,5.44,4.99,4.68,4.37,4.22,4.05,4.23,4.01
2023-07-07,5.32,,5.47,5.46,5.52,5.53,5.41,4.94,4.64,4.35,4.23,4.06,4.27,4.05
2023-07-10,5.34,,5.47,5.48,5.53,5.54,5.38,4.85,4.54,4.25,4.14,4.01,4.24,4.05
2023-07-11,5.35,,5.48,5.49,5.53,5.55,5.44,4.88,4.52,4.24,4.13,3.99,4.22,4.03
2023-07-12,5.36,,5.49,5.47,5.52,5.53,5.35,4.72,4.36,4.07,3.97,3.86,4.14,3.96
2023-07-13,5.37,,5.50,5.47,5.51,5.49,5.27,4.59,4.21,3.93,3.85,3.76,4.07,3.90
2023-07-14,5.37,,5.49,5.49,5.53,5.52,5.34,4.74,4.35,4.04,3.94,3.83,4.11,3.93
2023-07-17,5.37,,5.51,5.49,5.53,5.52,5.33,4.74,4.34,4.02,3.91,3.81,4.10,3.94
2023-07-18,5.37,,5.50,5.49,5.53,5.51,5.32,4.74,4.35,4.00,3.90,3.80,4.08,3.91
2023-07-19,5.37,,5.51,5.49,5.54,5.51,5.32,4.74,4.34,3.98,3.87,3.75,4.01,3.84
2023-07-20,5.44,,5.53,5.49,5.54,5.52,5.35,4.80,4.43,4.08,3.98,3.85,4.10,3.91
2023-07-21,5.43,,5.54,5.50,5.54,5.53,5.35,4.82,4.44,4.09,3.97,3.84,4.10,3.91
2023-07-24,5.44,,5.54,5.51,5.55,5.55,5.38,4.81,4.48,4.13,4.00,3.86,4.11,3.92
2023-07-25,5.46,,5.54,5.51,5.55,5.57,5.38,4.85,4.53,4.15,4.05,3.91,4.14,3.95
2023-07-26,5.46,,5.53,5.51,5.57,5.55,5.37,4.82,4.47,4.09,3.99,3.86,4.12,3.94
2023-07-27,5.47,,5.55,5.51,5.58,5.56,5.40,4.91,4.58,4.24,4.13,4.01,4.26,4.06
2023-07-28,5.47,,5.54,5.52,5.57,5.54,5.37,4.87,4.52,4.18,4.08,3.96,4.22,4.03
2023-07-31,5.48,,5.54,5.55,5.56,5.53,5.37,4.88,4.51,4.18,4.08,3.97,4.22,4.02
2023-08-01,5.49,,5.54,5.54,5.57,5.54,5.38,4.92,4.57,4.24,4.15,4.05,4.30,4.11
2023-08-02,5.48,,5.53,5.53,5.54,5.52,5.36,4.88,4.54,4.24,4.17,4.08,4.35,4.17
2023-08-03,5.54,,5.52,5.54,5.53,5.52,5.37,4.90,4.58,4.30,4.26,4.20,4.49,4.32
2023-08-04,5.54,,5.51,5.54,5.52,5.50,5.33,4.78,4.45,4.15,4.10,4.05,4.36,4.21
2023-08-07,5.54,,5.51,5.56,5.53,5.53,5.30,4.76,4.44,4.16,4.13,4.09,4.42,4.27
2023-08-08,5.54,,5.53,5.57,5.52,5.53,5.35,4.74,4.36,4.10,4.06,4.02,4.35,4.20
2023-08-09,5.51,,5.52,5.55,5.34,5.54,5.35,4.79,4.41,4.12,4.07,4.00,4.33,4.18
2023-08-10,5.55,,5.52,5.54,5.53,5.52,5.33,4.82,4.47,4.21,4.17,4.09,4.41,4.24
2023-08-11,5.54,,5.51,5.54,5.54,5.52,5.36,4.89,4.56,4.31,4.26,4.16,4.45,4.27
2023-08-14,5.55,,5.52,5.56,5.53,5.56,5.37,4.96,4.64,4.36,4.29,4.19,4.46,4.29
2023-08-15,5.53,,5.52,5.56,5.51,5.55,5.36,4.92,4.64,4.36,4.31,4.21,4.49,4.32
2023-08-16,5.52,,5.53,5.56,5.54,5.54,5.37,4.97,4.68,4.42,4.37,4.28,4.55,4.38
2023-08-17,5.55,,5.52,5.56,5.54,5.53,5.36,4.94,4.67,4.42,4.38,4.30,4.58,4.41
2023-08-18,5.53,,5.52,5.55,5.54,5.52,5.35,4.92,4.63,4.38,4.34,4.26,4.55,4.38
2023-08-21,5.55,,5.53,5.57,5.55,5.58,5.37,4.97,4.70,4.46,4.42,4.34,4.64,4.45
2023-08-22,5.54,,5.53,5.57,5.55,5.57,5.39,5.02,4.75,4.49,4.44,4.34,4.61,4.42
2023-08-23,5.54,,5.53,5.57,5.56,5.55,5.35,4.95,4.64,4.36,4.30,4.19,4.46,4.27
2023-08-24,5.55,,5.53,5.58,5.57,5.59,5.39,4.98,4.69,4.39,4.34,4.23,4.49,4.30
2023-08-25,5.56,,5.53,5.61,5.59,5.61,5.44,5.03,4.72,4.44,4.37,4.25,4.50,4.30
2023-08-28,5.56,,5.53,5.58,5.60,5.56,5.44,4.98,4.69,4.38,4.32,4.20,4.48,4.29
2023-08-29,5.54,,5.53,5.56,5.57,5.52,5.37,4.87,4.56,4.26,4.21,4.12,4.42,4.23
2023-08-30,5.55,,5.53,5.56,5.60,5.51,5.39,4.90,4.57,4.27,4.22,4.12,4.42,4.23
2023-08-31,5.52,,5.55,5.56,5.61,5.48,5.37,4.85,4.54,4.23,4.19,4.09,4.39,4.20
2023-09-01,5.51,,5.55,5.53,5.58,5.47,5.36,4.87,4.57,4.29,4.27,4.18,4.48,4.29
2023-09-05,5.51,,5.56,5.55,5.59,5.51,5.42,4.94,4.65,4.37,4.35,4.27,4.56,4.38
2023-09-06,5.52,,5.55,5.55,5.60,5.52,5.44,5.01,4.73,4.44,4.39,4.30,4.56,4.37
2023-09-07,5.52,,5.56,5.53,5.59,5.50,5.40,4.94,4.66,4.38,4.35,4.27,4.55,4.36
2023-09-08,5.52,,5.56,5.55,5.60,5.49,5.42,4.98,4.68,4.39,4.35,4.26,4.52,4.33
2023-09-11,5.52,,5.56,5.55,5.58,5.51,5.40,4.97,4.64,4.40,4.37,4.29,4.56,4.37
2023-09-12,5.52,,5.56,5.56,5.58,5.53,5.42,4.98,4.66,4.41,4.36,4.27,4.54,4.35
2023-09-13,5.53,,5.56,5.55,5.60,5.51,5.42,4.96,4.64,4.39,4.34,4.25,4.52,4.34
2023-09-14,5.52,,5.57,5.55,5.59,5.50,5.42,5.00,4.68,4.42,4.38,4.29,4.57,4.39
2023-09-15,5.51,,5.56,5.56,5.60,5.49,5.43,5.02,4.72,4.45,4.41,4.33,4.59,4.42
2023-09-18,5.53,,5.56,5.55,5.60,5.51,5.44,5.05,4.74,4.46,4.41,4.32,4.57,4.40
2023-09-19,5.53,,5.56,5.54,5.59,5.51,5.45,5.08,4.79,4.51,4.47,4.37,4.60,4.43
2023-09-20,5.53,,5.57,5.56,5.61,5.51,5.47,5.12,4.82,4.52,4.46,4.35,4.57,4.40
2023-09-21,5.52,,5.57,5.57,5.61,5.52,5.46,5.12,4.85,4.61,4.57,4.49,4.74,4.56
2023-09-22,5.52,,5.58,5.56,5.61,5.52,5.46,5.10,4.80,4.57,4.53,4.44,4.70,4.53
2023-09-25,5.54,,5.58,5.58,5.60,5.52,5.45,5.09,4.83,4.62,4.61,4.55,4.84,4.67
2023-09-26,5.54,,5.58,5.58,5.61,5.53,5.45,5.04,4.84,4.62,4.62,4.56,4.86,4.70
2023-09-27,5.54,,5.59,5.58,5.62,5.53,5.49,5.10,4.89,4.67,4.69,4.61,4.91,4.73
2023-09-28,5.56,,5.61,5.56,5.61,5.53,5.46,5.04,4.83,4.62,4.63,4.59,4.90,4.71
2023-09-29,5.55,,5.60,5.55,5.61,5.53,5.46,5.03,4.80,4.60,4.61,4.59,4.92,4.73
2023-10-02,5.56,,5.60,5.62,5.62,5.58,5.49,5.12,4.88,4.72,4.73,4.69,5.00,4.81
2023-10-03,5.55,,5.60,5.62,5.62,5.58,5.49,5.15,4.95,4.80,4.84,4.81,5.13,4.95
2023-10-04,5.56,,5.58,5.61,5.62,5.57,5.42,5.05,4.85,4.72,4.75,4.73,5.05,4.87
2023-10-05,5.57,,5.59,5.61,5.62,5.56,5.39,5.03,4.82,4.68,4.73,4.72,5.06,4.89
2023-10-06,5.59,,5.60,5.63,5.64,5.59,5.43,5.08,4.87,4.75,4.79,4.78,5.13,4.95
2023-10-10,5.60,,5.61,5.61,5.63,5.57,5.37,4.96,4.74,4.62,4.66,4.66,5.03,4.85
2023-10-11,5.58,,5.59,5.61,5.63,5.56,5.38,4.99,4.73,4.59,4.61,4.58,4.92,4.73
2023-10-12,5.61,,5.59,5.63,5.63,5.58,5.43,5.06,4.82,4.69,4.73,4.70,5.05,4.86
2023-10-13,5.60,,5.58,5.62,5.62,5.57,5.41,5.04,4.80,4.65,4.66,4.63,4.97,4.78
2023-10-16,5.57,,5.58,5.61,5.63,5.58,5.42,5.09,4.87,4.72,4.74,4.71,5.06,4.87
2023-10-17,5.58,,5.58,5.62,5.64,5.60,5.48,5.19,5.01,4.86,4.88,4.83,5.14,4.94
2023-10-18,5.57,,5.56,5.61,5.62,5.58,5.47,5.19,5.03,4.92,4.95,4.91,5.20,5.00
2023-10-19,5.58,,5.57,5.60,5.62,5.56,5.44,5.14,5.01,4.95,5.00,4.98,5.30,5.11
2023-10-20,5.56,,5.56,5.58,5.61,5.54,5.41,5.07,4.93,4.86,4.93,4.93,5.27,5.09
2023-10-23,5.57,,5.57,5.58,5.59,5.56,5.42,5.05,4.89,4.81,4.87,4.86,5.19,5.01
2023-10-24,5.57,,5.57,5.58,5.60,5.57,5.41,5.02,4.91,4.82,4.86,4.83,5.15,4.96
2023-10-25,5.56,,5.57,5.59,5.61,5.57,5.43,5.08,4.98,4.89,4.98,4.95,5.27,5.09
2023-10-26,5.57,,5.57,5.59,5.60,5.55,5.39,5.02,4.89,4.79,4.86,4.86,5.19,5.01
2023-10-27,5.57,,5.57,5.59,5.60,5.55,5.39,4.99,4.84,4.76,4.83,4.84,5.19,5.03
2023-10-30,5.56,,5.57,5.60,5.61,5.53,5.41,5.03,4.87,4.80,4.88,4.88,5.21,5.04
2023-10-31,5.56,,5.57,5.59,5.61,5.54,5.44,5.07,4.90,4.82,4.89,4.88,5.21,5.04
2023-11-01,5.56,,5.55,5.57,5.54,5.51,5.37,4.95,4.76,4.67,4.75,4.77,5.13,4.96
2023-11-02,5.52,,5.56,5.54,5.53,5.50,5.38,4.98,4.78,4.65,4.68,4.67,4.99,4.82
2023-11-03,5.53,,5.56,5.53,5.50,5.45,5.29,4.83,4.62,4.49,4.55,4.57,4.93,4.77
2023-11-06,5.53,,5.56,5.56,5.49,5.47,5.33,4.93,4.72,4.60,4.66,4.67,5.00,4.84
2023-11-07,5.53,,5.56,5.55,5.48,5.47,5.33,4.91,4.64,4.53,4.58,4.58,4.91,4.75
2023-11-08,5.52,,5.54,5.54,5.49,5.46,5.34,4.93,4.65,4.51,4.54,4.49,4.82,4.64
2023-11-09,5.53,,5.56,5.54,5.50,5.46,5.39,5.03,4.77,4.65,4.68,4.62,4.97,4.77
2023-11-10,5.53,,5.55,5.53,5.47,5.46,5.38,5.04,4.80,4.65,4.68,4.61,4.93,4.73
2023-11-13,5.53,,5.55,5.55,5.49,5.48,5.37,5.02,4.80,4.66,4.69,4.63,4.95,4.75
2023-11-14,5.52,,5.55,5.52,5.45,5.41,5.24,4.80,4.56,4.42,4.45,4.44,4.80,4.61
2023-11-15,5.52,,5.54,5.53,5.46,5.41,5.27,4.90,4.68,4.52,4.56,4.53,4.87,4.68
2023-11-16,5.53,,5.55,5.51,5.46,5.38,5.23,4.83,4.59,4.43,4.47,4.45,4.82,4.63
2023-11-17,5.52,,5.54,5.50,5.42,5.39,5.24,4.88,4.64,4.45,4.47,4.44,4.80,4.59
2023-11-20,5.53,,5.55,5.54,5.46,5.43,5.25,4.89,4.62,4.44,4.46,4.42,4.74,4.57
2023-11-21,5.52,,5.54,5.53,5.45,5.42,5.24,4.86,4.60,4.41,4.44,4.41,4.75,4.57
2023-11-22,5.54,,5.55,5.54,5.47,5.42,5.26,4.89,4.62,4.44,4.46,4.42,4.73,4.55
2023-11-24,5.55,,5.56,5.54,5.48,5.45,5.27,4.92,4.67,4.49,4.51,4.47,4.79,4.60
2023-11-27,5.54,,5.54,5.49,5.47,5.45,5.24,4.84,4.60,4.38,4.43,4.39,4.72,4.53
2023-11-28,5.53,,5.53,5.47,5.45,5.42,5.21,4.73,4.49,4.29,4.36,4.34,4.70,4.52
2023-11-29,5.53,,5.52,5.45,5.48,5.38,5.12,4.64,4.40,4.22,4.28,4.27,4.62,4.44
2023-11-30,5.56,,5.54,5.45,5.49,5.38,5.16,4.73,4.48,4.31,4.38,4.37,4.72,4.54
2023-12-01,5.55,,5.53,5.43,5.45,5.33,5.05,4.56,4.31,4.14,4.22,4.22,4.58,4.40
2023-12-04,5.55,,5.53,5.46,5.47,5.41,5.10,4.64,4.40,4.23,4.30,4.28,4.61,4.43
2023-12-05,5.54,,5.51,5.45,5.46,5.37,5.06,4.57,4.33,4.14,4.20,4.18,4.48,4.30
2023-12-06,5.54,,5.50,5.45,5.47,5.38,5.07,4.60,4.33,4.12,4.16,4.12,4.40,4.22
2023-12-07,5.53,,5.54,5.44,5.47,5.36,5.05,4.58,4.31,4.11,4.16,4.14,4.42,4.25
2023-12-08,5.54,,5.53,5.44,5.49,5.39,5.13,4.71,4.45,4.24,4.28,4.23,4.49,4.31
2023-12-11,5.55,,5.54,5.47,5.48,5.40,5.14,4.71,4.42,4.25,4.27,4.23,4.51,4.32
2023-12-12,5.53,,5.53,5.46,5.48,5.41,5.14,4.73,4.42,4.23,4.24,4.20,4.48,4.30
2023-12-13,5.52,,5.52,5.44,5.45,5.33,4.94,4.46,4.18,4.00,4.04,4.04,4.36,4.19
2023-12-14,5.54,,5.54,5.43,5.45,5.31,4.90,4.37,4.09,3.90,3.93,3.92,4.21,4.03
2023-12-15,5.54,,5.54,5.44,5.47,5.33,4.95,4.44,4.13,3.91,3.94,3.91,4.19,4.00
2023-12-18,5.52,,5.52,5.46,5.47,5.36,4.95,4.43,4.15,3.94,3.97,3.95,4.23,4.05
2023-12-19,5.51,,5.51,5.43,5.45,5.35,4.93,4.41,4.15,3.94,3.96,3.93,4.23,4.03
2023-12-20,5.50,,5.49,5.44,5.45,5.33,4.88,4.34,4.06,3.86,3.88,3.86,4.17,3.98
2023-12-21,5.54,,5.53,5.42,5.45,5.31,4.84,4.33,4.06,3.87,3.91,3.89,4.19,4.03
2023-12-22,5.54,,5.52,5.44,5.45,5.31,4.82,4.31,4.04,3.87,3.92,3.90,4.21,4.05
2023-12-26,5.53,,5.52,5.45,5.44,5.28,4.83,4.26,4.05,3.89,3.91,3.89,4.20,4.04
2023-12-27,5.55,,5.53,5.44,5.42,5.26,4.79,4.20,3.97,3.78,3.81,3.79,4.10,3.95
2023-12-28,5.57,,5.55,5.45,5.42,5.28,4.82,4.26,4.02,3.83,3.84,3.84,4.14,3.98
2023-12-29,5.60,,5.59,5.40,5.41,5.26,4.79,4.23,4.01,3.84,3.88,3.88,4.20,4.03
2024-01-02,5.55,,5.54,5.46,5.41,5.24,4.80,4.33,4.09,3.93,3.95,3.95,4.25,4.08
2024-01-03,5.54,,5.54,5.48,5.41,5.25,4.81,4.33,4.07,3.90,3.92,3.91,4.21,4.05
2024-01-04,5.56,,5.48,5.48,5.41,5.25,4.85,4.38,4.14,3.97,3.99,3.99,4.30,4.13
2024-01-05,5.54,,5.48,5.47,5.41,5.24,4.84,4.40,4.17,4.02,4.04,4.05,4.37,4.21
2024-01-08,5.54,,5.48,5.49,5.39,5.24,4.82,4.36,4.11,3.97,3.99,4.01,4.33,4.17
2024-01-09,5.53,,5.46,5.47,5.38,5.24,4.82,4.36,4.09,3.97,4.00,4.02,4.33,4.18
2024-01-10,5.53,,5.46,5.46,5.39,5.23,4.82,4.37,4.10,3.99,4.01,4.04,4.35,4.20
2024-01-11,5.54,,5.47,5.46,5.38,5.22,4.75,4.26,4.02,3.90,3.95,3.98,4.32,4.18
2024-01-12,5.55,,5.47,5.45,5.37,5.16,4.65,4.14,3.92,3.84,3.91,3.96,4.32,4.20
2024-01-16,5.54,,5.47,5.45,5.37,5.18,4.70,4.22,4.02,3.95,4.01,4.07,4.43,4.30
2024-01-17,5.54,,5.47,5.47,5.40,5.20,4.80,4.34,4.12,4.02,4.07,4.10,4.42,4.31
2024-01-18,5.53,,5.48,5.45,5.39,5.20,4.80,4.34,4.13,4.04,4.10,4.14,4.48,4.37
2024-01-19,5.54,,5.47,5.45,5.39,5.21,4.84,4.39,4.18,4.08,4.12,4.15,4.47,4.36
2024-01-22,5.53,,5.47,5.46,5.39,5.22,4.83,4.37,4.14,4.03,4.07,4.11,4.44,4.32
2024-01-23,5.53,,5.46,5.45,5.38,5.21,4.81,4.31,4.16,4.06,4.11,4.14,4.48,4.38
2024-01-24,5.52,,5.44,5.44,5.40,5.22,4.83,4.34,4.19,4.06,4.14,4.18,4.52,4.41
2024-01-25,5.54,,5.48,5.44,5.39,5.19,4.76,4.28,4.12,4.01,4.07,4.14,4.49,4.38
2024-01-26,5.54,,5.45,5.44,5.39,5.19,4.78,4.34,4.15,4.04,4.10,4.15,4.49,4.38
2024-01-29,5.53,,5.46,5.42,5.37,5.19,4.76,4.29,4.10,3.97,4.02,4.08,4.42,4.31
2024-01-30,5.53,,5.47,5.42,5.38,5.19,4.80,4.36,4.14,4.00,4.03,4.06,4.40,4.28
2024-01-31,5.53,,5.46,5.42,5.40,5.18,4.73,4.27,4.05,3.91,3.95,3.99,4.34,4.22
2024-02-01,5.49,,5.51,5.42,5.38,5.15,4.68,4.20,3.96,3.80,3.83,3.87,4.21,4.10
2024-02-02,5.49,,5.51,5.43,5.42,5.22,4.81,4.36,4.14,3.99,4.02,4.03,4.33,4.22
2024-02-05,5.49,,5.50,5.42,5.42,5.25,4.87,4.46,4.27,4.13,4.16,4.17,4.46,4.35
2024-02-06,5.48,,5.50,5.44,5.41,5.23,4.82,4.39,4.14,4.03,4.07,4.09,4.39,4.29
2024-02-07,5.47,,5.49,5.43,5.40,5.23,4.83,4.41,4.16,4.06,4.09,4.09,4.41,4.31
2024-02-08,5.49,,5.51,5.44,5.42,5.24,4.83,4.46,4.22,4.12,4.15,4.15,4.47,4.36
2024-02-09,5.49,,5.51,5.44,5.43,5.26,4.86,4.48,4.25,4.14,4.17,4.17,4.48,4.37
2024-02-12,5.49,,5.51,5.43,5.43,5.27,4.87,4.46,4.25,4.13,4.16,4.17,4.48,4.37
2024-02-13,5.48,,5.52,5.45,5.46,5.32,4.99,4.64,4.44,4.31,4.33,4.31,4.59,4.46
2024-02-14,5.48,,5.51,5.43,5.45,5.31,4.94,4.56,4.38,4.25,4.27,4.27,4.57,4.45
2024-02-15,5.49,,5.51,5.43,5.45,5.30,4.93,4.56,4.36,4.22,4.25,4.24,4.54,4.42
2024-02-16,5.48,,5.51,5.44,5.45,5.31,4.98,4.64,4.43,4.29,4.31,4.30,4.58,4.45
2024-02-20,5.49,,5.49,5.44,5.45,5.32,4.97,4.59,4.38,4.25,4.28,4.27,4.56,4.44
2024-02-21,5.50,,5.50,5.44,5.45,5.32,4.98,4.64,4.43,4.30,4.33,4.32,4.59,4.49
2024-02-22,5.49,,5.51,5.45,5.45,5.32,5.02,4.69,4.49,4.33,4.35,4.33,4.58,4.47
2024-02-23,5.49,,5.51,5.46,5.46,5.32,5.00,4.67,4.45,4.28,4.28,4.26,4.51,4.37
2024-02-26,5.50,,5.52,5.47,5.47,5.34,5.03,4.69,4.48,4.29,4.32,4.28,4.53,4.40
2024-02-27,5.50,,5.52,5.45,5.47,5.33,5.03,4.70,4.50,4.32,4.34,4.31,4.57,4.44
2024-02-28,5.50,,5.51,5.45,5.43,5.31,5.00,4.64,4.44,4.26,4.28,4.27,4.53,4.40
2024-02-29,5.53,,5.50,5.45,5.43,5.30,5.01,4.64,4.43,4.26,4.28,4.25,4.51,4.38
2024-03-01,5.54,,5.49,5.42,5.41,5.27,4.94,4.54,4.32,4.17,4.20,4.19,4.46,4.33
2024-03-04,5.51,,5.49,5.48,5.42,5.37,4.98,4.61,4.39,4.21,4.23,4.22,4.48,4.36
2024-03-05,5.50,,5.47,5.47,5.40,5.35,4.94,4.54,4.32,4.13,4.15,4.13,4.39,4.27
2024-03-06,5.50,,5.47,5.47,5.40,5.35,4.95,4.55,4.32,4.12,4.12,4.11,4.36,4.24
2024-03-07,5.51,,5.48,5.47,5.40,5.34,4.93,4.50,4.28,4.07,4.09,4.09,4.35,4.25
2024-03-08,5.51,,5.48,5.46,5.40,5.34,4.92,4.48,4.25,4.06,4.08,4.09,4.36,4.26
2024-03-11,5.50,,5.47,5.48,5.41,5.35,4.95,4.51,4.26,4.08,4.09,4.10,4.36,4.26
2024-03-12,5.52,,5.48,5.48,5.41,5.37,5.00,4.58,4.33,4.15,4.16,4.16,4.42,4.31
2024-03-13,5.52,,5.47,5.48,5.41,5.37,5.01,4.61,4.37,4.19,4.20,4.19,4.45,4.35
2024-03-14,5.52,,5.48,5.48,5.42,5.38,5.04,4.68,4.46,4.29,4.30,4.29,4.54,4.44
2024-03-15,5.52,,5.48,5.48,5.41,5.38,5.05,4.72,4.51,4.33,4.33,4.31,4.55,4.43
2024-03-18,5.52,,5.48,5.48,5.41,5.39,5.06,4.73,4.52,4.36,4.35,4.34,4.57,4.46
2024-03-19,5.52,,5.48,5.48,5.41,5.39,5.06,4.68,4.47,4.31,4.31,4.30,4.54,4.44
2024-03-20,5.50,,5.47,5.47,5.41,5.36,5.01,4.59,4.41,4.25,4.28,4.27,4.53,4.45
2024-03-21,5.51,,5.48,5.48,5.40,5.36,5.01,4.62,4.42,4.26,4.28,4.27,4.53,4.44
2024-03-22,5.51,,5.47,5.46,5.40,5.34,4.98,4.59,4.36,4.20,4.22,4.22,4.47,4.39
2024-03-25,5.51,,5.48,5.46,5.41,5.36,5.00,4.54,4.39,4.23,4.25,4.25,4.51,4.42
2024-03-26,5.50,,5.47,5.46,5.41,5.36,5.00,4.56,4.38,4.22,4.23,4.24,4.49,4.40
2024-03-27,5.50,,5.47,5.45,5.41,5.36,4.99,4.54,4.36,4.18,4.18,4.20,4.45,4.36
2024-03-28,5.49,,5.48,5.46,5.42,5.38,5.03,4.59,4.40,4.21,4.20,4.20,4.45,4.34
2024-04-01,5.49,,5.47,5.44,5.41,5.36,5.06,4.72,4.51,4.34,4.33,4.33,4.58,4.47
2024-04-02,5.49,,5.45,5.42,5.40,5.34,5.05,4.70,4.51,4.35,4.37,4.36,4.61,4.51
2024-04-03,5.47,,5.44,5.42,5.40,5.33,5.03,4.68,4.48,4.34,4.36,4.36,4.61,4.51
2024-04-04,5.47,,5.49,5.41,5.40,5.32,5.00,4.65,4.46,4.30,4.31,4.31,4.57,4.47
2024-04-05,5.47,,5.50,5.43,5.41,5.34,5.05,4.73,4.54,4.38,4.39,4.39,4.65,4.54
2024-04-08,5.48,,5.49,5.43,5.41,5.35,5.07,4.78,4.60,4.43,4.43,4.42,4.65,4.55
2024-04-09,5.48,,5.49,5.43,5.41,5.34,5.03,4.74,4.52,4.37,4.38,4.36,4.60,4.50
2024-04-10,5.49,,5.50,5.45,5.44,5.40,5.19,4.97,4.77,4.61,4.59,4.55,4.76,4.64
2024-04-11,5.48,,5.51,5.45,5.44,5.38,5.17,4.93,4.77,4.61,4.60,4.56,4.77,4.65
2024-04-12,5.48,,5.50,5.45,5.42,5.36,5.13,4.88,4.70,4.54,4.53,4.50,4.73,4.61
2024-04-15,5.49,,5.51,5.45,5.44,5.38,5.16,4.93,4.78,4.65,4.65,4.63,4.85,4.74
2024-04-16,5.49,,5.51,5.45,5.44,5.39,5.18,4.97,4.83,4.69,4.69,4.67,4.88,4.77
2024-04-17,5.49,,5.49,5.45,5.44,5.38,5.16,4.93,4.77,4.62,4.61,4.59,4.81,4.71
2024-04-18,5.49,,5.52,5.46,5.44,5.39,5.18,4.98,4.83,4.68,4.67,4.64,4.85,4.74
2024-04-19,5.49,,5.51,5.45,5.44,5.39,5.17,4.97,4.81,4.66,4.65,4.62,4.83,4.72
2024-04-22,5.49,,5.50,5.42,5.44,5.39,5.16,4.97,4.81,4.66,4.65,4.62,4.84,4.72
2024-04-23,5.49,,5.50,5.45,5.44,5.39,5.14,4.86,4.76,4.63,4.62,4.61,4.84,4.73
2024-04-24,5.49,,5.50,5.46,5.44,5.40,5.17,4.89,4.78,4.64,4.66,4.65,4.88,4.78
2024-04-25,5.48,,5.51,5.47,5.46,5.41,5.21,4.96,4.85,4.70,4.71,4.70,4.93,4.82
2024-04-26,5.48,,5.51,5.46,5.45,5.40,5.21,4.96,4.84,4.68,4.68,4.67,4.89,4.78
2024-04-29,5.48,,5.51,5.45,5.45,5.43,5.20,4.97,4.80,4.65,4.64,4.63,4.86,4.75
2024-04-30,5.48,,5.51,5.46,5.45,5.44,5.25,5.04,4.87,4.72,4.71,4.69,4.90,4.79
2024-05-01,5.47,,5.50,5.46,5.51,5.43,5.21,4.96,4.79,4.64,4.64,4.63,4.85,4.74
2024-05-02,5.51,,5.47,5.46,5.50,5.42,5.16,4.87,4.71,4.57,4.57,4.58,4.82,4.72
2024-05-03,5.51,,5.48,5.45,5.50,5.41,5.12,4.81,4.63,4.48,4.49,4.50,4.75,4.66
2024-05-06,5.51,,5.48,5.45,5.50,5.42,5.12,4.82,4.64,4.48,4.48,4.49,4.73,4.64
2024-05-07,5.51,,5.48,5.45,5.51,5.41,5.13,4.82,4.60,4.48,4.47,4.47,4.70,4.61
2024-05-08,5.51,,5.47,5.45,5.50,5.41,5.13,4.84,4.63,4.50,4.49,4.48,4.73,4.64
2024-05-09,5.51,,5.48,5.46,5.50,5.41,5.12,4.80,4.60,4.47,4.46,4.45,4.70,4.60
2024-05-10,5.51,,5.47,5.47,5.51,5.43,5.17,4.87,4.65,4.52,4.51,4.50,4.74,4.64
2024-05-13,5.50,,5.47,5.45,5.51,5.43,5.16,4.85,4.66,4.50,4.49,4.48,4.72,4.63
2024-05-14,5.50,,5.47,5.44,5.51,5.43,5.16,4.81,4.62,4.46,4.45,4.45,4.69,4.59
2024-05-15,5.49,,5.46,5.45,5.50,5.40,5.10,4.73,4.51,4.35,4.35,4.36,4.61,4.52
2024-05-16,5.51,,5.47,5.45,5.53,5.41,5.13,4.78,4.58,4.40,4.39,4.38,4.62,4.52
2024-05-17,5.50,,5.47,5.46,5.50,5.41,5.14,4.83,4.60,4.44,4.43,4.42,4.66,4.56
2024-05-20,5.50,,5.47,5.45,5.51,5.43,5.15,4.82,4.62,4.46,4.44,4.44,4.68,4.58
2024-05-21,5.50,,5.47,5.45,5.51,5.42,5.14,4.82,4.61,4.43,4.42,4.41,4.65,4.55
2024-05-22,5.49,,5.48,5.45,5.50,5.43,5.16,4.86,4.64,4.47,4.44,4.43,4.63,4.55
2024-05-23,5.51,,5.48,5.46,5.51,5.44,5.20,4.91,4.71,4.52,4.50,4.47,4.67,4.58
2024-05-24,5.56,,5.53,5.46,5.51,5.44,5.21,4.93,4.71,4.53,4.49,4.46,4.65,4.57
2024-05-28,5.50,,5.48,5.46,5.51,5.43,5.21,4.94,4.75,4.56,4.56,4.54,4.74,4.66
2024-05-29,5.50,,5.48,5.46,5.47,5.43,5.22,4.96,4.79,4.63,4.63,4.61,4.82,4.74
2024-05-30,5.48,,5.48,5.46,5.48,5.42,5.19,4.92,4.74,4.57,4.57,4.55,4.76,4.69
2024-05-31,5.48,,5.48,5.46,5.46,5.42,5.18,4.89,4.69,4.52,4.52,4.51,4.73,4.65
2024-06-03,5.49,,5.49,5.52,5.46,5.39,5.14,4.82,4.62,4.42,4.41,4.41,4.63,4.55
2024-06-04,5.48,,5.48,5.52,5.45,5.38,5.11,4.77,4.55,4.35,4.33,4.33,4.56,4.48
2024-06-05,5.48,,5.48,5.51,5.46,5.37,5.08,4.72,4.50,4.31,4.29,4.29,4.52,4.44
2024-06-06,5.48,,5.47,5.51,5.45,5.36,5.08,4.72,4.49,4.29,4.28,4.28,4.51,4.43
2024-06-07,5.47,,5.47,5.52,5.47,5.40,5.17,4.87,4.65,4.46,4.45,4.43,4.64,4.55
2024-06-10,5.47,,5.48,5.52,5.46,5.40,5.16,4.87,4.62,4.48,4.47,4.47,4.68,4.59
2024-06-11,5.46,,5.47,5.52,5.46,5.39,5.17,4.81,4.57,4.41,4.40,4.39,4.62,4.53
2024-06-12,5.47,,5.47,5.51,5.47,5.38,5.13,4.75,4.48,4.32,4.31,4.31,4.56,4.47
2024-06-13,5.47,,5.47,5.51,5.45,5.36,5.07,4.68,4.42,4.24,4.23,4.24,4.50,4.40
2024-06-14,5.47,,5.47,5.51,5.45,5.36,5.07,4.67,4.41,4.22,4.20,4.20,4.46,4.34
2024-06-17,5.45,,5.47,5.52,5.46,5.39,5.11,4.75,4.50,4.30,4.28,4.28,4.52,4.40
2024-06-18,5.40,,5.46,5.50,5.45,5.37,5.09,4.69,4.43,4.24,4.22,4.22,4.47,4.36
2024-06-20,5.42,,5.46,5.50,5.46,5.37,5.10,4.70,4.45,4.26,4.25,4.25,4.49,4.39
2024-06-21,5.42,,5.46,5.49,5.45,5.36,5.10,4.70,4.45,4.26,4.25,4.25,4.49,4.39
2024-06-24,5.42,,5.46,5.50,5.45,5.37,5.10,4.71,4.46,4.27,4.25,4.25,4.48,4.38
2024-06-25,5.43,,5.46,5.49,5.44,5.37,5.10,4.65,4.45,4.25,4.23,4.23,4.46,4.36
2024-06-26,5.44,,5.46,5.50,5.46,5.36,5.13,4.71,4.53,4.32,4.32,4.32,4.55,4.45
2024-06-27,5.48,,5.46,5.49,5.45,5.35,5.10,4.70,4.49,4.29,4.27,4.29,4.53,4.43
2024-06-28,5.47,,5.47,5.48,5.45,5.33,5.09,4.71,4.52,4.33,4.33,4.36,4.61,4.51
2024-07-01,5.48,,5.48,5.47,5.45,5.37,5.10,4.77,4.58,4.44,4.45,4.48,4.76,4.64
2024-07-02,5.48,,5.47,5.47,5.44,5.36,5.07,4.74,4.54,4.39,4.40,4.43,4.71,4.60
2024-07-03,5.49,,5.54,5.47,5.47,5.36,5.04,4.71,4.48,4.33,4.33,4.36,4.64,4.53
2024-07-05,5.48,,5.53,5.46,5.46,5.34,4.98,4.60,4.39,4.22,4.23,4.28,4.57,4.47
2024-07-08,5.48,,5.53,5.46,5.46,5.33,4.99,4.62,4.40,4.23,4.23,4.28,4.57,4.46
2024-07-09,5.45,,5.51,5.46,5.46,5.34,5.02,4.62,4.37,4.24,4.25,4.30,4.59,4.49
2024-07-10,5.46,,5.50,5.46,5.46,5.33,5.01,4.62,4.38,4.24,4.24,4.28,4.58,4.47
2024-07-11,5.48,,5.53,5.44,5.41,5.25,4.91,4.50,4.26,4.13,4.15,4.20,4.51,4.41
2024-07-12,5.47,,5.52,5.43,5.41,5.23,4.87,4.45,4.22,4.10,4.13,4.18,4.50,4.39
2024-07-15,5.48,,5.51,5.43,5.40,5.23,4.85,4.44,4.23,4.13,4.16,4.23,4.56,4.46
2024-07-16,5.48,,5.50,5.43,5.40,5.23,4.85,4.43,4.21,4.09,4.11,4.17,4.48,4.38
2024-07-17,5.47,,5.50,5.43,5.40,5.23,4.85,4.42,4.19,4.07,4.09,4.16,4.46,4.37
2024-07-18,5.48,,5.52,5.43,5.40,5.23,4.86,4.46,4.24,4.11,4.14,4.20,4.51,4.41
2024-07-19,5.48,,5.52,5.43,5.39,5.24,4.87,4.49,4.28,4.16,4.18,4.25,4.55,4.45
2024-07-22,5.49,,5.51,5.43,5.39,5.24,4.88,4.50,4.29,4.17,4.20,4.26,4.57,4.48
2024-07-23,5.49,,5.51,5.41,5.38,5.22,4.85,4.40,4.26,4.15,4.18,4.25,4.56,4.48
2024-07-24,5.50,,5.50,5.40,5.37,5.19,4.82,4.37,4.24,4.12,4.20,4.28,4.62,4.54
2024-07-25,5.49,,5.52,5.39,5.37,5.19,4.83,4.41,4.26,4.13,4.18,4.27,4.59,4.50
2024-07-26,5.49,,5.51,5.38,5.36,5.18,4.79,4.36,4.20,4.06,4.10,4.20,4.53,4.45
2024-07-29,5.50,,5.51,5.41,5.36,5.18,4.79,4.36,4.19,4.05,4.08,4.17,4.51,4.42
2024-07-30,5.50,,5.50,5.40,5.35,5.16,4.78,4.35,4.16,4.03,4.06,4.15,4.50,4.40
2024-07-31,5.49,,5.51,5.41,5.32,5.14,4.73,4.29,4.10,3.97,4.00,4.09,4.44,4.35
2024-08-01,5.55,,5.46,5.37,5.28,5.08,4.62,4.16,3.96,3.84,3.89,3.99,4.35,4.27
2024-08-02,5.54,,5.43,5.29,5.14,4.88,4.33,3.88,3.70,3.62,3.68,3.80,4.19,4.11
2024-08-05,5.52,,5.43,5.35,5.14,4.91,4.34,3.89,3.71,3.62,3.66,3.78,4.16,4.06
2024-08-06,5.50,,5.43,5.34,5.18,5.00,4.46,3.99,3.76,3.73,3.79,3.90,4.28,4.18
2024-08-07,5.50,,5.43,5.34,5.21,4.99,4.45,4.00,3.81,3.79,3.85,3.96,4.35,4.26
2024-08-08,5.55,,5.42,5.34,5.21,5.01,4.48,4.04,3.86,3.83,3.89,3.99,4.38,4.28
2024-08-09,5.54,,5.40,5.33,5.22,5.02,4.50,4.05,3.86,3.80,3.85,3.94,4.33,4.23
2024-08-12,5.53,,5.40,5.33,5.20,5.02,4.47,4.01,3.82,3.75,3.80,3.90,4.30,4.19
2024-08-13,5.48,,5.39,5.32,5.18,4.97,4.40,3.93,3.75,3.68,3.74,3.85,4.25,4.16
2024-08-14,5.49,,5.39,5.32,5.21,5.00,4.42,3.94,3.76,3.67,3.72,3.83,4.22,4.12
2024-08-15,5.53,,5.40,5.34,5.22,5.04,4.52,4.08,3.90,3.79,3.83,3.92,4.28,4.18
2024-08-16,5.53,,5.40,5.33,5.21,5.02,4.49,4.06,3.87,3.77,3.81,3.89,4.26,4.15
2024-08-19,5.51,,5.39,5.31,5.19,5.00,4.48,4.06,3.86,3.75,3.78,3.86,4.23,4.11
2024-08-20,5.48,,5.36,5.29,5.17,4.97,4.43,3.99,3.80,3.70,3.73,3.82,4.19,4.07
2024-08-21,5.45,,5.33,5.26,5.13,4.92,4.36,3.92,3.74,3.64,3.69,3.79,4.15,4.06
2024-08-22,5.51,,5.35,5.28,5.15,4.96,4.43,3.99,3.82,3.72,3.77,3.86,4.21,4.13
2024-08-23,5.51,,5.35,5.25,5.13,4.92,4.36,3.90,3.73,3.65,3.71,3.81,4.18,4.10
2024-08-26,5.49,,5.34,5.24,5.13,4.91,4.38,3.91,3.74,3.66,3.72,3.82,4.19,4.11
2024-08-27,5.49,,5.33,5.23,5.12,4.89,4.34,3.83,3.72,3.66,3.73,3.83,4.21,4.13
2024-08-28,5.47,,5.33,5.21,5.12,4.87,4.36,3.83,3.72,3.63,3.74,3.84,4.22,4.13
2024-08-29,5.40,,5.33,5.22,5.12,4.89,4.38,3.87,3.76,3.66,3.76,3.87,4.24,4.15
2024-08-30,5.41,,5.32,5.21,5.12,4.89,4.38,3.91,3.79,3.71,3.80,3.91,4.28,4.20
2024-09-03,5.38,,5.31,5.19,5.10,4.80,4.35,3.88,3.73,3.65,3.73,3.84,4.21,4.13
2024-09-04,5.33,,5.28,5.18,5.05,4.74,4.23,3.76,3.63,3.56,3.65,3.77,4.14,4.06
2024-09-05,5.30,,5.29,5.15,5.04,4.73,4.21,3.75,3.61,3.54,3.63,3.73,4.11,4.02
2024-09-06,5.28,,5.28,5.13,5.02,4.69,4.10,3.66,3.54,3.50,3.60,3.72,4.10,4.03
2024-09-09,5.25,,5.25,5.11,4.99,4.68,4.12,3.68,3.54,3.49,3.58,3.70,4.08,4.00
2024-09-10,5.18,,5.18,5.06,4.92,4.65,4.07,3.59,3.42,3.43,3.53,3.65,4.04,3.97
2024-09-11,5.21,,5.19,5.10,4.99,4.72,4.12,3.62,3.45,3.45,3.54,3.65,4.03,3.96
2024-09-12,5.18,,5.22,5.06,4.97,4.68,4.09,3.64,3.47,3.47,3.57,3.68,4.07,4.00
2024-09-13,5.15,,5.17,4.97,4.92,4.60,4.00,3.57,3.42,3.43,3.53,3.66,4.05,3.98
2024-09-16,5.11,,5.10,4.96,4.88,4.55,3.96,3.56,3.42,3.41,3.51,3.63,4.01,3.94
2024-09-17,5.05,,5.05,4.95,4.87,4.55,3.99,3.59,3.45,3.44,3.53,3.65,4.02,3.96
2024-09-18,4.91,,4.91,4.84,4.76,4.50,3.95,3.61,3.49,3.47,3.58,3.70,4.08,4.03
2024-09-19,4.89,,4.91,4.80,4.73,4.46,3.93,3.59,3.47,3.49,3.60,3.73,4.11,4.06
2024-09-20,4.87,,4.88,4.75,4.70,4.43,3.92,3.55,3.46,3.48,3.59,3.73,4.10,4.07
2024-09-23,4.85,,4.84,4.72,4.65,4.40,3.91,3.57,3.47,3.51,3.62,3.75,4.12,4.09
2024-09-24,4.78,,4.78,4.69,4.63,4.36,3.88,3.49,3.44,3.47,3.60,3.74,4.13,4.09
2024-09-25,4.79,,4.78,4.69,4.64,4.36,3.89,3.53,3.49,3.52,3.65,3.79,4.18,4.14
2024-09-26,4.90,,4.87,4.68,4.65,4.38,3.96,3.60,3.54,3.55,3.65,3.79,4.17,4.12
2024-09-27,4.90,,4.87,4.68,4.64,4.35,3.90,3.55,3.49,3.50,3.60,3.75,4.15,4.10
2024-09-30,4.93,,4.87,4.73,4.65,4.38,3.98,3.66,3.58,3.58,3.67,3.81,4.19,4.14
2024-10-01,4.96,,4.87,4.71,4.63,4.36,3.96,3.61,3.52,3.51,3.60,3.74,4.14,4.08
2024-10-02,4.92,,4.83,4.69,4.61,4.36,3.97,3.63,3.54,3.55,3.65,3.79,4.19,4.14
2024-10-03,4.99,,4.85,4.68,4.61,4.37,4.02,3.70,3.62,3.62,3.71,3.85,4.24,4.18
2024-10-04,5.01,,4.88,4.73,4.68,4.45,4.20,3.93,3.84,3.81,3.88,3.98,4.33,4.26
2024-10-07,5.00,,4.87,4.77,4.67,4.45,4.24,3.99,3.89,3.86,3.92,4.03,4.37,4.30
2024-10-08,4.96,,4.85,4.75,4.65,4.44,4.21,3.98,3.86,3.86,3.94,4.04,4.38,4.32
2024-10-09,4.93,,4.84,4.75,4.65,4.46,4.24,3.99,3.89,3.91,3.97,4.06,4.41,4.34
2024-10-10,4.98,,4.84,4.75,4.65,4.45,4.22,3.98,3.88,3.91,3.99,4.09,4.44,4.38
2024-10-11,4.97,,4.82,4.73,4.65,4.44,4.18,3.95,3.85,3.88,3.97,4.08,4.44,4.39
2024-10-15,4.93,,4.82,4.73,4.65,4.42,4.18,3.95,3.86,3.86,3.93,4.03,4.37,4.32
2024-10-16,4.91,,4.80,4.72,4.63,4.42,4.17,3.93,3.84,3.84,3.92,4.02,4.36,4.30
2024-10-17,4.93,,4.83,4.74,4.65,4.45,4.21,3.96,3.89,3.90,3.99,4.09,4.44,4.39
2024-10-18,4.92,,4.82,4.73,4.65,4.45,4.19,3.95,3.86,3.88,3.97,4.08,4.44,4.38
2024-10-21,4.92,,4.82,4.73,4.66,4.47,4.24,4.02,3.95,3.98,4.07,4.19,4.54,4.49
2024-10-22,4.89,,4.81,4.72,4.66,4.47,4.24,4.03,3.98,4.00,4.10,4.20,4.55,4.49
2024-10-23,4.88,,4.80,4.73,4.66,4.48,4.27,4.07,4.03,4.05,4.14,4.24,4.58,4.51
2024-10-24,4.87,,4.78,4.70,4.65,4.48,4.25,4.07,4.02,4.03,4.12,4.21,4.54,4.47
2024-10-25,4.89,,4.79,4.73,4.68,4.51,4.29,4.11,4.05,4.07,4.15,4.25,4.58,4.51
2024-10-28,4.88,,4.77,4.70,4.65,4.46,4.28,4.12,4.09,4.11,4.19,4.28,4.61,4.53
2024-10-29,4.88,,4.77,4.70,4.64,4.45,4.29,4.11,4.08,4.11,4.18,4.28,4.61,4.52
2024-10-30,4.87,,4.77,4.67,4.57,4.44,4.28,4.15,4.14,4.14,4.20,4.29,4.60,4.49
2024-10-31,4.76,,4.76,4.64,4.56,4.43,4.27,4.16,4.12,4.15,4.21,4.28,4.58,4.47
2024-11-01,4.75,,4.74,4.61,4.53,4.42,4.28,4.21,4.18,4.22,4.30,4.37,4.68,4.57
2024-11-04,4.75,,4.74,4.65,4.51,4.39,4.25,4.17,4.10,4.17,4.24,4.31,4.60,4.50
2024-11-05,4.72,,4.72,4.64,4.49,4.39,4.27,4.19,4.11,4.16,4.22,4.26,4.55,4.44
2024-11-06,4.68,,4.71,4.64,4.54,4.41,4.31,4.27,4.20,4.27,4.37,4.42,4.71,4.60
2024-11-07,4.69,,4.69,4.63,4.52,4.40,4.28,4.21,4.13,4.17,4.25,4.31,4.62,4.52
2024-11-08,4.70,,4.69,4.63,4.53,4.42,4.32,4.26,4.18,4.20,4.25,4.30,4.58,4.47
2024-11-12,4.70,,4.70,4.63,4.54,4.45,4.38,4.34,4.29,4.32,4.38,4.43,4.70,4.58
2024-11-13,4.69,,4.67,4.60,4.50,4.40,4.31,4.27,4.25,4.30,4.38,4.44,4.73,4.63
2024-11-14,4.70,,4.68,4.61,4.53,4.43,4.36,4.34,4.30,4.32,4.38,4.43,4.69,4.58
2024-11-15,4.70,,4.67,4.60,4.52,4.44,4.34,4.31,4.27,4.30,4.36,4.43,4.70,4.60
2024-11-18,4.70,,4.65,4.63,4.52,4.44,4.33,4.29,4.25,4.28,4.35,4.42,4.70,4.61
2024-11-19,4.67,,4.63,4.62,4.51,4.44,4.34,4.27,4.24,4.25,4.32,4.39,4.66,4.57
2024-11-20,4.68,,4.63,4.62,4.52,4.44,4.37,4.31,4.26,4.28,4.34,4.41,4.66,4.59
2024-11-21,4.72,,4.67,4.63,4.52,4.45,4.39,4.34,4.30,4.30,4.36,4.43,4.68,4.61
2024-11-22,4.72,,4.67,4.63,4.53,4.46,4.42,4.37,4.32,4.30,4.35,4.41,4.67,4.60
2024-11-25,4.74,,4.67,4.62,4.52,4.46,4.37,4.21,4.21,4.17,4.21,4.27,4.53,4.45
2024-11-26,4.74,,4.67,4.61,4.52,4.45,4.37,4.21,4.21,4.17,4.24,4.30,4.56,4.48
2024-11-27,4.76,,4.70,4.60,4.54,4.43,4.34,4.19,4.17,4.11,4.17,4.25,4.52,4.44
2024-11-29,4.76,,4.69,4.58,4.52,4.42,4.30,4.13,4.10,4.05,4.10,4.18,4.45,4.36
2024-12-02,4.75,,4.63,4.51,4.51,4.43,4.30,4.17,4.11,4.08,4.13,4.19,4.46,4.36
2024-12-03,4.66,,4.56,4.49,4.48,4.40,4.27,4.17,4.13,4.11,4.17,4.23,4.50,4.40
2024-12-04,4.65,,4.54,4.47,4.46,4.38,4.23,4.13,4.09,4.07,4.13,4.19,4.45,4.35
2024-12-05,4.59,,4.53,4.46,4.46,4.38,4.23,4.15,4.10,4.07,4.12,4.17,4.43,4.33
2024-12-06,4.57,,4.50,4.42,4.42,4.34,4.19,4.10,4.05,4.03,4.09,4.15,4.42,4.34
2024-12-09,4.56,,4.50,4.42,4.43,4.34,4.20,4.13,4.09,4.07,4.13,4.20,4.47,4.39
2024-12-10,4.53,,4.48,4.41,4.42,4.35,4.22,4.15,4.08,4.09,4.15,4.22,4.49,4.41
2024-12-11,4.49,,4.45,4.38,4.38,4.32,4.21,4.15,4.09,4.13,4.20,4.26,4.55,4.48
2024-12-12,4.43,,4.44,4.35,4.36,4.31,4.22,4.18,4.14,4.18,4.25,4.32,4.62,4.55
2024-12-13,4.43,,4.43,4.34,4.36,4.32,4.24,4.25,4.21,4.25,4.33,4.40,4.69,4.61
2024-12-16,4.43,,4.44,4.37,4.36,4.30,4.24,4.25,4.22,4.25,4.32,4.39,4.68,4.60
2024-12-17,4.46,,4.44,4.38,4.36,4.30,4.25,4.25,4.22,4.26,4.33,4.40,4.68,4.59
2024-12-18,4.44,,4.43,4.36,4.36,4.30,4.30,4.35,4.35,4.40,4.45,4.50,4.74,4.65
2024-12-19,4.42,,4.42,4.35,4.35,4.29,4.28,4.32,4.35,4.43,4.51,4.57,4.82,4.74
2024-12-20,4.43,,4.42,4.34,4.35,4.29,4.27,4.30,4.32,4.37,4.45,4.52,4.79,4.72
2024-12-23,4.44,,4.44,4.36,4.37,4.30,4.26,4.30,4.36,4.44,4.52,4.59,4.85,4.78
2024-12-24,4.44,,4.44,4.40,4.38,4.30,4.24,4.29,4.36,4.43,4.52,4.59,4.84,4.76
2024-12-26,4.45,,4.45,4.35,4.37,4.31,4.23,4.30,4.35,4.42,4.49,4.58,4.83,4.76
2024-12-27,4.44,,4.43,4.31,4.35,4.29,4.20,4.31,4.36,4.45,4.53,4.62,4.89,4.82
2024-12-30,4.43,,4.42,4.37,4.33,4.25,4.17,4.24,4.29,4.37,4.46,4.55,4.84,4.77
2024-12-31,4.40,,4.39,4.37,4.32,4.24,4.16,4.25,4.27,4.38,4.48,4.58,4.86,4.78
2025-01-02,4.45,,4.36,4.36,4.31,4.25,4.17,4.25,4.29,4.38,4.47,4.57,4.86,4.79
2025-01-03,4.44,,4.35,4.34,4.31,4.25,4.18,4.28,4.32,4.41,4.51,4.60,4.88,4.82
2025-01-06,4.43,,4.36,4.35,4.31,4.24,4.17,4.28,4.30,4.42,4.52,4.62,4.91,4.85
2025-01-07,4.42,,4.35,4.35,4.31,4.24,4.19,4.30,4.33,4.46,4.57,4.67,4.97,4.91
2025-01-08,4.41,,4.34,4.35,4.31,4.25,4.19,4.28,4.31,4.45,4.56,4.67,4.97,4.91
2025-01-09,4.44,,4.36,4.35,4.31,4.24,4.16,4.27,4.31,4.46,4.57,4.68,4.98,4.92
2025-01-10,4.42,,4.35,4.36,4.33,4.27,4.25,4.40,4.46,4.59,4.70,4.77,5.04,4.96
2025-01-13,4.42,,4.36,4.37,4.34,4.30,4.24,4.40,4.49,4.61,4.71,4.79,5.05,4.97
2025-01-14,4.42,,4.35,4.36,4.33,4.29,4.22,4.37,4.46,4.59,4.70,4.78,5.06,4.98
2025-01-15,4.40,,4.34,4.35,4.32,4.26,4.19,4.27,4.34,4.45,4.55,4.66,4.95,4.88
2025-01-16,4.43,,4.36,4.34,4.32,4.26,4.18,4.23,4.29,4.39,4.50,4.61,4.91,4.84
2025-01-17,4.43,,4.35,4.34,4.32,4.28,4.21,4.27,4.33,4.42,4.52,4.61,4.91,4.84
2025-01-21,4.42,,4.35,4.36,4.33,4.28,4.21,4.29,4.33,4.40,4.49,4.57,4.87,4.80
2025-01-22,4.42,,4.35,4.36,4.32,4.28,4.20,4.29,4.34,4.43,4.51,4.60,4.89,4.82
2025-01-23,4.45,,4.36,4.36,4.32,4.27,4.18,4.29,4.35,4.45,4.55,4.65,4.92,4.87
2025-01-24,4.45,,4.36,4.35,4.32,4.25,4.17,4.27,4.33,4.43,4.53,4.63,4.91,4.85
2025-01-27,4.44,,4.36,4.32,4.30,4.25,4.13,4.17,4.24,4.32,4.43,4.53,4.82,4.76
2025-01-28,4.44,,4.35,4.31,4.30,4.26,4.14,4.19,4.25,4.33,4.43,4.55,4.84,4.78
2025-01-29,4.43,,4.34,4.31,4.34,4.27,4.17,4.21,4.27,4.35,4.44,4.55,4.85,4.79
2025-01-30,4.37,,4.38,4.30,4.33,4.27,4.16,4.18,4.24,4.31,4.41,4.52,4.81,4.76
2025-01-31,4.37,,4.37,4.31,4.33,4.28,4.17,4.22,4.27,4.36,4.47,4.58,4.88,4.83
2025-02-03,4.37,,4.38,4.34,4.35,4.28,4.20,4.26,4.28,4.35,4.45,4.54,4.82,4.77
2025-02-04,4.36,,4.38,4.33,4.35,4.27,4.18,4.21,4.25,4.31,4.42,4.52,4.81,4.75
2025-02-05,4.35,,4.37,4.33,4.35,4.27,4.17,4.17,4.19,4.24,4.33,4.43,4.69,4.64
2025-02-06,4.37,,4.38,4.34,4.36,4.28,4.19,4.21,4.23,4.28,4.36,4.45,4.70,4.65
2025-02-07,4.37,,4.38,4.35,4.37,4.30,4.25,4.29,4.31,4.34,4.42,4.49,4.75,4.69
2025-02-10,4.38,,4.40,4.35,4.37,4.31,4.24,4.28,4.30,4.34,4.42,4.51,4.76,4.71
2025-02-11,4.38,,4.40,4.35,4.37,4.31,4.25,4.29,4.28,4.37,4.45,4.54,4.80,4.75
2025-02-12,4.38,,4.39,4.35,4.36,4.33,4.30,4.36,4.37,4.48,4.56,4.62,4.90,4.83
2025-02-13,4.37,,4.39,4.34,4.35,4.33,4.27,4.31,4.31,4.39,4.46,4.52,4.79,4.72
2025-02-14,4.37,,4.38,4.34,4.35,4.32,4.23,4.26,4.26,4.33,4.41,4.47,4.75,4.69
2025-02-18,4.38,4.41,4.38,4.34,4.37,4.34,4.24,4.29,4.33,4.40,4.48,4.55,4.83,4.77
2025-02-19,4.38,4.42,4.38,4.34,4.35,4.34,4.22,4.28,4.30,4.37,4.46,4.53,4.79,4.76
2025-02-20,4.37,4.40,4.38,4.33,4.35,4.33,4.20,4.28,4.27,4.34,4.43,4.50,4.77,4.74
2025-02-21,4.36,4.39,4.38,4.32,4.34,4.30,4.15,4.19,4.19,4.26,4.35,4.42,4.69,4.67
2025-02-24,4.36,4.38,4.37,4.31,4.34,4.30,4.15,4.13,4.17,4.23,4.32,4.40,4.69,4.66
2025-02-25,4.34,4.37,4.37,4.30,4.33,4.28,4.12,4.07,4.08,4.12,4.21,4.30,4.59,4.55
2025-02-26,4.35,4.38,4.37,4.31,4.32,4.28,4.12,4.05,4.04,4.06,4.16,4.25,4.55,4.51
2025-02-27,4.38,4.38,4.38,4.32,4.32,4.28,4.13,4.07,4.05,4.09,4.19,4.29,4.59,4.56
2025-02-28,4.38,4.37,4.38,4.32,4.32,4.25,4.08,3.99,3.99,4.03,4.14,4.24,4.55,4.51
2025-03-03,4.38,4.38,4.37,4.35,4.31,4.31,4.06,3.96,3.93,3.97,4.06,4.16,4.49,4.45
2025-03-04,4.39,4.38,4.37,4.34,4.31,4.28,4.04,3.96,3.94,4.01,4.11,4.22,4.56,4.53
2025-03-05,4.38,4.38,4.36,4.35,4.30,4.30,4.06,3.99,4.01,4.08,4.18,4.28,4.61,4.57
2025-03-06,4.38,4.37,4.34,4.34,4.28,4.27,4.02,3.96,3.98,4.06,4.18,4.29,4.63,4.58
2025-03-07,4.38,4.36,4.33,4.34,4.29,4.29,4.05,3.99,4.01,4.09,4.21,4.32,4.66,4.62
2025-03-10,4.37,4.35,4.34,4.33,4.28,4.25,3.98,3.89,3.91,3.98,4.10,4.22,4.58,4.54
2025-03-11,4.37,4.37,4.33,4.34,4.28,4.26,4.03,3.94,3.92,4.03,4.16,4.28,4.63,4.59
2025-03-12,4.36,4.36,4.34,4.35,4.30,4.27,4.07,4.01,3.98,4.09,4.20,4.32,4.67,4.63
2025-03-13,4.37,4.37,4.34,4.34,4.28,4.27,4.03,3.94,3.93,4.02,4.15,4.27,4.63,4.59
2025-03-14,4.37,4.36,4.33,4.33,4.30,4.29,4.09,4.02,4.00,4.09,4.20,4.31,4.65,4.62
2025-03-17,4.37,4.35,4.33,4.34,4.30,4.29,4.11,4.06,4.03,4.11,4.21,4.31,4.64,4.60
2025-03-18,4.37,4.35,4.33,4.34,4.29,4.29,4.13,4.04,4.01,4.07,4.18,4.29,4.61,4.58
2025-03-19,4.37,4.34,4.32,4.33,4.30,4.29,4.10,3.99,3.95,4.03,4.14,4.25,4.58,4.56
2025-03-20,4.36,4.34,4.34,4.33,4.29,4.27,4.06,3.95,3.93,4.01,4.12,4.24,4.57,4.55
2025-03-21,4.36,4.33,4.33,4.33,4.29,4.26,4.04,3.94,3.92,4.00,4.12,4.25,4.60,4.59
2025-03-24,4.35,4.34,4.34,4.33,4.30,4.27,4.11,4.04,4.01,4.09,4.22,4.34,4.68,4.66
2025-03-25,4.36,4.34,4.33,4.33,4.30,4.26,4.09,3.96,3.98,4.07,4.19,4.31,4.67,4.65
2025-03-26,4.36,4.34,4.33,4.33,4.31,4.26,4.10,3.98,4.01,4.08,4.22,4.35,4.71,4.69
2025-03-27,4.37,4.35,4.36,4.33,4.31,4.27,4.10,3.97,4.00,4.09,4.23,4.38,4.75,4.73
2025-03-28,4.38,4.35,4.35,4.33,4.30,4.26,4.04,3.89,3.91,3.98,4.11,4.27,4.65,4.64
2025-03-31,4.38,4.36,4.35,4.32,4.31,4.23,4.03,3.89,3.89,3.96,4.09,4.23,4.62,4.59
2025-04-01,4.38,4.36,4.35,4.32,4.30,4.23,4.01,3.87,3.85,3.91,4.03,4.17,4.56,4.52
2025-04-02,4.38,4.36,4.34,4.32,4.32,4.24,4.04,3.91,3.89,3.95,4.07,4.20,4.58,4.54
2025-04-03,4.36,4.37,4.38,4.31,4.29,4.20,3.92,3.71,3.68,3.75,3.88,4.06,4.51,4.49
2025-04-04,4.36,4.35,4.36,4.28,4.25,4.14,3.86,3.68,3.66,3.72,3.84,4.01,4.44,4.41
2025-04-07,4.36,4.36,4.36,4.29,4.28,4.14,3.86,3.73,3.72,3.82,3.97,4.15,4.61,4.58
2025-04-08,4.36,4.39,4.37,4.31,4.30,4.14,3.83,3.71,3.71,3.88,4.05,4.26,4.76,4.71
2025-04-09,4.36,4.38,4.37,4.35,4.36,4.23,4.03,3.91,3.91,4.06,4.20,4.34,4.78,4.72
2025-04-10,4.36,4.36,4.39,4.34,4.33,4.17,3.97,3.84,3.85,4.04,4.21,4.40,4.90,4.86
2025-04-11,4.37,4.35,4.38,4.34,4.35,4.21,4.04,3.96,3.98,4.15,4.32,4.48,4.91,4.85
2025-04-14,4.34,4.36,4.37,4.33,4.34,4.21,3.99,3.84,3.87,4.02,4.20,4.38,4.84,4.80
2025-04-15,4.35,4.36,4.36,4.33,4.32,4.21,3.99,3.84,3.85,3.98,4.15,4.35,4.82,4.79
2025-04-16,4.35,4.35,4.35,4.33,4.34,4.20,3.96,3.77,3.77,3.91,4.08,4.29,4.77,4.74
2025-04-17,4.36,4.35,4.38,4.34,4.35,4.22,3.99,3.81,3.82,3.95,4.13,4.34,4.82,4.80
2025-04-21,4.35,4.35,4.37,4.34,4.33,4.21,3.95,3.75,3.77,3.97,4.19,4.42,4.94,4.91
2025-04-22,4.33,4.37,4.35,4.33,4.33,4.21,3.98,3.76,3.82,3.98,4.19,4.41,4.90,4.88
2025-04-23,4.33,4.36,4.34,4.33,4.33,4.22,4.01,3.81,3.87,4.00,4.20,4.40,4.86,4.83
2025-04-24,4.34,4.36,4.37,4.32,4.32,4.22,3.97,3.77,3.80,3.91,4.11,4.32,4.79,4.77
2025-04-25,4.34,4.37,4.36,4.32,4.32,4.22,3.95,3.74,3.76,3.88,4.06,4.29,4.75,4.74
2025-04-28,4.35,4.37,4.37,4.32,4.32,4.22,3.92,3.67,3.67,3.81,4.01,4.23,4.71,4.69
2025-04-29,4.35,4.38,4.36,4.31,4.30,4.20,3.89,3.65,3.65,3.77,3.96,4.19,4.66,4.64
2025-04-30,4.35,4.37,4.36,4.31,4.37,4.19,3.85,3.60,3.58,3.72,3.93,4.17,4.68,4.66
2025-05-01,4.38,4.36,4.34,4.31,4.38,4.22,3.92,3.70,3.69,3.81,4.02,4.25,4.75,4.74
2025-05-02,4.38,4.36,4.34,4.33,4.41,4.26,4.00,3.83,3.82,3.92,4.11,4.33,4.81,4.79
2025-05-05,4.38,4.36,4.34,4.33,4.40,4.27,4.02,3.83,3.78,3.95,4.14,4.36,4.84,4.83
2025-05-06,4.37,4.37,4.33,4.33,4.38,4.25,3.98,3.78,3.73,3.90,4.10,4.30,4.82,4.81
2025-05-07,4.37,4.37,4.33,4.34,4.39,4.27,4.00,3.78,3.72,3.87,4.06,4.26,4.78,4.77
2025-05-08,4.37,4.37,4.35,4.34,4.40,4.28,4.05,3.90,3.85,4.00,4.18,4.37,4.86,4.83
2025-05-09,4.37,4.36,4.34,4.34,4.40,4.28,4.05,3.88,3.85,4.00,4.18,4.37,4.86,4.83
2025-05-12,4.38,4.37,4.36,4.42,4.45,4.29,4.11,3.98,3.97,4.09,4.27,4.45,4.92,4.89
2025-05-13,4.39,4.38,4.35,4.41,4.45,4.29,4.11,4.02,4.00,4.12,4.30,4.49,4.97,4.94
2025-05-14,4.39,4.38,4.36,4.41,4.44,4.30,4.14,4.05,4.05,4.17,4.35,4.53,5.00,4.97
2025-05-15,4.37,4.38,4.35,4.38,4.43,4.29,4.10,3.96,3.95,4.07,4.25,4.45,4.93,4.91
2025-05-16,4.37,4.36,4.34,4.37,4.42,4.30,4.13,3.98,3.95,4.06,4.24,4.43,4.92,4.89
2025-05-19,4.37,4.36,4.35,4.39,4.42,4.32,4.12,3.97,3.95,4.07,4.26,4.46,4.95,4.92
2025-05-20,4.36,4.35,4.34,4.38,4.42,4.32,4.12,3.97,3.95,4.07,4.27,4.48,4.99,4.96
2025-05-21,4.35,4.34,4.34,4.36,4.42,4.33,4.13,4.00,4.00,4.15,4.37,4.58,5.08,5.08
2025-05-22,4.37,4.34,4.35,4.37,4.42,4.34,4.13,4.00,3.99,4.11,4.32,4.54,5.05,5.05
2025-05-23,4.36,4.34,4.35,4.36,4.43,4.35,4.15,4.00,3.96,4.08,4.29,4.51,5.03,5.04
2025-05-27,4.35,4.35,4.35,4.35,4.43,4.35,4.14,3.92,3.93,4.04,4.22,4.43,4.95,4.94
2025-05-28,4.35,4.35,4.35,4.35,4.38,4.36,4.16,3.96,3.95,4.05,4.27,4.47,4.99,4.97
2025-05-29,4.34,4.34,4.35,4.36,4.39,4.36,4.13,3.92,3.91,4.00,4.20,4.43,4.94,4.92
2025-05-30,4.33,4.35,4.35,4.36,4.39,4.36,4.11,3.89,3.87,3.96,4.18,4.41,4.93,4.92
2025-06-02,4.33,4.33,4.36,4.44,4.38,4.31,4.12,3.94,3.91,4.01,4.22,4.46,5.00,4.99
2025-06-03,4.33,4.34,4.35,4.43,4.38,4.31,4.12,3.96,3.93,4.04,4.23,4.46,5.00,4.98
2025-06-04,4.32,4.34,4.35,4.44,4.37,4.29,4.06,3.87,3.84,3.93,4.14,4.37,4.90,4.89
2025-06-05,4.26,4.33,4.35,4.44,4.37,4.29,4.08,3.92,3.90,3.99,4.18,4.40,4.90,4.88
2025-06-06,4.28,4.31,4.35,4.43,4.38,4.31,4.14,4.04,4.02,4.13,4.31,4.51,4.99,4.97
2025-06-09,4.29,4.32,4.36,4.44,4.38,4.32,4.13,4.01,3.99,4.09,4.28,4.49,4.98,4.95
2025-06-10,4.29,4.31,4.37,4.45,4.38,4.32,4.12,4.01,3.95,4.08,4.27,4.47,4.96,4.93
2025-06-11,4.30,4.32,4.39,4.45,4.39,4.31,4.08,3.94,3.89,4.02,4.21,4.41,4.93,4.91
2025-06-12,4.18,4.30,4.49,4.46,4.40,4.29,4.06,3.90,3.85,3.97,4.15,4.36,4.86,4.84
2025-06-13,4.23,4.32,4.48,4.45,4.40,4.30,4.09,3.96,3.90,4.02,4.20,4.41,4.93,4.90
2025-06-16,4.24,4.36,4.47,4.43,4.40,4.32,4.10,3.97,3.93,4.04,4.23,4.46,4.97,4.96
2025-06-17,4.23,4.31,4.46,4.42,4.39,4.31,4.10,3.94,3.90,3.99,4.17,4.39,4.89,4.88
2025-06-18,4.20,4.36,4.58,4.42,4.41,4.33,4.10,3.94,3.89,3.98,4.17,4.38,4.89,4.88
2025-06-20,4.20,4.38,4.55,4.39,4.40,4.29,4.07,3.90,3.86,3.96,4.16,4.38,4.90,4.89
2025-06-23,4.20,4.40,4.52,4.38,4.37,4.28,4.00,3.84,3.80,3.91,4.10,4.34,4.87,4.87
2025-06-24,4.21,4.53,4.44,4.38,4.37,4.27,3.99,3.75,3.75,3.86,4.06,4.30,4.83,4.83
2025-06-25,4.21,4.46,4.43,4.38,4.36,4.26,3.99,3.74,3.74,3.83,4.05,4.29,4.83,4.83
2025-06-26,4.11,4.47,4.49,4.39,4.36,4.26,3.96,3.70,3.68,3.79,4.00,4.26,4.81,4.81
2025-06-27,4.19,4.43,4.49,4.39,4.36,4.26,3.97,3.73,3.72,3.83,4.03,4.29,4.85,4.85
2025-06-30,4.28,4.41,4.45,4.41,4.36,4.29,3.96,3.72,3.68,3.79,3.98,4.24,4.79,4.78
2025-07-01,4.32,4.44,4.42,4.40,4.35,4.29,3.98,3.78,3.75,3.84,4.03,4.26,4.79,4.78
2025-07-02,4.33,4.44,4.43,4.41,4.37,4.28,3.99,3.78,3.77,3.87,4.06,4.30,4.84,4.82
2025-07-03,4.35,4.43,4.50,4.42,4.41,4.34,4.07,3.88,3.84,3.94,4.12,4.35,4.87,4.86
2025-07-07,4.37,4.43,4.45,4.42,4.41,4.33,4.08,3.90,3.85,3.96,4.16,4.40,4.93,4.92
2025-07-08,4.36,4.41,4.46,4.42,4.42,4.34,4.11,3.90,3.86,3.99,4.18,4.42,4.95,4.94
2025-07-09,4.36,4.40,4.45,4.42,4.42,4.31,4.07,3.86,3.80,3.92,4.11,4.34,4.87,4.87
2025-07-10,4.36,4.39,4.47,4.42,4.42,4.31,4.07,3.86,3.82,3.93,4.12,4.35,4.87,4.86
2025-07-11,4.37,4.39,4.47,4.41,4.42,4.31,4.09,3.90,3.86,3.99,4.19,4.43,4.96,4.96
2025-07-14,4.37,4.41,4.46,4.42,4.42,4.31,4.08,3.90,3.86,3.98,4.19,4.43,4.97,4.97
2025-07-15,4.36,4.40,4.46,4.42,4.43,4.33,4.12,3.95,3.93,4.05,4.26,4.50,5.02,5.01
2025-07-16,4.36,4.40,4.45,4.41,4.42,4.31,4.08,3.88,3.86,3.99,4.21,4.46,5.01,5.01
2025-07-17,4.36,4.39,4.47,4.41,4.42,4.31,4.10,3.91,3.89,4.01,4.22,4.47,5.01,5.01
2025-07-18,4.35,4.39,4.46,4.40,4.42,4.30,4.08,3.88,3.84,3.96,4.18,4.44,4.99,5.00
2025-07-21,4.35,4.41,4.46,4.41,4.42,4.30,4.06,3.85,3.81,3.91,4.13,4.38,4.93,4.94
2025-07-22,4.37,4.46,4.45,4.41,4.42,4.30,4.05,3.83,3.77,3.88,4.09,4.35,4.90,4.90
2025-07-23,4.37,4.46,4.45,4.41,4.42,4.31,4.08,3.88,3.84,3.94,4.15,4.40,4.93,4.95
2025-07-24,4.37,4.47,4.46,4.42,4.42,4.32,4.10,3.91,3.87,3.98,4.18,4.43,4.95,4.96
2025-07-25,4.37,4.46,4.46,4.42,4.42,4.31,4.09,3.91,3.86,3.95,4.15,4.40,4.92,4.92
2025-07-28,4.40,4.47,4.45,4.40,4.42,4.30,4.09,3.91,3.87,3.96,4.18,4.42,4.95,4.96
2025-07-29,4.40,4.47,4.45,4.40,4.41,4.28,4.07,3.86,3.82,3.90,4.10,4.34,4.86,4.86
2025-07-30,4.41,4.48,4.45,4.41,4.39,4.31,4.12,3.94,3.89,3.96,4.15,4.38,4.90,4.89
2025-07-31,4.49,4.47,4.46,4.41,4.40,4.31,4.10,3.94,3.89,3.96,4.14,4.37,4.89,4.89
2025-08-01,4.49,4.46,4.44,4.35,4.30,4.16,3.87,3.69,3.67,3.77,3.97,4.23,4.79,4.81
2025-08-04,4.48,4.46,4.43,4.35,4.28,4.15,3.82,3.69,3.66,3.75,3.95,4.22,4.78,4.80
2025-08-05,4.49,4.48,4.41,4.34,4.29,4.16,3.92,3.72,3.63,3.77,3.97,4.22,4.77,4.78
2025-08-06,4.48,4.47,4.40,4.32,4.27,4.15,3.90,3.69,3.63,3.77,3.97,4.22,4.80,4.81
2025-08-07,4.49,4.46,4.41,4.32,4.27,4.15,3.92,3.72,3.66,3.79,3.99,4.23,4.81,4.81
2025-08-08,4.48,4.43,4.39,4.32,4.27,4.15,3.93,3.76,3.70,3.84,4.03,4.27,4.84,4.85
2025-08-11,4.46,4.41,4.38,4.34,4.27,4.15,3.93,3.76,3.71,3.83,4.03,4.27,4.83,4.84
2025-08-12,4.44,4.44,4.35,4.33,4.25,4.12,3.90,3.72,3.69,3.83,4.03,4.29,4.87,4.88
2025-08-13,4.44,4.42,4.32,4.29,4.21,4.09,3.86,3.67,3.64,3.77,3.98,4.24,4.81,4.83
2025-08-14,4.48,4.43,4.36,4.30,4.22,4.12,3.91,3.74,3.70,3.82,4.03,4.29,4.86,4.88
2025-08-15,4.48,4.42,4.35,4.30,4.22,4.12,3.93,3.75,3.73,3.85,4.07,4.33,4.91,4.92
2025-08-18,4.47,4.40,4.35,4.33,4.22,4.13,3.93,3.77,3.73,3.86,4.07,4.34,4.92,4.94
2025-08-19,4.46,4.40,4.35,4.30,4.21,4.11,3.91,3.75,3.70,3.82,4.04,4.30,4.89,4.90
2025-08-20,4.45,4.40,4.35,4.30,4.22,4.11,3.90,3.74,3.69,3.81,4.02,4.29,4.86,4.89
2025-08-21,4.49,4.41,4.39,4.32,4.24,4.14,3.95,3.79,3.75,3.86,4.07,4.33,4.89,4.92
2025-08-22,4.47,4.38,4.36,4.27,4.21,4.08,3.87,3.68,3.64,3.76,3.98,4.26,4.84,4.88
2025-08-25,4.45,4.38,4.35,4.29,4.21,4.08,3.88,3.73,3.68,3.80,4.01,4.28,4.86,4.89
2025-08-26,4.42,4.37,4.34,4.28,4.20,4.06,3.85,3.61,3.63,3.75,3.98,4.26,4.86,4.90
2025-08-27,4.42,4.36,4.30,4.26,4.18,4.04,3.83,3.59,3.59,3.69,3.95,4.24,4.87,4.91
2025-08-28,4.42,4.35,4.31,4.26,4.17,4.04,3.85,3.62,3.60,3.69,3.92,4.22,4.83,4.88
2025-08-29,4.41,4.34,4.30,4.23,4.17,4.01,3.83,3.59,3.58,3.68,3.92,4.23,4.86,4.92
2025-09-02,4.40,4.35,4.29,4.20,4.15,3.99,3.82,3.66,3.63,3.74,3.98,4.28,4.92,4.97
2025-09-03,4.35,4.33,4.26,4.18,4.14,3.96,3.77,3.61,3.58,3.69,3.92,4.22,4.85,4.90
2025-09-04,4.33,4.30,4.28,4.16,4.12,3.94,3.76,3.59,3.55,3.65,3.87,4.17,4.81,4.86
2025-09-05,4.29,4.24,4.24,4.07,4.05,3.85,3.65,3.51,3.48,3.59,3.80,4.10,4.72,4.78
2025-09-08,4.26,4.23,4.21,4.10,4.04,3.84,3.64,3.49,3.47,3.57,3.77,4.05,4.65,4.69
2025-09-09,4.25,4.25,4.22,4.10,4.05,3.85,3.68,3.54,3.48,3.61,3.81,4.08,4.68,4.72
2025-09-10,4.23,4.23,4.20,4.09,4.02,3.83,3.66,3.54,3.47,3.59,3.78,4.04,4.65,4.69
2025-09-11,4.22,4.22,4.18,4.08,4.00,3.82,3.63,3.52,3.47,3.59,3.76,4.01,4.61,4.65
2025-09-12,4.24,4.24,4.20,4.08,4.02,3.83,3.66,3.56,3.52,3.63,3.81,4.06,4.65,4.68
2025-09-15,4.22,4.21,4.17,4.06,4.00,3.81,3.64,3.54,3.50,3.61,3.79,4.05,4.63,4.66
2025-09-16,4.20,4.19,4.15,4.04,4.00,3.81,3.62,3.51,3.47,3.59,3.78,4.04,4.61,4.65
2025-09-17,4.17,4.16,4.11,4.02,3.97,3.80,3.60,3.52,3.51,3.62,3.81,4.06,4.62,4.66
2025-09-18,4.20,4.17,4.14,4.03,3.98,3.81,3.61,3.57,3.55,3.67,3.86,4.11,4.68,4.72
2025-09-19,4.19,4.16,4.14,4.03,3.98,3.81,3.60,3.57,3.56,3.68,3.88,4.14,4.71,4.75
2025-09-22,4.17,4.15,4.13,4.00,3.98,3.81,3.61,3.61,3.59,3.71,3.90,4.15,4.73,4.77
2025-09-23,4.16,4.18,4.12,4.00,3.97,3.81,3.61,3.53,3.57,3.68,3.87,4.12,4.70,4.73
2025-09-24,4.18,4.19,4.13,4.02,3.98,3.82,3.63,3.57,3.60,3.70,3.91,4.16,4.73,4.76
2025-09-25,4.24,4.20,4.18,4.04,4.01,3.85,3.68,3.64,3.66,3.75,3.94,4.18,4.73,4.75
2025-09-26,4.22,4.20,4.17,4.02,4.00,3.83,3.67,3.63,3.66,3.76,3.96,4.20,4.74,4.77
2025-09-29,4.22,4.19,4.16,4.04,3.99,3.84,3.65,3.63,3.63,3.74,3.92,4.15,4.69,4.71
2025-09-30,4.20,4.19,4.15,4.02,3.98,3.83,3.68,3.60,3.61,3.74,3.93,4.16,4.71,4.73
2025-10-01,4.17,4.18,4.12,4.01,3.95,3.80,3.62,3.55,3.56,3.68,3.88,4.12,4.69,4.72
2025-10-02,4.23,4.18,4.11,4.02,3.96,3.81,3.62,3.55,3.56,3.67,3.86,4.10,4.66,4.69
2025-10-03,4.24,4.17,4.11,4.03,3.96,3.82,3.64,3.58,3.59,3.72,3.90,4.13,4.69,4.71
2025-10-06,4.22,4.14,4.11,4.02,3.95,3.81,3.66,3.60,3.63,3.75,3.95,4.18,4.73,4.76
2025-10-07,4.20,4.17,4.10,4.01,3.95,3.81,3.65,3.57,3.56,3.71,3.90,4.14,4.70,4.73
2025-10-08,4.20,4.16,4.09,4.01,3.94,3.82,3.66,3.58,3.58,3.72,3.91,4.13,4.69,4.72
2025-10-09,4.20,4.17,4.11,4.03,3.95,3.83,3.66,3.60,3.59,3.74,3.92,4.14,4.70,4.72
2025-10-10,4.19,4.16,4.10,4.02,3.96,3.81,3.60,3.52,3.52,3.65,3.83,4.05,4.60,4.63
2025-10-14,4.19,4.18,4.08,4.02,3.95,3.80,3.58,3.48,3.47,3.60,3.79,4.03,4.59,4.62
2025-10-15,4.20,4.18,4.09,4.03,3.98,3.82,3.61,3.50,3.51,3.63,3.82,4.05,4.61,4.64
2025-10-16,4.20,4.17,4.10,4.02,3.96,3.79,3.54,3.41,3.42,3.55,3.74,3.99,4.56,4.58
2025-10-17,4.18,4.15,4.08,4.00,3.95,3.79,3.56,3.46,3.47,3.59,3.78,4.02,4.58,4.60
2025-10-20,4.15,4.11,4.05,3.97,3.92,3.78,3.55,3.46,3.47,3.58,3.77,4.00,4.56,4.58
2025-10-21,4.12,4.09,4.05,3.96,3.90,3.78,3.56,3.45,3.46,3.56,3.74,3.98,4.53,4.55
2025-10-22,4.11,4.08,4.04,3.96,3.90,3.78,3.55,3.45,3.44,3.56,3.74,3.97,4.52,4.54
2025-10-23,4.12,4.08,4.05,3.95,3.90,3.78,3.59,3.48,3.49,3.61,3.79,4.01,4.55,4.58
2025-10-24,4.11,4.06,4.02,3.93,3.89,3.76,3.58,3.48,3.49,3.61,3.79,4.02,4.56,4.59
2025-10-27,4.09,4.03,4.00,3.89,3.87,3.73,3.59,3.48,3.50,3.61,3.79,4.01,4.55,4.57
2025-10-28,4.07,4.02,3.97,3.89,3.86,3.72,3.59,3.47,3.50,3.60,3.77,3.99,4.53,4.55
2025-10-29,4.03,4.01,3.99,3.93,3.86,3.79,3.70,3.59,3.60,3.70,3.87,4.08,4.59,4.61
2025-10-30,4.05,4.02,4.04,3.92,3.87,3.79,3.70,3.61,3.61,3.72,3.90,4.11,4.64,4.65
2025-10-31,4.06,4.02,4.04,3.89,3.87,3.79,3.70,3.60,3.60,3.71,3.89,4.11,4.65,4.67
2025-11-03,4.06,4.04,4.05,3.98,3.88,3.80,3.70,3.60,3.61,3.72,3.90,4.13,4.67,4.69
2025-11-04,4.02,4.04,4.01,3.96,3.87,3.78,3.67,3.58,3.59,3.69,3.88,4.10,4.65,4.67
2025-11-05,4.00,4.02,4.00,3.96,3.87,3.79,3.71,3.63,3.65,3.76,3.95,4.17,4.72,4.74
2025-11-06,4.02,3.96,3.98,3.93,3.84,3.76,3.65,3.57,3.58,3.69,3.87,4.11,4.67,4.69
2025-11-07,4.01,3.96,3.98,3.92,3.83,3.76,3.63,3.55,3.57,3.67,3.87,4.11,4.68,4.70
2025-11-10,4.04,4.04,4.00,3.95,3.85,3.79,3.66,3.58,3.56,3.72,3.90,4.13,4.69,4.71
2025-11-12,4.03,4.03,3.98,3.95,3.86,3.78,3.65,3.56,3.55,3.68,3.86,4.08,4.65,4.67
2025-11-13,4.05,4.02,4.00,3.96,3.88,3.80,3.68,3.58,3.57,3.71,3.89,4.11,4.69,4.70
2025-11-14,4.04,4.02,4.01,3.95,3.88,3.80,3.70,3.62,3.61,3.74,3.92,4.14,4.73,4.74
2025-11-17,4.04,4.01,4.01,3.97,3.87,3.81,3.69,3.60,3.60,3.72,3.90,4.13,4.71,4.73
2025-11-18,4.02,4.01,3.99,3.94,3.85,3.79,3.67,3.58,3.58,3.70,3.89,4.12,4.72,4.74
2025-11-19,4.01,4.02,4.00,3.95,3.86,3.80,3.68,3.58,3.59,3.71,3.90,4.13,4.71,4.75
2025-11-20,4.04,4.02,4.02,3.94,3.86,3.79,3.65,3.55,3.56,3.68,3.87,4.10,4.68,4.73
2025-11-21,4.03,4.01,4.00,3.90,3.84,3.75,3.62,3.51,3.50,3.62,3.82,4.06,4.67,4.71
2025-11-24,4.03,4.00,3.99,3.91,3.83,3.76,3.61,3.46,3.49,3.61,3.80,4.04,4.64,4.68
2025-11-25,4.04,4.00,3.97,3.90,3.82,3.75,3.60,3.43,3.46,3.55,3.77,4.01,4.62,4.67
2025-11-26,4.06,4.02,4.00,3.92,3.86,3.76,3.61,3.45,3.47,3.56,3.75,4.00,4.60,4.64
2025-11-28,4.05,3.97,3.99,3.88,3.86,3.74,3.61,3.47,3.49,3.59,3.78,4.02,4.62,4.67
2025-12-01,3.98,3.93,3.92,3.81,3.82,3.75,3.62,3.54,3.55,3.67,3.86,4.09,4.71,4.74
2025-12-02,3.90,3.85,3.83,3.77,3.78,3.72,3.59,3.51,3.54,3.66,3.85,4.09,4.70,4.74
2025-12-03,3.83,3.80,3.78,3.72,3.73,3.68,3.57,3.49,3.50,3.62,3.82,4.06,4.68,4.73
2025-12-04,3.83,3.78,3.78,3.71,3.73,3.69,3.60,3.52,3.55,3.68,3.87,4.11,4.72,4.76
2025-12-05,3.82,3.78,3.77,3.71,3.73,3.68,3.61,3.56,3.59,3.72,3.90,4.14,4.75,4.79
2025-12-08,3.82,3.79,3.78,3.73,3.73,3.69,3.61,3.57,3.59,3.75,3.94,4.17,4.78,4.81
2025-12-09,3.81,3.80,3.78,3.73,3.73,3.70,3.63,3.61,3.62,3.78,3.96,4.18,4.77,4.80
2025-12-10,3.79,3.78,3.75,3.69,3.69,3.66,3.58,3.54,3.56,3.72,3.92,4.13,4.74,4.78
2025-12-11,3.77,3.77,3.76,3.66,3.67,3.62,3.56,3.52,3.55,3.72,3.91,4.14,4.75,4.79
2025-12-12,3.76,3.75,3.75,3.63,3.64,3.58,3.54,3.52,3.58,3.75,3.95,4.19,4.82,4.85
2025-12-15,3.77,3.76,3.75,3.65,3.65,3.60,3.52,3.51,3.56,3.73,3.94,4.18,4.80,4.84
2025-12-16,3.76,3.77,3.73,3.64,3.64,3.60,3.51,3.48,3.52,3.69,3.90,4.15,4.77,4.82
2025-12-17,3.73,3.74,3.73,3.64,3.65,3.59,3.51,3.49,3.53,3.70,3.91,4.16,4.78,4.83
2025-12-18,3.71,3.71,3.72,3.62,3.63,3.58,3.49,3.46,3.50,3.66,3.87,4.12,4.74,4.80
2025-12-19,3.71,3.71,3.72,3.62,3.64,3.60,3.51,3.48,3.53,3.70,3.91,4.16,4.77,4.82
2025-12-22,3.72,3.71,3.71,3.64,3.65,3.60,3.53,3.44,3.56,3.71,3.93,4.17,4.78,4.84
2025-12-23,3.71,3.72,3.70,3.65,3.66,3.59,3.52,3.48,3.58,3.72,3.94,4.18,4.78,4.83
2025-12-24,3.72,3.73,3.74,3.69,3.67,3.59,3.50,3.47,3.56,3.70,3.91,4.15,4.75,4.79
2025-12-26,3.70,3.69,3.72,3.64,3.66,3.58,3.49,3.46,3.54,3.68,3.89,4.14,4.76,4.81
2025-12-29,3.69,3.70,3.70,3.68,3.66,3.59,3.48,3.45,3.51,3.67,3.88,4.12,4.75,4.80
2025-12-30,3.65,3.71,3.65,3.65,3.63,3.59,3.47,3.45,3.50,3.68,3.89,4.14,4.76,4.81
2025-12-31,3.74,3.75,3.67,3.67,3.63,3.59,3.48,3.47,3.55,3.73,3.94,4.18,4.79,4.84
2026-01-02,3.72,3.71,3.66,3.65,3.62,3.58,3.47,3.47,3.55,3.74,3.95,4.19,4.81,4.86
2026-01-05,3.71,3.68,3.64,3.64,3.61,3.57,3.47,3.46,3.53,3.71,3.92,4.17,4.79,4.85
2026-01-06,3.70,3.70,3.61,3.63,3.58,3.56,3.48,3.47,3.54,3.72,3.93,4.18,4.80,4.86
2026-01-07,3.70,3.69,3.60,3.62,3.60,3.56,3.48,3.47,3.53,3.70,3.91,4.15,4.76,4.82
2026-01-08,3.70,3.69,3.63,3.62,3.60,3.56,3.48,3.49,3.56,3.74,3.95,4.19,4.79,4.85
2026-01-09,3.70,3.68,3.63,3.62,3.62,3.57,3.52,3.54,3.59,3.75,3.95,4.18,4.76,4.82
2026-01-12,3.71,3.68,3.64,3.67,3.63,3.58,3.53,3.54,3.59,3.77,3.97,4.19,4.78,4.83
2026-01-13,3.72,3.72,3.66,3.67,3.63,3.59,3.51,3.53,3.57,3.75,3.95,4.18,4.77,4.83
2026-01-14,3.72,3.71,3.66,3.67,3.65,3.58,3.50,3.51,3.56,3.72,3.92,4.15,4.73,4.79
2026-01-15,3.75,3.73,3.69,3.68,3.66,3.60,3.54,3.56,3.62,3.77,3.96,4.17,4.74,4.79
2026-01-16,3.75,3.72,3.68,3.67,3.66,3.60,3.55,3.59,3.67,3.82,4.02,4.24,4.79,4.83
2026-01-20,3.75,3.71,3.69,3.70,3.65,3.61,3.53,3.60,3.68,3.86,4.08,4.30,4.87,4.91
2026-01-21,3.75,3.71,3.70,3.70,3.67,3.62,3.53,3.60,3.66,3.83,4.04,4.26,4.82,4.87
2026-01-22,3.79,3.71,3.72,3.71,3.67,3.61,3.53,3.61,3.68,3.85,4.05,4.26,4.79,4.84
2026-01-23,3.78,3.71,3.72,3.70,3.67,3.61,3.53,3.60,3.67,3.84,4.03,4.24,4.78,4.82
2026-01-26,3.77,3.71,3.70,3.67,3.67,3.62,3.52,3.56,3.66,3.82,4.02,4.22,4.75,4.80
2026-01-27,3.77,3.72,3.70,3.67,3.66,3.61,3.50,3.53,3.65,3.81,4.03,4.24,4.79,4.83
2026-01-28,3.76,3.72,3.71,3.68,3.70,3.63,3.52,3.56,3.66,3.83,4.05,4.26,4.81,4.85
2026-01-29,3.72,3.73,3.75,3.67,3.69,3.62,3.50,3.53,3.63,3.80,4.01,4.24,4.80,4.85
2026-01-30,3.72,3.73,3.75,3.67,3.69,3.61,3.48,3.52,3.60,3.79,4.01,4.26,4.82,4.87
2026-02-02,3.72,3.72,3.74,3.69,3.70,3.62,3.49,3.57,3.64,3.83,4.05,4.29,4.85,4.90
2026-02-03,3.72,3.72,3.74,3.69,3.70,3.62,3.49,3.57,3.64,3.83,4.04,4.28,4.85,4.90
2026-02-04,3.72,3.72,3.74,3.69,3.70,3.62,3.49,3.57,3.64,3.83,4.05,4.29,4.86,4.91
2026-02-05,3.72,3.71,3.74,3.67,3.68,3.58,3.44,3.47,3.55,3.74,3.97,4.21,4.79,4.85
2026-02-06,3.72,3.72,3.74,3.68,3.70,3.59,3.45,3.50,3.57,3.76,3.98,4.22,4.80,4.85
2026-02-09,3.72,3.72,3.73,3.69,3.70,3.59,3.43,3.48,3.56,3.75,3.97,4.22,4.79,4.85
2026-02-10,3.72,3.72,3.74,3.69,3.69,3.58,3.40,3.45,3.50,3.70,3.92,4.16,4.73,4.78
2026-02-11,3.71,3.71,3.73,3.70,3.70,3.60,3.47,3.52,3.55,3.75,3.96,4.18,4.76,4.82
2026-02-12,3.72,3.71,3.74,3.70,3.70,3.58,3.45,3.47,3.49,3.67,3.87,4.09,4.68,4.72
2026-02-13,3.72,3.71,3.73,3.68,3.70,3.59,3.42,3.40,3.43,3.61,3.81,4.04,4.64,4.69
2026-02-17,3.72,3.75,3.73,3.69,3.70,3.59,3.48,3.43,3.47,3.63,3.82,4.05,4.63,4.68
2026-02-18,3.71,3.74,3.73,3.70,3.70,3.60,3.49,3.47,3.50,3.66,3.86,4.09,4.65,4.71
2026-02-19,3.72,3.74,3.75,3.69,3.70,3.60,3.50,3.47,3.50,3.65,3.85,4.08,4.64,4.70
2026-02-20,3.72,3.73,3.74,3.69,3.71,3.61,3.51,3.48,3.50,3.65,3.85,4.08,4.66,4.72
2026-02-23,3.72,3.74,3.74,3.69,3.70,3.62,3.50,3.43,3.45,3.59,3.79,4.03,4.63,4.70
2026-02-24,3.72,3.75,3.73,3.69,3.70,3.62,3.52,3.43,3.47,3.61,3.81,4.04,4.63,4.70
2026-02-25,3.71,3.74,3.73,3.69,3.68,3.62,3.53,3.45,3.49,3.61,3.82,4.05,4.63,4.70
2026-02-26,3.74,3.74,3.75,3.68,3.68,3.61,3.52,3.42,3.46,3.57,3.78,4.02,4.60,4.67
2026-02-27,3.74,3.73,3.73,3.67,3.67,3.60,3.48,3.38,3.39,3.51,3.72,3.97,4.57,4.64
2026-03-02,3.74,3.74,3.74,3.72,3.68,3.68,3.54,3.47,3.49,3.62,3.82,4.05,4.64,4.70
2026-03-03,3.75,3.75,3.74,3.71,3.67,3.68,3.55,3.51,3.50,3.63,3.83,4.06,4.65,4.70
2026-03-04,3.75,3.75,3.75,3.71,3.68,3.68,3.58,3.54,3.55,3.67,3.87,4.09,4.67,4.72
2026-03-05,3.75,3.74,3.72,3.70,3.68,3.68,3.59,3.57,3.59,3.72,3.92,4.13,4.71,4.74
2026-03-06,3.75,3.74,3.72,3.69,3.67,3.66,3.55,3.56,3.59,3.72,3.93,4.15,4.74,4.77
2026-03-09,3.75,3.73,3.72,3.71,3.68,3.68,3.56,3.56,3.58,3.71,3.90,4.12,4.70,4.72
2026-03-10,3.75,3.74,3.71,3.71,3.69,3.68,3.56,3.57,3.58,3.73,3.93,4.15,4.74,4.78
2026-03-11,3.75,3.73,3.70,3.71,3.69,3.68,3.60,3.64,3.64,3.79,3.98,4.21,4.82,4.86
2026-03-12,3.76,3.74,3.72,3.72,3.69,3.70,3.66,3.76,3.75,3.88,4.06,4.27,4.86,4.88
2026-03-13,3.75,3.74,3.71,3.72,3.69,3.70,3.66,3.73,3.74,3.87,4.07,4.28,4.89,4.90
2026-03-16,3.75,3.73,3.72,3.72,3.69,3.72,3.64,3.68,3.69,3.80,4.00,4.23,4.83,4.86
2026-03-17,3.74,3.72,3.72,3.72,3.69,3.71,3.63,3.68,3.68,3.79,3.98,4.20,4.81,4.85
2026-03-18,3.73,3.72,3.72,3.73,3.71,3.74,3.68,3.76,3.76,3.87,4.05,4.26,4.84,4.88
2026-03-19,3.73,3.71,3.72,3.73,3.71,3.76,3.73,3.79,3.79,3.88,4.06,4.25,4.82,4.83
2026-03-20,3.73,3.71,3.72,3.74,3.73,3.79,3.80,3.88,3.90,4.01,4.20,4.39,4.97,4.96
2026-03-23,3.73,3.71,3.72,3.74,3.72,3.77,3.76,3.83,3.85,3.95,4.15,4.34,4.93,4.91
2026-03-24,3.74,3.72,3.72,3.74,3.73,3.78,3.81,3.90,3.93,4.03,4.21,4.39,4.95,4.94
2026-03-25,3.73,3.72,3.72,3.73,3.72,3.76,3.77,3.84,3.88,3.96,4.15,4.33,4.90,4.89
2026-03-26,3.74,3.73,3.73,3.73,3.73,3.77,3.83,3.96,4.00,4.08,4.25,4.42,4.96,4.93
2026-03-27,3.74,3.73,3.72,3.73,3.72,3.75,3.77,3.88,3.94,4.06,4.25,4.44,4.99,4.98
2026-03-30,3.74,3.72,3.71,3.71,3.71,3.73,3.71,3.82,3.85,3.97,4.16,4.35,4.92,4.91
2026-03-31,3.74,3.73,3.72,3.70,3.70,3.72,3.68,3.79,3.81,3.92,4.11,4.30,4.88,4.88
2026-04-01,3.74,3.72,3.71,3.70,3.70,3.72,3.68,3.81,3.84,3.97,4.15,4.33,4.91,4.91
2026-04-02,3.72,3.72,3.73,3.70,3.71,3.72,3.68,3.79,3.82,3.94,4.12,4.31,4.88,4.88
2026-04-03,3.71,3.73,3.73,3.71,3.71,3.73,3.72,3.84,3.88,3.99,4.17,4.35,4.91,4.91
2026-04-06,3.72,3.72,3.74,3.72,3.72,3.74,3.72,3.84,3.88,3.98,4.16,4.34,4.89,4.89
2026-04-07,3.68,3.70,3.72,3.71,3.71,3.73,3.68,3.81,3.82,3.95,4.13,4.33,4.90,4.90
2026-04-08,3.67,3.69,3.71,3.69,3.69,3.73,3.69,3.79,3.78,3.92,4.10,4.29,4.87,4.89
2026-04-09,3.66,3.67,3.69,3.68,3.68,3.71,3.68,3.78,3.77,3.91,4.10,4.29,4.88,4.90
2026-04-10,3.67,3.69,3.70,3.69,3.69,3.72,3.70,3.81,3.80,3.94,4.12,4.31,4.89,4.91
2026-04-13,3.69,3.71,3.71,3.71,3.70,3.74,3.70,3.78,3.79,3.92,4.10,4.30,4.88,4.90
2026-04-14,3.71,3.72,3.72,3.71,3.70,3.73,3.71,3.76,3.76,3.87,4.06,4.26,4.84,4.87
2026-04-15,3.72,3.72,3.74,3.71,3.71,3.72,3.70,3.76,3.79,3.90,4.08,4.29,4.87,4.89
2026-04-16,3.69,3.70,3.73,3.70,3.70,3.71,3.69,3.78,3.80,3.91,4.10,4.32,4.90,4.93
2026-04-17,3.69,3.70,3.73,3.70,3.69,3.69,3.64,3.71,3.72,3.84,4.04,4.26,4.85,4.88
2026-04-20,3.69,3.70,3.72,3.71,3.70,3.72,3.65,3.72,3.73,3.86,4.04,4.26,4.85,4.88
2026-04-21,3.67,3.72,3.71,3.69,3.70,3.73,3.69,3.78,3.80,3.91,4.09,4.30,4.87,4.89
2026-04-22,3.68,3.71,3.70,3.69,3.69,3.72,3.69,3.79,3.81,3.91,4.10,4.30,4.87,4.90
2026-04-23,3.69,3.72,3.72,3.69,3.70,3.72,3.70,3.83,3.84,3.96,4.13,4.34,4.90,4.92
2026-04-24,3.69,3.72,3.71,3.69,3.69,3.71,3.67,3.78,3.80,3.92,4.10,4.31,4.88,4.91
2026-04-27,3.70,3.72,3.72,3.68,3.70,3.72,3.69,3.78,3.83,3.94,4.14,4.35,4.92,4.94
2026-04-28,3.68,3.70,3.72,3.68,3.69,3.72,3.71,3.84,3.86,3.97,4.16,4.36,4.92,4.94
2026-04-29,3.68,3.70,3.72,3.68,3.77,3.73,3.75,3.92,3.94,4.05,4.23,4.42,4.97,4.98
2026-04-30,3.72,3.71,3.71,3.68,3.76,3.71,3.72,3.88,3.91,4.02,4.20,4.40,4.97,4.98
2026-05-01,3.71,3.71,3.70,3.68,3.76,3.71,3.73,3.88,3.91,4.02,4.20,4.39,4.96,4.97
2026-05-04,3.71,3.70,3.70,3.70,3.76,3.76,3.78,3.95,3.98,4.08,4.26,4.45,5.01,5.02
2026-05-05,3.70,3.70,3.70,3.69,3.75,3.75,3.77,3.93,3.97,4.08,4.25,4.43,4.98,4.98
2026-05-06,3.70,3.70,3.69,3.69,3.75,3.74,3.73,3.87,3.89,3.99,4.17,4.36,4.92,4.94
2026-05-07,3.72,3.70,3.69,3.69,3.75,3.74,3.76,3.92,3.94,4.04,4.22,4.41,4.96,4.97
2026-05-08,3.71,3.70,3.68,3.69,3.75,3.74,3.75,3.90,3.92,4.02,4.19,4.38,4.93,4.95
2026-05-11,3.71,3.70,3.69,3.70,3.77,3.77,3.79,3.95,3.96,4.07,4.24,4.42,4.97,4.98
2026-05-12,3.71,3.72,3.69,3.70,3.77,3.77,3.80,4.00,4.01,4.12,4.29,4.46,5.02,5.03
2026-05-13,3.71,3.71,3.70,3.69,3.76,3.77,3.79,3.98,4.00,4.12,4.28,4.46,5.03,5.03
2026-05-14,3.72,3.71,3.70,3.69,3.76,3.76,3.79,4.00,4.04,4.13,4.29,4.47,5.01,5.02
2026-05-15,3.71,3.70,3.69,3.69,3.76,3.77,3.82,4.09,4.14,4.26,4.43,4.59,5.14,5.12
2026-05-18,3.69,3.68,3.68,3.68,3.76,3.77,3.81,4.07,4.14,4.27,4.43,4.61,5.14,5.14
2026-05-19,3.66,3.66,3.66,3.67,3.75,3.77,3.83,4.13,4.20,4.32,4.50,4.67,5.19,5.18
2026-05-20,3.65,3.65,3.65,3.65,3.74,3.75,3.79,4.04,4.11,4.22,4.39,4.57,5.10,5.11
2026-05-21,3.72,3.68,3.69,3.68,3.76,3.78,3.83,4.08,4.13,4.25,4.41,4.57,5.09,5.10
2026-05-22,3.72,3.69,3.69,3.68,3.78,3.79,3.86,4.13,4.18,4.27,4.41,4.56,5.06,5.07
2026-05-26,3.72,3.70,3.69,3.68,3.78,3.80,3.82,4.01,4.10,4.19,4.33,4.50,5.03,5.03
2026-05-27,3.72,3.70,3.69,3.68,3.77,3.79,3.80,4.00,4.09,4.17,4.32,4.48,5.01,5.01
2026-05-28,3.72,3.71,3.71,3.69,3.78,3.79,3.80,3.99,4.07,4.15,4.29,4.45,4.98,4.98
2026-05-29,3.72,3.71,3.71,3.69,3.78,3.78,3.79,3.98,4.06,4.13,4.27,4.45,4.98,4.99
2026-06-01,3.72,3.71,3.73,3.78,3.80,3.79,3.83,4.05,4.09,4.18,4.32,4.47,4.99,4.99
2026-06-02,3.72,3.71,3.73,3.77,3.79,3.78,3.82,4.05,4.09,4.17,4.31,4.46,4.97,4.97
2026-06-03,3.71,3.71,3.72,3.78,3.77,3.78,3.84,4.08,4.14,4.21,4.34,4.49,5.00,4.99
2026-06-04,3.71,3.70,3.70,3.78,3.76,3.78,3.82,4.05,4.10,4.18,4.32,4.47,4.98,4.97
2026-06-05,3.71,3.71,3.71,3.78,3.78,3.81,3.88,4.17,4.22,4.29,4.41,4.55,5.03,5.01
2026-06-08,3.70,3.70,3.71,3.80,3.79,3.83,3.85,4.15,4.21,4.29,4.42,4.56,5.05,5.03
2026-06-09,3.69,3.69,3.71,3.79,3.79,3.82,3.90,4.13,4.16,4.26,4.39,4.53,5.02,5.01
2026-06-10,3.69,3.70,3.72,3.79,3.80,3.82,3.90,4.13,4.17,4.27,4.40,4.55,5.04,5.03
2026-06-11,3.69,3.69,3.70,3.78,3.79,3.81,3.85,4.05,4.09,4.18,4.31,4.45,4.96,4.95
2026-06-12,3.69,3.70,3.70,3.78,3.79,3.82,3.86,4.09,4.12,4.21,4.34,4.48,4.98,4.97
2026-06-15,3.69,3.70,3.71,3.79,3.79,3.81,3.84,4.07,4.10,4.18,4.32,4.47,4.97,4.97
2026-06-16,3.67,3.69,3.71,3.79,3.79,3.81,3.84,4.05,4.08,4.16,4.28,4.43,4.92,4.93
2026-06-17,3.68,3.70,3.74,3.83,3.85,3.91,3.98,4.20,4.23,4.27,4.37,4.49,4.95,4.93
2026-06-18,3.69,3.69,3.74,3.83,3.85,3.92,4.00,4.19,4.19,4.23,4.34,4.46,4.91,4.90
2026-06-22,3.66,3.71,3.77,3.85,3.89,3.98,4.04,4.24,4.25,4.29,4.39,4.51,4.97,4.95
2026-06-23,3.65,3.71,3.76,3.85,3.89,3.96,4.01,4.16,4.22,4.27,4.38,4.50,4.96,4.94
2026-06-24,3.66,3.71,3.76,3.85,3.90,3.95,3.99,4.11,4.15,4.17,4.28,4.41,4.87,4.86
2026-06-25,3.70,3.71,3.75,3.84,3.90,3.95,3.96,4.09,4.13,4.15,4.26,4.40,4.87,4.86
2026-06-26,3.70,3.70,3.75,3.83,3.89,3.94,3.94,4.07,4.09,4.12,4.23,4.38,4.87,4.87
2026-06-29,3.71,3.71,3.76,3.87,3.92,4.00,3.97,4.10,4.10,4.14,4.24,4.38,4.86,4.86
2026-06-30,3.70,3.74,3.77,3.87,3.92,4.01,3.98,4.14,4.15,4.19,4.30,4.44,4.93,4.91
2026-07-01,3.67,3.71,3.72,3.85,3.95,4.00,4.00,4.17,4.19,4.24,4.35,4.48,4.97,4.97
2026-07-02,3.70,3.73,3.81,3.82,3.91,3.98,3.96,4.14,4.16,4.23,4.35,4.49,4.99,4.98
2026-07-06,3.69,3.75,3.81,3.87,3.93,3.98,3.95,4.13,4.14,4.21,4.33,4.48,4.99,4.99
2026-07-07,3.69,3.74,3.82,3.86,3.94,3.99,4.06,4.19,4.18,4.27,4.40,4.55,5.05,5.05
2026-07-08,3.67,3.74,3.82,3.87,3.94,3.99,4.06,4.21,4.21,4.31,4.43,4.56,5.07,5.06
2026-07-09,3.72,3.72,3.79,3.83,3.91,3.96,4.02,4.16,4.18,4.27,4.40,4.54,5.06,5.05
2026-07-10,3.71,3.74,3.81,3.85,3.94,3.99,4.06,4.21,4.22,4.30,4.42,4.56,5.08,5.06
2026-07-13,3.73,3.76,3.82,3.89,3.97,4.03,4.12,4.26,4.30,4.37,4.48,4.62,5.11,5.10
2026-07-14,3.73,3.75,3.82,3.84,3.91,3.95,4.02,4.18,4.23,4.31,4.44,4.58,5.09,5.08
2026-07-15,3.73,3.76,3.82,3.83,3.89,3.93,3.97,4.13,4.18,4.26,4.39,4.55,5.07,5.08
2026-07-16,3.76,3.75,3.81,3.84,3.90,3.94,3.99,4.16,4.20,4.28,4.41,4.57,5.09,5.09
2026-07-17,3.73,3.75,3.80,3.85,3.91,3.96,4.01,4.18,4.21,4.28,4.40,4.55,5.07,5.06
2026-07-20,3.72,3.76,3.81,3.86,3.93,4.00,4.03,4.21,4.25,4.33,4.45,4.60,5.12,5.11
2026-07-21,3.75,3.81,3.81,3.87,3.96,4.02,4.08,4.26,4.31,4.37,4.50,4.63,5.14,5.13
2026-07-22,3.76,3.82,3.82,3.89,4.00,4.05,4.11,4.31,4.34,4.41,4.53,4.67,5.17,5.15
2026-07-23,3.82,3.90,3.95,3.95,4.04,4.09,4.15,4.37,4.40,4.46,4.58,4.71,5.20,5.17
2026-07-24,3.80,3.88,3.95,3.96,4.04,4.08,4.14,4.33,4.36,4.43,4.55,4.69,5.18,5.16
2026-07-27,3.80,3.89,3.95,3.96,4.05,4.10,4.14,4.31,4.35,4.40,4.52,4.65,5.15,5.12
2026-07-28,3.76,3.86,3.90,3.90,4.02,4.07,4.09,4.26,4.31,4.35,4.47,4.61,5.11,5.09
2026-07-29,3.73,3.80,3.83,3.83,3.91,3.97,4.04,4.22,4.29,4.37,4.51,4.67,5.21,5.20
2026-07-30,3.79,3.80,3.84,3.82,3.92,3.98,4.04,4.23,4.30,4.38,4.52,4.68,5.22,5.21
2026-07-31,3.78,3.80,3.85,3.83,3.92,3.98,4.08,4.28,4.34,4.45,4.59,4.75,5.28,5.27
2026-08-03,3.79,3.82,3.87,3.91,3.94,4.02,4.07,4.25,4.32,4.40,4.54,4.70,5.23,5.23
2026-08-04,3.78,3.80,3.85,3.89,3.91,4.00,4.04,4.20,4.25,4.33,4.47,4.63,5.18,5.18
2026-08-05,3.77,3.79,3.84,3.89,3.91,3.98,4.03,4.18,4.24,4.33,4.47,4.63,5.18,5.17
2026-08-06,3.80,3.80,3.84,3.90,3.92,3.99,4.06,4.25,4.31,4.40,4.53,4.69,5.22,5.22
2026-08-07,3.79,3.79,3.83,3.87,3.89,3.96,4.01,4.19,4.25,4.35,4.49,4.65,5.20,5.19
2026-08-10,3.79,3.80,3.84,3.89,3.91,4.00,4.04,4.25,4.31,4.41,4.56,4.72,5.25,5.25
2026-08-11,3.79,3.82,3.83,3.89,3.90,3.99,4.03,4.22,4.27,4.39,4.54,4.70,5.25,5.24
2026-08-12,3.78,3.79,3.80,3.87,3.89,3.97,4.00,4.20,4.25,4.38,4.52,4.68,5.24,5.24
2026-08-13,3.79,3.79,3.81,3.87,3.88,3.94,3.97,4.15,4.20,4.32,4.47,4.63,5.20,5.21
2026-08-14,3.79,3.80,3.81,3.86,3.88,3.95,3.98,4.17,4.24,4.36,4.51,4.68,5.25,5.25
2026-08-17,3.79,3.80,3.82,3.87,3.89,3.95,4.00,4.19,4.25,4.38,4.54,4.72,5.30,5.31
2026-08-18,3.78,3.78,3.82,3.86,3.88,3.94,3.99,4.19,4.26,4.37,4.53,4.71,5.28,5.28
2026-08-19,3.77,3.77,3.81,3.86,3.88,3.94,4.00,4.19,4.25,4.35,4.48,4.65,5.17,5.19
2026-08-20,3.80,3.77,3.79,3.87,3.88,3.94,3.99,4.19,4.26,4.39,4.53,4.69,5.20,5.23
2026-08-21,3.80,3.77,3.80,3.88,3.90,3.95,4.03,4.24,4.31,4.43,4.57,4.74,5.25,5.27
2026-08-24,3.79,3.78,3.80,3.87,3.90,3.96,4.04,4.24,4.31,4.41,4.55,4.70,5.21,5.23
2026-08-25,3.79,3.78,3.80,3.86,3.89,3.95,4.01,4.17,4.25,4.35,4.48,4.64,5.16,5.17
2026-08-26,3.80,3.78,3.80,3.85,3.88,3.94,4.02,4.19,4.29,4.37,4.51,4.66,5.17,5.18
2026-08-27,3.81,3.79,3.81,3.84,3.88,3.94,4.04,4.20,4.30,4.38,4.52,4.67,5.18,5.19
2026-08-28,3.84,3.83,3.86,3.90,3.94,4.02,4.15,4.34,4.41,4.48,4.59,4.73,5.21,5.22
2026-08-31,3.85,3.86,3.88,3.91,3.96,3.99,4.16,4.34,4.40,4.49,4.62,4.75,5.24,5.25
2026-09-01,3.85,3.88,3.89,3.92,3.97,4.00,4.18,4.39,4.46,4.55,4.66,4.79,5.27,5.27
2026-09-02,3.83,3.87,3.89,3.92,4.02,4.00,4.16,4.39,4.45,4.54,4.66,4.79,5.27,5.27
2026-09-03,3.83,3.82,3.91,3.89,3.99,3.95,4.11,4.34,4.41,4.52,4.63,4.77,5.25,5.25
2026-09-04,3.79,3.83,3.90,3.91,4.00,3.98,4.13,4.37,4.45,4.54,4.65,4.78,5.25,5.24
2026-09-08,3.81,3.88,3.91,3.94,4.02,4.00,4.15,4.39,4.44,4.57,4.68,4.80,5.26,5.25
2026-09-09,3.81,3.88,3.93,3.95,4.06,4.01,4.17,4.43,4.49,4.61,4.71,4.83,5.28,5.28
2026-09-10,3.91,3.93,4.01,4.00,4.11,4.07,4.28,4.56,4.63,4.75,4.84,4.95,5.39,5.37
2026-09-11,3.93,3.99,4.05,4.07,4.15,4.12,4.35,4.63,4.69,4.78,4.87,4.96,5.38,5.35
2026-09-14,3.94,4.00,4.06,4.11,4.18,4.18,4.37,4.65,4.73,4.80,4.88,4.97,5.37,5.34
2026-09-15,3.93,4.00,4.06,4.11,4.19,4.17,4.39,4.67,4.76,4.83,4.91,5.00,5.40,5.36
2026-09-16,3.96,4.00,4.07,4.14,4.24,4.22,4.45,4.74,4.82,4.86,4.94,5.01,5.39,5.35
2026-09-17,3.97,3.98,4.09,4.12,4.23,4.20,4.40,4.67,4.75,4.78,4.86,4.94,5.32,5.29
2026-09-18,3.97,3.98,4.10,4.14,4.24,4.24,4.44,4.76,4.83,4.86,4.93,5.01,5.38,5.34
2026-09-21,3.96,4.02,4.10,4.17,4.26,4.27,4.45,4.76,4.82,4.83,4.89,4.96,5.33,5.29
2026-09-22,3.97,4.04,4.09,4.16,4.26,4.26,4.43,4.71,4.81,4.83,4.89,4.96,5.33,5.29
2026-09-23,3.99,4.07,4.10,4.19,4.30,4.31,4.49,4.85,4.97,4.99,5.05,5.11,5.45,5.40
2026-09-24,4.01,4.10,4.18,4.24,4.33,4.34,4.51,4.87,4.99,5.03,5.10,5.18,5.53,5.47
2026-09-25,4.04,4.14,4.20,4.24,4.32,4.33,4.50,4.81,4.94,4.98,5.06,5.17,5.54,5.49
2026-09-28,4.04,4.14,4.20,4.28,4.33,4.41,4.59,4.92,5.01,5.06,5.15,5.24,5.60,5.56
2026-09-29,4.04,4.14,4.18,4.25,4.30,4.36,4.58,4.89,4.98,5.06,5.16,5.26,5.64,5.59
2026-09-30,4.02,4.13,4.16,4.20,4.29,4.33,4.54,4.88,5.00,5.09,5.19,5.29,5.68,5.64
2026-10-01,4.06,4.10,4.13,4.17,4.26,4.27,4.44,4.78,4.91,5.01,5.12,5.24,5.64,5.61
2026-10-02,4.04,4.09,4.11,4.19,4.26,4.27,4.46,4.83,4.96,5.06,5.17,5.28,5.67,5.63
